Center,Group: Group Name,Status,Group Code,Active Students,Start Date,Start Week,End Week,First Session Start Date,Last Session Start Date,Group Type,Program,Time Session,Column 1,Level Program
Sby Purimas,HF D new new  (T1-2550/T2-2607) END 2617,Activated,HFV2D-2-160-A-170226-146-S7MS5,7,17/02/2026,2550,2617,17/02/2026,28/04/2026,Classroom,High Flyers 2.0,14:30,14:32,D
Sby Purimas,HF H (T1-2607/T2-2616) END 2624,Activated,HFV2H-2-160-A-110226-104-S18MS957,10,11/02/2026,2607,2624,11/02/2026,24/06/2026,Classroom,High Flyers 2.0,13:20,13:24,H
Sby Purimas,TB 2 (T1-2607/ T2-2617) END 2625,Activated,TBV32-2-160-A-100226-119-S1MS24,15,10/02/2026,2607,2625,10/02/2026,23/06/2026,Classroom,Trailblazers 3.0,14:40,14:43,2
Sby Purimas,TB 5 (T1 2607/T2 2616 END 2625),Activated,TBV35-2-160-A-100226-105-S7MS610,8,10/02/2026,2607,2625,10/02/2026,23/06/2026,Classroom,Trailblazers 3.0,17:30,17:33,5
Sby Purimas,TB 3 New  (T1 2547/ T2 2605) END 2614,Activated,TBV33-2-160-A-040226-129-S41MS79,13,04/02/2026,2547,2614,04/02/2026,08/04/2026,Classroom,Trailblazers 3.0,17:50,17:54,3
Sby Purimas,SS 4 (T1-2607/T2-2624) END 2639,Activated,SSV34-2-120-A-110226-134-S13MS593,12,11/02/2026,2607,2639,11/02/2026,02/10/2026,Classroom,Small Stars 3.0,10:50,10:51,4
Sby Purimas,TB 4 (T1-2606 / T2-2616) END 2624,Activated,TBV34-2-160-A-030226-127-S36MS400,13,03/02/2026,2606,2624,03/02/2026,16/06/2026,Classroom,Trailblazers 3.0,16:50,16:47,4
Sby Purimas,FR 3 (T1 2605 / T2 2614) END 2622,Activated,FRV23-2-160-A-280126-12-S0MS604,7,28/01/2026,2605,2622,28/01/2026,10/06/2026,Classroom,Frontrunner 2.0,18:10,18:14,3
Sby Purimas,FR 6 (T1-2605 / T2-2615) END 2623,Activated,FRV26-2-160-A-270126-05-S4MS45,5,27/01/2026,2605,2622,27/01/2026,09/06/2026,Classroom,Frontrunner 2.0,11:00,11:02,6
Sby Purimas,FR 10 New (T1 2605/T2 2614 END 2623),Activated,FRV210-2-160-A-280126-03-S57MS866,12,28/01/2026,2605,2623,28/01/2026,10/06/2026,Classroom,Frontrunner 2.0,16:30,16:32,10
Sby Purimas,TB 6 (T1-2545/T2-2603) END 2611,Activated,TBV36-2-160-A-220126-99-S18MS592,9,22/01/2026,2545,2611,22/01/2026,12/03/2026,Classroom,Trailblazers 3.0,10:50,10:47,6
Sby Purimas,HF E (T1-2607/T2-2616) END 2624,Activated,HFV2E-2-160-A-110226-146-S2MS639,6,11/02/2026,2607,1624,11/02/2026,24/06/2026,Classroom,High Flyers 2.0,18:10,18:09,E
Sby Purimas,SS 1 (T1-2605/T2-2621) END 2636,Activated,SSV31-2-120-A-270126-47-S37MS943,6,27/01/2026,2605,2636,27/01/2026,17/09/2026,Classroom,Small Stars 3.0,13:00,12:58,1
Sby Purimas,NEW SS 4 (T1 2541 / T2-2606) END 2621,Activated,SSV34-2-120-A-270126-133-S9MS966,8,27/01/2026,2541,2621,27/01/2026,04/06/2026,Classroom,Small Stars 3.0,15:20,15:22,4
Sby Purimas,NEW TB 5 (T1-2551/T2-2609) END 2618,Activated,TBV35-2-160-A-210126-104-S11MS773,12,21/01/2026,2551,2618,21/01/2026,06/05/2026,Classroom,Trailblazers 3.0,19:10,19:06,5
Sby Purimas,TB 8 (T1-2604/T2-2616) END 2627,Activated,TBV38-1-120-A-240126-23-S6MS437,9,24/01/2026,2604,2627,24/01/2026,18/07/2026,Classroom,Trailblazers 3.0,12:40,12:42,8
Sby Purimas,HF D (T1 2604 / T2613) END 2621,Activated,HFV2D-2-160-A-200126-144-S10MS573,10,20/01/2026,2604,2617,20/01/2026,02/06/2026,Classroom,High Flyers 2.0,12:00,11:56,D
Sby Purimas,TB 4 New (T1 2604 / T2 2613 END 2622),Activated,TBV34-2-160-A-200126-126-S25MS55,10,20/01/2026,2604,2622,20/01/2026,02/06/2026,Classroom,Trailblazers 3.0,16:40,16:41,4
Sby Purimas,TB 2 New ( T1 2604/ T2 2613 END 2622),Activated,TBV32-2-160-A-200126-118-S11MS278,8,20/01/2026,2604,2622,20/01/2026,02/06/2026,Classroom,Trailblazers 3.0,11:20,11:23,2
Sby Purimas,FR 11 (T1 2604/ T2 2616 END 2627),Activated,FRV211-1-120-A-240126-01-S15MS365,8,24/01/2026,2604,2628,24/01/2026,18/07/2026,Classroom,Frontrunner 2.0,16:50,16:46,11
Sby Purimas,TB 1 (T1-2541/T2-2602) END 2614,Activated,TBV31-1-120-A-170126-18-S8MS324,7,17/01/2026,2541,2614,17/01/2026,04/04/2026,Classroom,Trailblazers 3.0,13:40,13:38,1
Sby Purimas,NEW HF C (T1-2551/T2-2609) END 2617,Activated,HFV2C-2-160-A-210126-135-S59MS473,11,21/01/2026,2551,2617,21/01/2026,06/05/2026,Classroom,High Flyers 2.0,10:50,10:45,C
Sby Purimas,SS 4 New (SS 4 (T1 2536/ T2 2552 ) END 2617),Activated,SSV34-2-120-A-200126-132-S49MS105,10,20/01/2026,2536,2617,20/01/2026,28/04/2026,Classroom,Small Stars 3.0,15:20,15:21,4
Sby Purimas,HF F SAT (T1 2603/T2 2615) END 2626,Activated,HFV2F-1-120-A-170126-30-S2MS762,6,17/01/2026,2603,2626,17/01/2026,11/07/2026,Classroom,High Flyers 2.0,17:50,17:49,F
Sby Purimas,TB 2 (T1 2552 / T2 2609) END 2619,Activated,TBV32-2-160-A-140126-117-S20MS263,11,14/01/2026,2552,2619,14/01/2026,13/05/2026,Classroom,Trailblazers 3.0,13:50,13:47,2
Sby Purimas,SS 3 (T1-2548 / T2-2613) END 2628,Activated,SSV33-2-120-A-130126-95-S58MS200,12,13/01/2026,2548,2628,13/01/2026,23/07/2026,Classroom,Small Stars 3.0,11:40,11:43,3
Sby Purimas,FR 9 (T1-2604/ T2-2614) END 2622,Activated,FRV29-2-160-A-200126-06-S15MS188,13,20/01/2026,2604,2622,20/01/2026,02/06/2026,Classroom,Frontrunner 2.0,19:50,19:51,9
Sby Purimas,HF D (T1 2603/ T2 2612) END 2620,Activated,HFV2D-2-160-A-140126-143-S34MS778,12,14/01/2026,2603,2602,14/01/2026,27/05/2026,Classroom,High Flyers 2.0,11:50,11:54,D
Sby Purimas,TB 8 (T1-2603 / T2-2612) END 2620,Activated,TBV38-2-160-A-140126-117-S39MS731,9,14/01/2026,2603,2619,14/01/2026,27/05/2026,Classroom,Trailblazers 3.0,17:40,17:40,8
Sby Purimas,HF I (T1-2602/T2-2611) END 2619,Activated,HFV2I-2-160-A-070126-79-S26MS269,15,07/01/2026,2602,2619,07/01/2026,20/05/2026,Classroom,High Flyers 2.0,19:50,19:50,I
Sby Purimas,TB 6 (T1-2602 / T2-2611) END 2620,Activated,TBV36-2-160-A-070126-98-S55MS780,8,07/01/2026,2602,2620,07/01/2026,20/05/2026,Classroom,Trailblazers 3.0,19:10,19:13,6
Sby Purimas,TB 4 (T1-2552 / T2-2614) END 2625,Activated,TBV34-1-120-A-030126-31-S57MS942,10,03/01/2026,2552,2625,03/01/2026,27/06/2026,Classroom,Trailblazers 3.0,15:00,15:03,4
Sby Purimas,TB 4 (T1-2552/ T2-2609) END 2619,Activated,TBV34-2-160-A-231225-125-S16MS256,6,23/12/2025,,2619,23/12/2025,12/05/2026,Classroom,Trailblazers 3.0,15:10,15:07,4
Sby Purimas,HF H (T1-2552 / T2-2609 END 2619,Activated,HFV2H-2-160-A-231225-103-S21MS857,9,23/12/2025,2552,2619,23/12/2025,12/05/2026,Classroom,High Flyers 2.0,19:00,18:57,H
Sby Purimas,TB 2 (T1-2550 / T2-2611) END 2622,Activated,TBV32-1-120-A-131225-34-S45MS248,11,13/12/2025,2550,2622,13/12/2025,13/06/2026,Classroom,Trailblazers 3.0,18:20,18:16,2
Sby Purimas,SS 2 (T1 2550/ T2 2615 ) END 2630,Activated,SSV32-2-120-A-101225-89-S17MS96,6,10/12/2025,2550,2630,10/12/2025,07/08/2026,Classroom,Small Stars 3.0,14:40,14:41,2
Sby Purimas,HF H (T1-2549/T2-2610) END 2621,Activated,HFV2H-1-120-A-061225-16-S53MS776,9,06/12/2025,2549,2621,06/12/2025,06/06/2026,Classroom,High Flyers 2.0,18:10,18:14,H
Sby Purimas,FR 15 (T1 2549 / T2 2607) END 2616,Activated,FRV115-2-160-A-031225-12-S43MS880,5,03/12/2025,2549,2616,03/12/2025,22/04/2026,Classroom,Frontrunner 1.0,10:30,10:30,15
Sby Purimas,FR 7 (T1-2549 / T2-2607) END 2617,Activated,FRV27-2-160-A-021225-04-S32MS567,4,02/12/2025,2548,2617,02/12/2025,21/04/2026,Classroom,Frontrunner 2.0,13:30,13:34,7
Sby Purimas,TB 5  (T1-2548 / T2-2609) END 2620,Activated,TBV35-1-120-A-291125-49-S15MS327,7,29/11/2025,2548,2620,29/11/2025,30/05/2026,Classroom,Trailblazers 3.0,15:50,15:54,5
Sby Purimas,HF J (T1-2548 / T2-2606) END 2614,Activated,HFV2J-2-160-A-261125-80-S16MS472,6,26/11/2025,2548,2614,26/11/2025,15/04/2026,Classroom,High Flyers 2.0,14:40,14:40,J
Sby Purimas,SS 3 (T1-2547/T2-2612) END 2627,Activated,SSV33-2-120-A-221125-93-S28MS107,8,22/11/2025,2547,2527,22/11/2025,18/07/2026,Classroom,Small Stars 3.0,11:40,11:36,3
Sby Purimas,FR 12 (T1-2548/T2-2606) END 2615,Activated,FRV212-2-160-A-251125-03-S34MS702,5,25/11/2025,2548,2615,25/11/2025,14/04/2026,Classroom,Frontrunner 2.0,10:50,10:46,12
Sby Purimas,FR 11 (T1-2547/T2-2605) END 2614,Activated,FRV211-2-160-A-191125-04-S5MS709,5,19/11/2025,2547,2614,19/11/2025,03/04/2026,Classroom,Frontrunner 2.0,17:50,17:48,11
Sby Purimas,SS 1 (T1 2539 / T2 2604) END 2619,Activated,SSV31-2-120-A-240925-44-S17MS532,7,24/09/2025,2539,2619,24/09/2025,20/05/2026,Classroom,Small Stars 3.0,13:10,13:14,1
Sby Purimas,SS 1 (T1 2545 / T2 2610) END 2625,Activated,SSV31-2-120-A-081125-46-S17MS658,6,08/11/2025,2545,2625,08/11/2025,04/07/2026,Classroom,Small Stars 3.0,16:00,16:00,1
Sby Purimas,SS 4 (T1-2533/T2-2549) END 2614,Activated,SSV34-2-120-A-120825-128-S10MS709,8,12/08/2025,2533,2614,12/08/2025,07/04/2026,Classroom,Small Stars 3.0,10:10,10:09,4
Sby Purimas,SS 1 (T1 2546 / T2 2611) END 2626,Activated,SSV31-2-120-A-121125-43-S53MS377,9,12/11/2025,2546,2626,12/11/2025,10/07/2026,Classroom,Small Stars 3.0,15:10,15:11,1
Sby Purimas,HF F (T1-2546/T2-2604) END 2613,Activated,HFV2F-2-160-A-121125-147-S8MS286,8,12/11/2025,2546,2613,12/11/2025,27/03/2026,Classroom,High Flyers 2.0,12:20,12:22,F
Sby Purimas,HF E (T1-2545 / T2-2606) END 2618,Activated,HFV2E-1-120-A-081125-29-S21MS469,10,08/11/2025,2545,2618,08/11/2025,09/05/2026,Classroom,High Flyers 2.0,18:50,18:47,E
Sby Purimas,HF C (T1-2548 / T2-2609) END 2620,Activated,HFV2C-1-120-A-291125-35-S9MS49,16,29/11/2025,2548,2620,29/11/2025,30/05/2026,Classroom,High Flyers 2.0,14:30,14:29,C
Sby Purimas,SS 2 (T1 2538/ T2 2603) END 2619,Activated,SSV32-2-120-A-170925-88-S40MS941,9,17/09/2025,2538,2619,17/09/2025,13/05/2026,Classroom,Small Stars 3.0,13:30,13:29,2
Sby Purimas,SS 2 (T1 2550/ T2 2616) END 2631,Activated,SSV32-2-120-A-101225-87-S9MS299,7,10/12/2025,2550,2631,10/12/2025,07/08/2026,Classroom,Small Stars 3.0,12:30,12:32,2
Sby Purimas,TB 7 (T1-2612/T2-2621) END 2630,Activated,TBV37-2-160-A-170326-84-S30MS997,8,17/03/2026,2612,2630,17/03/2026,28/07/2026,Classroom,Trailblazers 3.0,17:20,17:19,7
Sby Purimas,HF G New (T1 2551/T2 2608) END 2618,Activated,HFV2G-2-160-A-100326-127-S5MS708,6,10/03/2026,2551,2618,10/03/2026,05/05/2026,Classroom,High Flyers 2.0,11:10,11:13,G
Sby Purimas,SS 4 (T1 2611 / T2 2628) END 2644,Activated,SSV34-2-120-A-140326-135-S14MS706,11,14/03/2026,2611,2642,14/03/2026,31/10/2026,Classroom,Small Stars 3.0,14:30,14:32,4
Sby Purimas,HF D (T1-2611 / T2-2620) END 2628,Activated,HFV2D-2-160-A-100326-147-S28MS246,8,10/03/2026,2611,2628,10/03/2026,21/07/2026,Classroom,High Flyers 2.0,18:40,18:38,D
Sby Purimas,HF F New (T1 2610/ T2 2619 END 2628),Activated,HFV2F-2-160-A-030326-149-S30MS538,15,03/03/2026,2610,2628,03/03/2026,14/07/2026,Classroom,High Flyers 2.0,15:40,15:42,F
Sby Purimas,HF C (T1-2610 / T2-2622) END 2633,Activated,HFV2C-1-120-A-070326-01-S45MS501,16,07/03/2026,2610,2633,07/03/2026,29/08/2026,Classroom,High Flyers 2.0,13:20,13:18,C
Sby Purimas,HF F New (T1 2610/T2 2619 END 2628),Activated,HFV2F-2-160-A-030326-148-S44MS33,11,03/03/2026,2610,2628,03/03/2026,14/07/2026,Classroom,High Flyers 2.0,19:30,19:27,F
Sby Purimas,HF I (T1-2610/T2-2620) END 2628,Activated,HFV2I-2-160-A-030326-80-S13MS80,5,03/03/2026,2610,2628,03/03/2026,14/07/2026,Classroom,High Flyers 2.0,19:00,18:59,I
Sby Purimas,TB 6 (T1-2609 / T2- 2621) END 2632,Activated,TBV36-1-120-A-280226-24-S8MS436,9,28/02/2026,2609,2632,28/02/2026,22/08/2026,Classroom,Trailblazers 3.0,12:50,12:47,6
Sby Purimas,TB 7 (T1-2609/ T2-2622) END 2633,Activated,TBV37-1-120-A-280226-32-S56MS916,10,28/02/2026,2609,2632,28/02/2026,22/08/2026,Classroom,Trailblazers 3.0,12:10,12:11,7
Sby Purimas,HF E New (T1 2609/T2 2620 END 2632),Activated,HFV2E-1-120-A-280226-31-S35MS892,12,28/02/2026,2609,2632,28/02/2026,22/08/2026,Classroom,High Flyers 2.0,13:10,13:10,E
Sby Purimas,HF H (T1-2608 / T2-2620) END 2631,Activated,HFV2H-1-120-A-210226-17-S31MS529,6,21/02/2026,2608,2631,21/02/2026,15/08/2026,Classroom,High Flyers 2.0,14:30,14:34,H
Sby Purimas,TB 2 New (T1 2608/T2 2620 END 2631),Activated,TBV32-1-120-A-210226-35-S0MS83,13,21/02/2026,2608,2631,21/02/2026,15/08/2026,Classroom,Trailblazers 3.0,19:30,19:25,2
Sby Purimas,HF G New (T1 2608/T2 2620 END 2631),Activated,HFV2G-1-120-A-210226-21-S45MS503,11,21/02/2026,2608,2631,21/02/2026,15/08/2026,Classroom,High Flyers 2.0,16:00,16:03,G
Lombok,TG 5A-2545 / 5B-2606,Activated,TBV35-1-120-A-081125-45-S0MS275,10,08/11/2025,2545,2618,08/11/2025,02/05/2026,Classroom,Trailblazers 3.0,19:50,19:54,5
Lombok,TG 6A-2545 / 6B-2603,Activated,TBV36-2-160-A-041125-100-S1MS429,13,04/11/2025,2545,2611,04/11/2025,12/03/2026,Classroom,Trailblazers 3.0,19:20,19:23,6
Lombok,FG 9A-2545 / 9B-2603,Activated,FRV29-2-160-A-051125-04-S53MS778,8,05/11/2025,2545,2611,05/11/2025,13/03/2026,Classroom,Frontrunner 2.0,11:40,11:37,9
Lombok,SG 4A-2541 / 4B-2606,Activated,SSV34-2-120-A-081025-133-S9MS711,10,08/10/2025,2541,2623,08/10/2025,05/06/2026,Classroom,Small Stars 3.0,19:00,18:57,4
Lombok,HG D1-2546 / D2-2604 A,Activated,HFV2D-2-160-A-121125-136-S34MS258,11,12/11/2025,2546,2611,12/11/2025,27/03/2026,Classroom,High Flyers 2.0,12:00,11:55,D
Lombok,FG 2A-2547 / 2B-2605,Activated,FRV22-2-160-A-191125-05-S13MS284,14,19/11/2025,2547,2614,19/11/2025,03/04/2026,Classroom,Frontrunner 2.0,10:20,10:19,2
Lombok,TG 5A-2546 / 5B-2604 B,Activated,TBV35-2-160-A-121125-105-S26MS184,11,12/11/2025,2546,2613,12/11/2025,27/03/2026,Classroom,Trailblazers 3.0,10:40,10:44,5
Lombok,FG 10A-2612 / 10B-2622,Activated,FRV210-2-160-A-180326-03-S25MS903,6,18/03/2026,2612,2630,18/03/2026,31/07/2026,Classroom,Frontrunner 2.0,12:40,12:41,10
Lombok,TG 7A-2612 / 7B-2622,Activated,TBV37-2-160-A-170326-87-S20MS219,8,17/03/2026,2612,2629,17/03/2026,23/07/2026,Classroom,Trailblazers 3.0,16:20,16:19,7
Lombok,HG G1-2612 / G2-2622,Activated,HFV2G-2-160-A-170326-123-S3MS671,7,17/03/2026,2612,2629,17/03/2026,23/07/2026,Classroom,High Flyers 2.0,12:50,12:52,G
Lombok,FG 4A-2610 / 4B-2620,Activated,FRV24-2-160-A-040326-09-S43MS403,8,04/03/2026,2610,2629,04/03/2026,17/07/2026,Classroom,Frontrunner 2.0,16:50,16:46,4
Lombok,TG 5A-2610 / 5B-2620,Activated,TBV35-2-160-A-040326-108-S24MS720,8,04/03/2026,2610,2629,04/03/2026,17/07/2026,Classroom,Trailblazers 3.0,11:30,11:29,5
Lombok,HG I1-2610 / I2-2620,Activated,HFV2I-2-160-A-030326-77-S53MS189,8,03/03/2026,2610,2628,03/03/2026,09/07/2026,Classroom,High Flyers 2.0,13:30,13:25,I
Lombok,HG E1-2609 / E2-2619,Activated,HFV2E-2-160-A-240226-145-S18MS580,8,24/02/2026,2609,2627,24/02/2026,02/07/2026,Classroom,High Flyers 2.0,13:20,13:20,E
Lombok,HG H1-2608 / H2-2618,Activated,HFV2H-2-160-A-170226-100-S35MS115,9,17/02/2026,2608,2627,17/02/2026,02/07/2026,Classroom,High Flyers 2.0,13:40,13:40,H
Lombok,TG 5A-2607 / 5B-2620,Activated,TBV35-1-120-A-140226-46-S10MS591,11,14/02/2026,2607,2631,14/02/2026,01/08/2026,Classroom,Trailblazers 3.0,16:50,16:50,5
Lombok,TG 8A-2607 / 8B-2620,Activated,TBV38-1-120-A-140226-33-S15MS462,7,14/02/2026,2607,2631,14/02/2026,01/08/2026,Classroom,Trailblazers 3.0,10:30,10:32,8
Lombok,HG J1-2607 / J2-2617,Activated,HFV2J-2-160-A-110226-80-S58MS496,6,11/02/2026,2607,2626,11/02/2026,26/06/2026,Classroom,High Flyers 2.0,11:40,11:39,J
Lombok,TG 4A-2607 / 4B-2617,Activated,TBV34-2-160-A-100226-130-S34MS579,8,10/02/2026,2607,2626,10/02/2026,25/06/2026,Classroom,Trailblazers 3.0,18:40,18:44,4
Lombok,HG D1-2610 / D2-2620,Activated,HFV2D-2-160-A-040326-145-S56MS296,13,04/03/2026,2610,2629,04/03/2026,17/07/2026,Classroom,High Flyers 2.0,13:00,13:01,D
Lombok,SG 1A-2608 / 1B-2626,Activated,SSV31-2-120-A-170226-55-S26MS537,4,17/02/2026,2608,2641,17/02/2026,08/10/2026,Classroom,Small Stars 3.0,14:40,14:39,1
Lombok,SG 2A-2612 / 2B-2630,Activated,SSV32-2-120-A-180326-94-S12MS632,10,18/03/2026,2612,2645,18/03/2026,06/11/2026,Classroom,Small Stars 3.0,10:50,10:53,2
Lombok,HG C1-2608 / C2-2618,Activated,HFV2C-2-160-A-180226-120-S7MS76,12,18/02/2026,2608,2627,18/02/2026,03/07/2026,Classroom,High Flyers 2.0,16:10,16:06,C
Lombok,TG 7A-2606 / 7B-2619,Activated,TBV37-1-120-A-070226-30-S22MS300,9,07/02/2026,2606,2630,07/02/2026,25/07/2026,Classroom,Trailblazers 3.0,18:20,18:16,7
Lombok,HG H1-2606 / H2-2619,Activated,HFV2H-1-120-A-070226-19-S1MS802,11,07/02/2026,2606,2630,07/02/2026,25/07/2026,Classroom,High Flyers 2.0,11:30,11:32,H
Lombok,HG I1-2606 / I2-2619,Activated,HFV2I-1-120-A-070226-13-S28MS162,8,07/02/2026,2606,2630,07/02/2026,25/07/2026,Classroom,High Flyers 2.0,19:00,18:58,I
Lombok,HG D1-2606 / D2-2619,Activated,HFV2D-1-120-A-070226-39-S24MS884,14,07/02/2026,2606,2630,07/02/2026,25/07/2026,Classroom,High Flyers 2.0,17:30,17:33,D
Lombok,HG F1-2606 / F2-2619,Activated,HFV2F-1-120-A-070226-33-S38MS211,10,07/02/2026,2606,2630,07/02/2026,25/07/2026,Classroom,High Flyers 2.0,11:30,11:27,F
Lombok,HG D1-2605 / D2-2615,Activated,HFV2D-2-160-A-270126-144-S52MS749,11,27/01/2026,2605,2624,27/01/2026,04/06/2026,Classroom,High Flyers 2.0,14:30,14:30,D
Lombok,HG E1-2605 / E2-2618,Activated,HFV2E-1-120-A-310126-36-S26MS180,14,31/01/2026,2605,2629,31/01/2026,18/07/2026,Classroom,High Flyers 2.0,12:20,12:19,E
Lombok,FG 5A-2605 / 5B-2615,Activated,FRV25-2-160-A-280126-07-S5MS900,10,28/01/2026,2605,2624,28/01/2026,12/06/2026,Classroom,Frontrunner 2.0,15:00,15:00,5
Lombok,HG G1-2605 / G2-2615,Activated,HFV2G-2-160-A-280126-122-S16MS400,7,28/01/2026,2605,2624,28/01/2026,12/06/2026,Classroom,High Flyers 2.0,10:50,10:50,G
Lombok,SG 3A-2604 / 3B-2621,Activated,SSV33-2-120-A-200126-103-S21MS384,9,20/01/2026,2604,2637,20/01/2026,10/09/2026,Classroom,Small Stars 3.0,15:30,15:25,3
Lombok,TG 5A-2606 / 5B-2616,Activated,TBV35-2-160-A-030226-107-S18MS747,9,03/02/2026,2606,2624,03/02/2026,11/06/2026,Classroom,Trailblazers 3.0,12:20,12:19,5
Lombok,TG 3A-2604 / 3B-2616,Activated,TBV33-1-120-A-240126-40-S48MS921,11,24/01/2026,2604,2617,24/01/2026,11/07/2026,Classroom,Trailblazers 3.0,19:50,19:52,3
Lombok,HG F1-2604 / F2-2614,Activated,HFV2F-2-160-A-200126-151-S23MS504,9,20/01/2026,2604,2622,20/01/2026,28/05/2026,Classroom,High Flyers 2.0,19:20,19:22,F
Lombok,SG 4A-2608 / 4B-2626,Activated,SSV34-2-120-A-180226-137-S27MS566,10,18/02/2026,2608,2641,18/02/2026,09/10/2026,Classroom,Small Stars 3.0,11:00,10:57,4
Lombok,TG 2A-2609 / 2B-2619,Activated,TBV32-2-160-A-250226-91-S44MS921,10,25/02/2026,2609,2628,25/02/2026,10/07/2026,Classroom,Trailblazers 3.0,15:50,15:49,2
Lombok,FG 3A-2604 / 3B-2614,Activated,FRV23-2-160-A-200126-08-S22MS575,14,20/01/2026,2604,2622,20/01/2026,28/05/2026,Classroom,Frontrunner 2.0,13:50,13:45,3
Lombok,SG 2A-2604 / 2B-2621,Activated,SSV32-2-120-A-200126-92-S22MS647,10,20/01/2026,2604,2637,20/01/2026,10/09/2026,Classroom,Small Stars 3.0,18:20,18:18,2
Lombok,FG 11A-2604 / 11B-2614,Activated,FRV211-2-160-A-200126-03-S22MS137,11,20/01/2026,2604,2622,20/01/2026,28/05/2026,Classroom,Frontrunner 2.0,10:10,10:12,11
Lombok,HG F1-2603 / F2-2612,Activated,HFV2F-2-160-A-130126-150-S58MS779,7,13/01/2026,2603,2627,13/01/2026,21/05/2026,Classroom,High Flyers 2.0,15:10,15:13,F
Lombok,FG 2A-2609 / 2B-2619,Activated,FRV22-2-160-A-240226-06-S3MS247,14,24/02/2026,2609,2627,24/02/2026,02/07/2026,Classroom,Frontrunner 2.0,14:20,14:15,2
Lombok,HG D1-2604 / D2-2614,Activated,HFV2D-2-160-A-200126-142-S22MS275,13,20/01/2026,2604,2622,20/01/2026,28/05/2026,Classroom,High Flyers 2.0,18:20,18:21,D
Lombok,HG C1-2603 / C2-2616,Activated,HFV2C-1-120-A-170126-37-S13MS566,13,17/01/2026,2603,2628,17/01/2026,04/07/2026,Classroom,High Flyers 2.0,16:00,16:01,C
Lombok,TG 3A-2602 / 3B-2611 B,Activated,TBV33-2-160-A-070126-133-S45MS212,11,07/01/2026,2602,2621,07/01/2026,22/05/2026,Classroom,Trailblazers 3.0,12:40,12:43,3
Lombok,TG 3A-2602 / 3B-2611 A,Activated,TBV33-2-160-A-070126-132-S58MS512,12,07/01/2026,2602,2621,07/01/2026,22/05/2026,Classroom,Trailblazers 3.0,10:00,10:04,3
Lombok,TG 4A-2602 / 4B-2615,Activated,TBV34-1-120-A-100126-35-S21MS70,10,10/01/2026,2602,2626,10/01/2026,27/06/2026,Classroom,Trailblazers 3.0,10:40,10:36,4
Lombok,TG 6A-2602 / 6B-2615,Activated,TBV36-1-120-A-100126-25-S23MS747,12,10/01/2026,2602,2626,10/01/2026,27/06/2026,Classroom,Trailblazers 3.0,14:50,14:47,6
Lombok,HG F1-2601 / F2-2614,Activated,HFV2F-1-120-A-030126-32-S16MS478,12,03/01/2026,2601,2625,03/01/2026,20/06/2026,Classroom,High Flyers 2.0,13:50,13:51,F
Lombok,HG G1-2601 / G2-2610,Activated,HFV2G-2-160-A-241225-121-S19MS53,11,24/12/2025,2601,2620,24/12/2025,15/05/2026,Classroom,High Flyers 2.0,13:20,13:20,G
Lombok,HG I1-2601 / I2-2610,Activated,HFV2I-2-160-A-231225-76-S39MS726,8,23/12/2025,2601,2619,23/12/2025,07/05/2026,Classroom,High Flyers 2.0,16:50,16:51,I
Lombok,TG 8A-2550 / 8B-2608,Activated,TBV38-2-160-A-101225-122-S24MS435,6,10/12/2025,2550,2617,10/12/2025,24/04/2026,Classroom,Trailblazers 3.0,14:20,14:23,8
Lombok,TG 2A-2551 / 2B-2609,Activated,TBV32-2-160-A-171225-90-S51MS244,12,17/12/2025,2551,2619,17/12/2025,08/05/2026,Classroom,Trailblazers 3.0,17:20,17:16,2
Lombok,TG 7A-2549 / 7B-2607,Activated,TBV37-2-160-A-021225-86-S7MS267,6,02/12/2025,2549,2616,02/12/2025,16/04/2026,Classroom,Trailblazers 3.0,10:10,10:07,7
Lombok,FG 8A-2549 / 8B-2607 B,Activated,FRV28-2-160-A-021225-05-S9MS570,9,02/12/2025,2549,2616,02/12/2025,16/04/2026,Classroom,Frontrunner 2.0,10:10,10:05,8
Lombok,FG 8A-2549 / 8B-2607 A,Activated,FRV28-2-160-A-021225-04-S48MS238,8,02/12/2025,2549,2616,02/12/2025,16/04/2026,Classroom,Frontrunner 2.0,11:40,11:43,8
Lombok,FG 7A-2602 / 7B-2611 B,Activated,FRV27-2-160-A-070126-13-S10MS221,9,07/01/2026,2602,2621,07/01/2026,22/05/2026,Classroom,Frontrunner 2.0,19:30,19:30,7
Lombok,FG 7A-2602 / 7B-2611 A,Activated,FRV27-2-160-A-070126-12-S40MS815,9,07/01/2026,2602,2621,07/01/2026,22/05/2026,Classroom,Frontrunner 2.0,17:30,17:26,7
Lombok,HG E1-2548 / E2-2606,Activated,HFV2E-2-160-A-251125-143-S20MS268,14,25/11/2025,2548,2615,25/11/2025,09/04/2026,Classroom,High Flyers 2.0,12:20,12:18,E
Lombok,SG 4A-2603 / 4B-2621,Activated,SSV34-2-120-A-140126-134-S53MS193,10,14/01/2026,2603,2636,14/01/2026,04/09/2026,Classroom,Small Stars 3.0,11:00,10:55,4
Lombok,HG C1-2603 / C2-2612,Activated,HFV2C-2-160-A-130126-119-S57MS75,13,13/01/2026,2603,2621,13/01/2026,21/05/2026,Classroom,High Flyers 2.0,18:10,18:10,C
Lombok,TG 3A-2546 / 3B-2607 A,Activated,TBV33-1-120-A-151125-38-S25MS206,11,15/11/2025,2546,2618,15/11/2025,09/05/2026,Classroom,Trailblazers 3.0,10:10,10:10,3
Lombok,FG 4A-2547 / 4B-2605,Activated,FRV24-2-160-A-181125-07-S49MS373,8,18/11/2025,2547,2613,18/11/2025,02/04/2026,Classroom,Frontrunner 2.0,13:00,13:01,4
Lombok,SG 3A-2535 / 3B-2551,Activated,SSV33-2-120-A-260825-98-S59MS208,7,26/08/2025,2535,2616,26/08/2025,16/04/2026,Classroom,Small Stars 3.0,14:10,14:09,3
Lombok,TG 2A-2543 / 2B-2604,Activated,TBV32-1-120-A-251025-38-S5MS943,14,25/10/2025,2543,2616,25/10/2025,18/04/2026,Classroom,Trailblazers 3.0,18:50,18:49,2
Lombok,HG D1-2543 / D2-2604,Activated,HFV2D-1-120-A-251025-37-S17MS630,13,25/10/2025,2543,2616,25/10/2025,18/04/2026,Classroom,High Flyers 2.0,15:00,14:56,D
Lombok,SG 4A-2547 / 4B-2612,Activated,SSV34-2-120-A-191125-132-S47MS298,9,19/11/2025,2547,2627,19/11/2025,17/07/2026,Classroom,Small Stars 3.0,11:50,11:51,4
Lombok,TG 8A-2547 / 8B-2608,Activated,TBV38-1-120-A-221125-32-S51MS909,13,22/11/2025,2547,2619,22/11/2025,16/05/2026,Classroom,Trailblazers 3.0,11:40,11:41,8
Lombok,SG 1A-2535 / 1B-2551,Activated,SSV31-2-120-A-260825-52-S15MS271,4,26/08/2025,2535,2616,26/08/2025,16/04/2026,Classroom,Small Stars 3.0,14:20,14:22,1
Lombok,SG 1A-2531 / 1B-2547,Activated,SSV31-2-120-A-300725-51-S2MS176,6,30/07/2025,2531,2611,30/07/2025,13/03/2026,Classroom,Small Stars 3.0,18:30,18:25,1
Lombok,SG 3A-2539 / 3B-2604,Activated,SSV33-2-120-A-240925-97-S21MS534,10,24/09/2025,2539,2621,24/09/2025,22/05/2026,Classroom,Small Stars 3.0,17:20,17:16,3
Lombok,SG 4A-2533 / 4B-2549,Activated,SSV34-2-120-A-130825-130-S54MS940,10,13/08/2025,2533,2615,13/08/2025,10/04/2026,Classroom,Small Stars 3.0,11:30,11:32,4
Lombok,SG 2A-2535 / 2B-2551,Activated,SSV32-2-120-A-260825-89-S8MS889,9,26/08/2025,2535,2616,26/08/2025,16/04/2026,Classroom,Small Stars 3.0,16:50,16:49,2
Lombok,HG D1-2548 / D2-2606,Activated,HFV2D-2-160-A-251125-139-S58MS936,10,25/11/2025,2548,2515,25/11/2025,09/04/2026,Classroom,High Flyers 2.0,19:10,19:07,D
Lombok,TG 7A-2548 / 7B-2606,Activated,TBV37-2-160-A-261125-85-S45MS276,13,26/11/2025,2548,2615,26/11/2025,10/04/2026,Classroom,Trailblazers 3.0,15:20,15:23,7
Lombok,FG 5A-2547 / 5B-2605,Activated,FRV25-2-160-A-191125-06-S30MS987,5,19/11/2025,2547,2614,19/11/2025,03/04/2026,Classroom,Frontrunner 2.0,12:00,11:59,5
Lombok,SG 3A-2603 / 3B-2621,Activated,SSV33-2-120-A-140126-100-S9MS596,10,14/01/2026,2603,2636,14/01/2026,04/09/2026,Classroom,Small Stars 3.0,15:50,15:45,3
Lombok,FG 6A-2547 / 6B-2605,Activated,FRV26-2-160-A-181125-06-S40MS33,9,18/11/2025,2547,2614,18/11/2025,02/04/2026,Classroom,Frontrunner 2.0,13:20,13:19,6
Lombok,HG F1-2547 / F2-2605,Activated,HFV2F-2-160-A-191125-147-S20MS427,12,19/11/2025,2547,2614,19/11/2025,03/04/2026,Classroom,High Flyers 2.0,10:10,10:12,F
Lombok,TG 5A-2546 / 5B-2604 A,Activated,TBV35-2-160-A-121125-106-S54MS661,8,12/11/2025,2546,2612,12/11/2025,27/03/2026,Classroom,Trailblazers 3.0,15:40,15:37,5
Lombok,HG D1-2546 / D2-2604 B,Activated,HFV2D-2-160-A-121125-138-S54MS18,8,12/11/2025,2546,2612,12/11/2025,27/03/2026,Classroom,High Flyers 2.0,10:50,10:48,D
Lombok,HG F1-2545 / F2-2603,Activated,HFV2F-2-160-A-041125-146-S28MS299,9,04/11/2025,2545,2611,04/11/2025,12/03/2026,Classroom,High Flyers 2.0,16:50,16:45,F
Lombok,TG 2A-2550 / 2B-2608,Activated,TBV32-2-160-A-091225-89-S11MS761,14,09/12/2025,2550,2617,09/12/2025,23/04/2026,Classroom,Trailblazers 3.0,17:00,17:01,2
Lombok,TG 2A-2547 / 2B-2605,Activated,TBV32-2-160-A-191125-88-S33MS545,14,19/11/2025,2547,2616,19/11/2025,03/04/2026,Classroom,Trailblazers 3.0,15:50,15:51,2
Lombok,HG G1-2543 / G2-2604,Activated,HFV2G-1-120-A-251025-23-S11MS775,7,25/10/2025,2543,2616,25/10/2025,18/04/2026,Classroom,High Flyers 2.0,19:00,19:01,G
Lombok,HG J1-2542 / J2-2603,Activated,HFV2J-1-120-A-181025-06-S50MS451,8,18/10/2025,2542,2615,18/10/2025,11/04/2026,Classroom,High Flyers 2.0,16:10,16:12,J
Lombok,TG 3A-2546 / 3B-2607 B,Activated,TBV33-1-120-A-151125-39-S27MS846,12,15/11/2025,2546,2618,15/11/2025,09/05/2026,Classroom,Trailblazers 3.0,19:30,19:33,3
Lombok,SG 3A-2546 / 3B-2612,Activated,SSV33-2-120-A-111125-99-S55MS178,10,11/11/2025,2546,2628,11/11/2025,09/07/2026,Classroom,Small Stars 3.0,12:00,12:03,3
Lombok,TG 1A-2548 / 1B-2609,Activated,TBV31-1-120-A-291125-23-S36MS335,13,29/11/2025,2548,2621,29/11/2025,23/05/2026,Classroom,Trailblazers 3.0,10:50,10:52,1
Lombok,SG 2A-2543 / 2B-2608,Activated,SSV32-2-120-A-221025-90-S12MS48,8,22/10/2025,2543,2625,22/10/2025,19/06/2026,Classroom,Small Stars 3.0,17:10,17:09,2
Lombok,SG 1A-2544 / 1B-2609,Activated,SSV31-2-120-A-291025-53-S7MS326,6,29/10/2025,2544,2625,29/10/2025,19/06/2026,Classroom,Small Stars 3.0,16:00,16:03,1
Bdg Mekarwangi,HF Book G1 - 2549 / G2 - 2606,Activated,HFV2G-2-160-A-011225-113-S23MS515,6,01/12/2025,2549,2614,01/12/2025,20/04/2026,Classroom,High Flyers 2.0,15:30,15:32,G
Bdg Mekarwangi,HF Book D1-2548/D2-2606,Activated,HFV2D-2-160-A-261125-124-S55MS510,4,26/11/2025,2548,2615,26/11/2025,15/04/2026,Classroom,High Flyers 2.0,14:20,14:23,D
Bdg Mekarwangi,TB Book 3A 2548 / 3B 2606,Activated,TBV33-2-160-A-241125-116-S40MS62,7,24/11/2025,2548,2615,24/11/2025,13/04/2026,Classroom,Trailblazers 3.0,16:20,16:17,3
Bdg Mekarwangi,TB Book 8A 2548 / 8B 2609,Activated,TBV38-2-160-A-241125-115-S23MS777,2,24/11/2025,2548,2615,24/11/2025,13/04/2026,Classroom,Trailblazers 3.0,17:50,17:47,8
Bdg Mekarwangi,SS Book 4A - 2547 / 4B - 2612,Activated,SSV34-2-120-A-191125-118-S34MS91,3,19/11/2025,2547,2628,19/11/2025,17/07/2026,Classroom,Small Stars 3.0,11:20,11:23,4
Bdg Mekarwangi,TB Book 6A-2547 / 6B-2605,Activated,TBV36-2-160-A-171125-92-S15MS848,4,17/11/2025,2547,2614,17/11/2025,06/04/2026,Classroom,Trailblazers 3.0,16:30,16:30,6
Bdg Mekarwangi,SS BOOK 4A-2534 / 4B-2551,Activated,SSV34-2-120-A-200825-115-S15MS911,5,20/08/2025,2534,2615,20/08/2025,17/04/2026,Classroom,Small Stars 3.0,11:00,11:04,4
Bdg Mekarwangi,SS Book 3A-2533 / 3B-2549,Activated,SSV33-2-120-A-130825-80-S26MS587,3,13/08/2025,2533,2614,13/08/2025,10/04/2026,Classroom,Small Stars 3.0,16:20,16:18,3
Bdg Mekarwangi,SS Book 2A-2532 / 2B-2548,Activated,SSV32-2-120-A-070825-72-S8MS8,8,07/08/2025,2532,2614,07/08/2025,07/04/2026,Classroom,Small Stars 3.0,10:30,10:32,2
Bdg Mekarwangi,SS Book 1A-2531 / 1B-2547,Activated,SSV31-2-120-A-290725-34-S12MS61,2,29/07/2025,2531,2612,29/07/2025,31/03/2026,Classroom,Small Stars 3.0,16:40,16:43,1
Bdg Mekarwangi,SS BOOK 3A-2529/3B-2545,Activated,SSV33-2-120-A-140725-79-S55MS126,6,14/07/2025,2529,2610,14/07/2025,04/03/2026,Classroom,Small Stars 3.0,13:00,13:04,3
Bdg Mekarwangi,FR Book 11A - 2546 / 11B - 2607,Activated,FRV211-1-120-A-151125-01-S2MS869,2,15/11/2025,2546,2619,15/11/2025,09/05/2026,Classroom,Frontrunner 2.0,10:20,10:22,11
Bdg Mekarwangi,HF Book G1-2546 / G2-2607,Activated,HFV2G-1-120-A-151125-35-S38MS969,8,15/11/2025,2546,2619,15/11/2025,09/05/2026,Classroom,High Flyers 2.0,17:40,17:44,G
Bdg Mekarwangi,FR Book 8A-2546 / 8B-2604,Activated,FRV28-2-160-A-101125-16-S11MS474,5,10/11/2025,2546,2613,10/11/2025,23/03/2026,Classroom,Frontrunner 2.0,14:40,14:42,8
Bdg Mekarwangi,HF Book F1 - 2545/ F2 - 2606,Activated,HFV2F-1-120-A-081125-31-S57MS535,10,08/11/2025,2545,2618,08/11/2025,09/05/2026,Classroom,High Flyers 2.0,13:50,13:49,F
Bdg Mekarwangi,TB Book 7A 2545 / 7B 2603,Activated,TBV37-2-160-A-051125-78-S46MS379,9,05/11/2025,2545,2612,05/11/2025,18/03/2026,Classroom,Trailblazers 3.0,18:50,18:49,7
Bdg Mekarwangi,TB Book 3A - 2544 / 3B - 2605,Activated,TBV33-1-120-A-011125-29-S32MS71,13,01/11/2025,2544,2617,01/11/2025,25/04/2026,Classroom,Trailblazers 3.0,18:30,18:28,3
Bdg Mekarwangi,TB Book 5A - 2544 / 5B - 2605,Activated,TBV35-1-120-A-011125-41-S34MS545,14,01/11/2025,2544,2617,01/11/2025,25/04/2026,Classroom,Trailblazers 3.0,15:20,15:18,5
Bdg Mekarwangi,FR Book 12A-2544 / 12B-2602,Activated,FRV212-2-160-A-281025-01-S43MS818,3,28/10/2025,2544,2611,28/10/2025,10/03/2026,Classroom,Frontrunner 2.0,13:00,13:01,12
Bdg Mekarwangi,FR Book 6A-2544 / 6B-2602,Activated,FRV26-2-160-A-281025-08-S10MS784,6,28/10/2025,2544,2611,28/10/2025,10/03/2026,Classroom,Frontrunner 2.0,15:20,15:23,6
Bdg Mekarwangi,TB Book 4A 2544 / 4B 2602,Activated,TBV34-2-160-A-271025-115-S47MS725,5,27/10/2025,2544,2611,27/10/2025,09/03/2026,Classroom,Trailblazers 3.0,11:40,11:37,4
Bdg Mekarwangi,SS Book 4A-2543 / 4B-2608,Activated,SSV34-2-120-A-251025-117-S27MS751,5,25/10/2025,2543,2624,25/10/2025,20/06/2026,Classroom,Small Stars 3.0,19:10,19:08,4
Bdg Mekarwangi,FR Book 9A-2543 / 9B-2604,Activated,FRV29-1-120-A-251025-01-S56MS760,3,25/10/2025,2543,2616,25/10/2025,25/04/2026,Classroom,Frontrunner 2.0,15:30,15:33,9
Bdg Mekarwangi,FR Book 9A-2543 / 9B-2552,Activated,FRV29-2-160-A-211025-04-S34MS523,3,21/10/2025,2543,2610,21/10/2025,03/03/2026,Classroom,Frontrunner 2.0,16:10,16:14,9
Bdg Mekarwangi,TB Book 6A-2543 / 6B-2601,Activated,TBV36-2-160-A-211025-91-S38MS323,3,21/10/2025,2543,2610,21/10/2025,03/03/2026,Classroom,Trailblazers 3.0,15:40,15:39,6
Bdg Mekarwangi,TB Book 8A-2543 / 8B-2601,Activated,TBV38-2-160-A-211025-114-S25MS513,7,21/10/2025,2543,2610,21/10/2025,03/03/2026,Classroom,Trailblazers 3.0,19:00,18:55,8
Bdg Mekarwangi,HF Book D1-2543 / D2-2601,Activated,HFV2D-2-160-A-201025-123-S51MS634,5,20/10/2025,2543,2609,20/10/2025,02/03/2026,Classroom,High Flyers 2.0,17:40,17:43,D
Bdg Mekarwangi,TB Book 5A - 2543 / 5B - 2601,Activated,TBV35-2-160-A-221025-96-S26MS451,7,22/10/2025,2543,2610,22/10/2025,04/03/2026,Classroom,Trailblazers 3.0,15:10,15:09,5
Bdg Mekarwangi,TB Book 6A-2541 / 6B-2601,Activated,TBV36-1-120-A-111025-22-S27MS431,7,11/10/2025,2541,2614,11/10/2025,04/04/2026,Classroom,Trailblazers 3.0,14:40,14:39,6
Bdg Mekarwangi,SS Book 3A-2541 / 3B-2606,Activated,SSV33-2-120-A-111025-82-S0MS994,8,11/10/2025,2540,2622,11/10/2025,06/06/2026,Classroom,Small Stars 3.0,16:50,16:50,3
Bdg Mekarwangi,SS Book 2A-2540 / 2B-2605,Activated,SSV32-2-120-A-300925-73-S31MS415,5,30/09/2025,2540,2621,30/09/2025,28/05/2026,Classroom,Small Stars 3.0,13:40,13:35,2
Bdg Mekarwangi,TB Book 1A-2539 / 1B-2551,Activated,TBV31-1-120-A-270925-11-S24MS944,4,27/09/2025,2539,2612,27/09/2025,28/03/2026,Classroom,Trailblazers 3.0,12:10,12:10,1
Bdg Mekarwangi,SS Book 3A-2539 / 3B-2604,Activated,SSV33-2-120-A-230925-81-S27MS405,7,23/09/2025,2539,2620,23/09/2025,21/05/2026,Classroom,Small Stars 3.0,14:30,14:26,3
Bdg Mekarwangi,SS BOOK 4A-2538 / 4B-2555,Activated,SSV34-2-120-A-150925-116-S26MS713,8,15/09/2025,2538,2619,15/09/2025,13/05/2026,Classroom,Small Stars 3.0,18:50,18:54,4
Bdg Mekarwangi,HF Book C1 - 2537 / C2 - 2549,Activated,HFV2C-1-120-A-130925-32-S35MS624,11,13/09/2025,2537,2610,13/09/2025,07/03/2026,Classroom,High Flyers 2.0,11:20,11:18,C
Bdg Mekarwangi,HF Book D1 - 2537 / D2 - 2549,Activated,HFV2D-1-120-A-130925-35-S30MS428,12,13/09/2025,2537,2610,13/09/2025,07/03/2026,Classroom,High Flyers 2.0,16:20,16:16,D
Bdg Mekarwangi,HF Book G1 - 2537 / G2 - 2549,Activated,HFV2G-1-120-A-130925-34-S15MS333,11,13/09/2025,2537,2610,13/09/2025,07/03/2026,Classroom,High Flyers 2.0,11:30,11:25,G
Bdg Mekarwangi,TB Book 3A 2611 / 3B 2622,Activated,TBV33-1-120-A-140326-30-S31MS555,9,14/03/2026,2611,2635,14/03/2026,29/08/2026,Classroom,Trailblazers 3.0,15:00,15:03,3
Bdg Mekarwangi,HF Book D1 - 2611 / D2 - 2623,Activated,HFV2D-1-120-A-140326-38-S26MS583,9,14/03/2026,2611,2635,14/03/2026,05/09/2026,Classroom,High Flyers 2.0,18:50,18:48,D
Bdg Mekarwangi,FR BOOK 10A 2611 / 10B 2620,Activated,FRV210-2-160-A-100326-04-S16MS609,10,10/03/2026,2611,2629,10/03/2026,21/07/2026,Classroom,Frontrunner 2.0,17:30,17:30,10
Bdg Mekarwangi,HF Book E1 - 2611 / E2 - 2622,Activated,HFV2E-1-120-A-140326-39-S22MS509,8,14/03/2026,2611,2622,14/03/2026,05/09/2026,Classroom,High Flyers 2.0,15:10,15:13,E
Bdg Mekarwangi,TB Book 6A - 2611 / 5B - 2619,Activated,TBV36-2-160-A-090326-94-S41MS856,5,09/03/2026,,,09/03/2026,20/07/2026,Classroom,Trailblazers 3.0,15:20,15:18,6
Bdg Mekarwangi,HF Book F1-2610 / F2-2620,Activated,HFV2F-2-160-A-030326-136-S7MS982,8,03/03/2026,2610,2629,03/03/2026,14/07/2026,Classroom,High Flyers 2.0,12:20,12:15,F
Bdg Mekarwangi,HF Book I1-2610 / I2-2620,Activated,HFV2I-2-160-A-020326-71-S53MS204,4,02/03/2026,2610,2630,02/03/2026,20/07/2026,Classroom,High Flyers 2.0,13:30,13:34,I
Bdg Mekarwangi,HF Book F1- 2609 / F2-2622,Activated,HFV2F-1-120-A-280226-32-S52MS333,4,28/02/2026,2609,2633,28/02/2026,22/08/2026,Classroom,High Flyers 2.0,11:00,11:04,F
Bdg Mekarwangi,HF Book H1 - 2608 / H2 - 2618,Activated,HFV2H-2-160-A-170226-93-S24MS453,4,17/02/2026,2608,2628,17/02/2026,07/07/2026,Classroom,High Flyers 2.0,10:30,10:27,H
Bdg Mekarwangi,HF Book E1-2608 / E2-2618,Activated,HFV2E-2-160-A-160226-130-S13MS768,6,16/02/2026,2608,2626,16/02/2026,29/06/2026,Classroom,High Flyers 2.0,18:20,18:16,E
Bdg Mekarwangi,FR Book 9A-2607 / 9B-2620,Activated,FRV29-1-120-A-140226-02-S40MS747,5,14/02/2026,2607,2631,14/02/2026,08/08/2026,Classroom,Frontrunner 2.0,11:40,11:41,9
Bdg Mekarwangi,SS Book 2A - 2607 / 2B - 2624,Activated,SSV32-2-120-A-140226-76-S33MS615,3,14/02/2026,2607,2639,14/02/2026,03/10/2026,Classroom,Small Stars 3.0,13:20,13:22,2
Bdg Mekarwangi,SS Book 3A - 2607 / 3B - 2624,Activated,SSV33-2-120-A-100226-84-S27MS380,3,10/02/2026,2607,2639,10/02/2026,24/09/2026,Classroom,Small Stars 3.0,11:50,11:53,3
Bdg Mekarwangi,SS Book 1A - 2607 / 1B - 2625,Activated,SSV31-2-120-A-090226-35-S19MS998,5,09/02/2026,2607,2641,09/02/2026,07/10/2026,Classroom,Small Stars 3.0,16:40,16:38,1
Bdg Mekarwangi,HF Book H1-2606 / H2-2618,Activated,HFV2H-1-120-A-070226-12-S11MS237,9,07/02/2026,2606,2629,07/02/2026,01/08/2026,Classroom,High Flyers 2.0,11:30,11:25,H
Bdg Mekarwangi,TB Book 4A-2606 / 4B-2619,Activated,TBV34-1-120-A-070226-29-S41MS205,8,07/02/2026,2606,2630,07/02/2026,01/08/2026,Classroom,Trailblazers 3.0,15:10,15:12,4
Bdg Mekarwangi,TB Book 7A - 2605/7B - 2618,Activated,TBV37-1-120-A-310126-27-S47MS484,8,31/01/2026,2605,2629,31/01/2026,25/07/2026,Classroom,Trailblazers 3.0,11:40,11:36,7
Bdg Mekarwangi,HF Book G1-2604 / G2-2617,Activated,HFV2G-1-120-A-240126-36-S1MS724,9,24/01/2026,2604,2628,24/01/2026,18/07/2026,Classroom,High Flyers 2.0,11:00,10:55,G
Bdg Mekarwangi,SS Book 2A - 2604 / 2B - 2621,Activated,SSV32-2-120-A-200126-75-S49MS613,4,20/01/2026,2604,2636,20/01/2026,17/09/2026,Classroom,Small Stars 3.0,14:40,14:43,2
Bdg Mekarwangi,TB Book 4A - 2603 / 4B - 2615,Activated,TBV34-1-120-A-170126-28-S34MS216,13,17/01/2026,2603,2626,17/01/2026,04/07/2026,Classroom,Trailblazers 3.0,15:30,15:33,4
Bdg Mekarwangi,FR Book 7A-2603 / 7B-2612,Activated,FRV27-2-160-A-130126-15-S22MS742,3,13/01/2026,2603,2620,13/01/2026,26/05/2026,Classroom,Frontrunner 2.0,18:30,18:34,7
Bdg Mekarwangi,HF Book D1-2603 / D2-2616,Activated,HFV2D-1-120-A-170126-36-S6MS68,7,17/01/2026,2603,2627,17/01/2026,18/07/2026,Classroom,High Flyers 2.0,18:40,18:36,D
Bdg Mekarwangi,HF Book D1-2603 / D2-2612,Activated,HFV2D-2-160-A-130126-126-S22MS350,9,13/01/2026,2603,2620,13/01/2026,26/05/2026,Classroom,High Flyers 2.0,18:10,18:09,D
Bdg Mekarwangi,HF Book F1 - 2603 / F2 - 2612,Activated,HFV2F-2-160-A-140126-135-S27MS748,6,14/01/2026,2603,2620,14/01/2026,27/05/2026,Classroom,High Flyers 2.0,18:30,18:25,F
Bdg Mekarwangi,HF Book E1-2603 / E2-2612,Activated,HFV2E-2-160-A-130126-129-S50MS827,9,13/01/2026,2603,2620,13/01/2026,26/05/2026,Classroom,High Flyers 2.0,10:50,10:52,E
Bdg Mekarwangi,FR Book 3-A 2551 / 3-B 2609,Activated,FRV23-2-160-A-161225-02-S17MS4,6,16/12/2025,2551,2618,16/12/2025,07/05/2026,Classroom,Frontrunner 2.0,19:20,19:20,3
Bdg Mekarwangi,TB Book 3A 2601 / 3B 2610,Activated,TBV33-2-160-A-050126-117-S29MS866,4,05/01/2026,2601,2618,05/01/2026,18/05/2026,Classroom,Trailblazers 3.0,15:30,15:28,3
Bdg Mekarwangi,TB Book 7A - 2551 / 7B - 2512,Activated,TBV37-1-120-A-201225-26-S37MS796,5,20/12/2025,2551,2624,20/12/2025,20/06/2026,Classroom,Trailblazers 3.0,16:10,16:14,7
Bdg Mekarwangi,HF Book I1-2551 / I2-2608,Activated,HFV2I-2-160-A-161225-70-S35MS483,6,16/12/2025,2551,2516,16/12/2025,12/05/2026,Classroom,High Flyers 2.0,16:30,16:28,I
Bdg Mekarwangi,HF Book C-1 2551 / C-2 2609,Activated,HFV2C-2-160-A-171225-111-S35MS857,7,17/12/2025,2551,2618,17/12/2025,29/04/2026,Classroom,High Flyers 2.0,16:20,16:23,C
Bdg Mekarwangi,SS Book 4A - 2551 / 4B - 2616,Activated,SSV34-2-120-A-161225-119-S9MS418,4,16/12/2025,2551,2632,16/12/2025,21/08/2026,Classroom,Small Stars 3.0,19:40,19:41,4
Bdg Mekarwangi,TB Book 4A-2551 / 4B-2509,Activated,TBV34-2-160-A-151225-116-S44MS873,15,15/12/2025,2551,2618,15/12/2025,30/04/2026,Classroom,Trailblazers 3.0,11:10,11:12,4
Bdg Mekarwangi,HF Book E1-2551 / D2-2506,Activated,HFV2E-2-160-A-151225-128-S36MS725,7,15/12/2025,2551,2516,15/12/2025,04/05/2026,Classroom,High Flyers 2.0,17:20,17:20,E
Bdg Mekarwangi,HF Book D1-2551 / D2-2608,Activated,HFV2D-2-160-A-151225-125-S42MS423,4,15/12/2025,2551,2618,15/12/2025,04/05/2026,Classroom,High Flyers 2.0,16:40,16:36,D
Bdg Mekarwangi,HF Book E1 2550 / D2 2615,Activated,HFV2E-1-120-A-131225-38-S59MS169,7,13/12/2025,2550,2652,13/12/2025,13/06/2026,Classroom,High Flyers 2.0,15:30,15:25,E
Bdg Mekarwangi,SS Book 3-A 2550 / 3-B 2615,Activated,SSV33-2-120-A-081225-83-S39MS970,7,08/12/2025,2550,2631,08/12/2025,05/08/2026,Classroom,Small Stars 3.0,19:30,19:30,3
Bdg Mekarwangi,FR Book 9-A 2549 / 9-B 2602,Activated,FRV29-2-160-A-031225-05-S24MS150,2,03/12/2025,2549,2608,03/12/2025,15/04/2026,Classroom,Frontrunner 2.0,19:20,19:22,9
Bdg Mekarwangi,SS BOOK 2-A 2549 / 2-B 2614,Activated,SSV32-2-120-A-021225-74-S38MS180,2,02/12/2025,2549,2630,02/12/2025,06/08/2026,Classroom,Small Stars 3.0,19:30,19:25,2
Bali HW,HF H - 2547,Activated,HFV2H-2-160-A-171125-126-S55MS467,13,17/11/2025,2547,2613,17/11/2025,25/03/2026,Classroom,High Flyers 2.0,19:10,19:12,H
Bali HW,TB 4 - 2547,Activated,TBV34-2-160-A-171125-174-S7MS93,10,17/11/2025,2547,2613,17/11/2025,25/03/2026,Classroom,Trailblazers 3.0,12:30,12:27,4
Bali HW,Raka - IELTS Offline,Activated,IEV11-2-160-A-121125-126-S0MS77,1,12/11/2025,2546,2615,12/11/2025,08/04/2026,Classroom,IELTS 1.0,19:20,19:23,1
Bali HW,Dea - IELTS Offline,Activated,IEV11-2-160-A-121125-125-S40MS186,1,12/11/2025,2546,2621,12/11/2025,03/06/2026,Classroom,IELTS 1.0,15:30,15:28,1
Bali HW,SS 4 T1 - 2550 / T2 - 2614,Activated,SSV34-2-120-A-081225-204-S50MS671,10,08/12/2025,2550,2631,08/12/2025,29/07/2026,Classroom,Small Stars 3.0,12:50,12:50,4
Bali HW,SS 2 T1 - 2542 / T2 - 2607,Activated,SSV32-2-120-A-131025-122-S49MS879,10,13/10/2025,2542,2623,13/10/2025,05/06/2026,Classroom,Small Stars 3.0,13:00,12:59,2
Bali HW,SS 3 T1 - 2539 / T2 - 2605,Activated,SSV33-2-120-A-230925-138-S51MS67,10,23/09/2025,2539,2619,23/09/2025,07/05/2026,Classroom,Small Stars 3.0,14:00,13:59,3
Bali HW,SS 4 - T1 2536/T2 2552,Activated,SSV34-2-120-A-020925-192-S50MS708,10,02/09/2025,2536,2617,02/09/2025,23/04/2026,Classroom,Small Stars 3.0,15:10,15:11,4
Bali HW,SS 4 T1 - 2535 / T2 - 2551,Activated,SSV34-2-120-A-250825-191-S45MS480,10,25/08/2025,2535,2615,25/08/2025,08/04/2026,Classroom,Small Stars 3.0,19:20,19:16,4
Bali HW,SS 3 T1 - 2534/ T2 - 2550,Activated,SSV33-2-120-A-190825-137-S14MS402,10,19/08/2025,2534,2615,19/08/2025,09/04/2026,Classroom,Small Stars 3.0,13:20,13:18,3
Bali HW,SS 1 T1 - 2535 / T2 - 2551,Activated,SSV31-2-120-A-250825-84-S16MS471,8,25/08/2025,2535,2616,25/08/2025,17/04/2026,Classroom,Small Stars 3.0,12:20,12:16,1
Bali HW,SS 2 T1 - 2534/ T2 - 2550,Activated,SSV32-2-120-A-200825-117-S41MS350,10,20/08/2025,2534,2615,20/08/2025,10/04/2026,Classroom,Small Stars 3.0,14:20,14:17,2
Bali HW,SS 1 T1 - 2531 / T2 - 2547,Activated,SSV31-2-120-A-290725-81-S10MS955,8,29/07/2025,2531,2612,29/07/2025,19/03/2026,Classroom,Small Stars 3.0,13:30,13:25,1
Bali HW,SS 4 T1- 2533/ T2- 2549,Activated,SSV34-2-120-A-120825-190-S57MS586,10,12/08/2025,2533,2614,12/08/2025,02/04/2026,Classroom,Small Stars 3.0,18:10,18:11,4
Bali HW,SS 4 T1 - 2530 - / T2 2548,Activated,SSV34-2-120-A-210725-188-S3MS583,10,21/07/2025,2530,2611,21/07/2025,11/03/2026,Classroom,Small Stars 3.0,14:30,14:28,4
Bali HW,SS 4 T1 - 2530/ T2 2546,Activated,SSV34-2-120-A-210725-187-S38MS758,10,21/07/2025,2530,2610,21/07/2025,04/03/2026,Classroom,Small Stars 3.0,19:00,18:59,4
Bali HW,SS 3 T1 - 2531/ T2 - 2547,Activated,SSV33-2-120-A-280725-136-S34MS517,10,28/07/2025,2531,2611,28/07/2025,11/03/2026,Classroom,Small Stars 3.0,14:50,14:48,3
Bali HW,SS 3 T1 - 2530 / T2 - 2546,Activated,SSV33-2-120-A-210725-135-S0MS755,10,21/07/2025,2530,2610,21/07/2025,06/03/2026,Classroom,Small Stars 3.0,13:40,13:40,3
Bali HW,SS 2 T1 - 2534/T2 - 2550,Activated,SSV32-2-120-A-190825-121-S44MS188,9,19/08/2025,2534,2615,19/08/2025,09/04/2026,Classroom,Small Stars 3.0,18:10,18:12,2
Bali HW,SS 4 T1 - 2530 / T2 - 2546,Activated,SSV34-2-120-A-230725-189-S48MS597,7,23/07/2025,2530,2611,23/07/2025,13/03/2026,Classroom,Small Stars 3.0,12:30,12:26,4
Bali HW,TB 3 - 2610,Activated,TBV33-2-160-A-030326-199-S49MS797,14,03/03/2026,2610,2628,03/03/2026,09/07/2026,Classroom,Trailblazers 3.0,19:10,19:13,3
Bali HW,HF H -  2610,Activated,HFV2H-2-160-A-020326-133-S43MS327,11,02/03/2026,2610,2628,02/03/2026,10/07/2026,Classroom,High Flyers 2.0,11:50,11:51,H
Bali HW,HF H - 2610,Activated,HFV2H-2-160-A-040326-132-S15MS694,9,04/03/2026,2610,2629,04/03/2026,17/07/2026,Classroom,High Flyers 2.0,11:50,11:45,H
Bali HW,SS 4 T1 - 2613/T2 - 2630,Activated,SSV34-2-120-A-230326-214-S20MS163,5,23/03/2026,2613,2645,23/03/2026,04/11/2026,Classroom,Small Stars 3.0,19:30,19:34,4
Bali HW,TB 5 - 2610,Activated,TBV35-2-160-A-040326-162-S29MS262,13,04/03/2026,2610,2629,04/03/2026,17/07/2026,Classroom,Trailblazers 3.0,14:30,14:30,5
Bali HW,FR 5 - 2610,Activated,FRV25-2-160-A-020326-23-S49MS739,11,02/03/2026,2610,2628,02/03/2026,08/07/2026,Classroom,Frontrunner 2.0,10:00,10:02,5
Bali HW,HF G - 2609,Activated,HFV2G-1-120-A-280226-17-S32MS397,11,28/02/2026,2609,2634,28/02/2026,22/08/2026,Classroom,High Flyers 2.0,16:40,16:35,G
Bali HW,TB 2 - 2609,Activated,TBV32-2-160-A-250226-135-S55MS534,13,25/02/2026,2609,2628,25/02/2026,10/07/2026,Classroom,Trailblazers 3.0,15:30,15:34,2
Bali HW,TB 5 - 2609,Activated,TBV35-2-160-A-250226-161-S35MS887,11,25/02/2026,2609,2628,25/02/2026,10/07/2026,Classroom,Trailblazers 3.0,10:20,10:16,5
Bali HW,TB 4 - 2609,Activated,TBV34-2-160-A-230226-180-S22MS807,16,23/02/2026,2609,2624,23/02/2026,03/07/2026,Classroom,Trailblazers 3.0,16:50,16:47,4
Bali HW,TB 6 - 2610,Activated,TBV36-2-160-A-040326-142-S37MS788,13,04/03/2026,2610,2629,04/03/2026,15/07/2026,Classroom,Trailblazers 3.0,19:10,19:12,6
Bali HW,HF J - 2610,Activated,HFV2J-2-160-A-020326-91-S1MS258,10,02/03/2026,2610,2628,02/03/2026,10/07/2026,Classroom,High Flyers 2.0,12:30,12:34,J
Bali HW,HF D - 2609,Activated,HFV2D-2-160-A-250226-205-S55MS943,16,25/02/2026,2609,2628,25/02/2026,10/07/2026,Classroom,High Flyers 2.0,16:10,16:13,D
Bali HW,TB 6 - 2608,Activated,TBV36-2-160-A-180226-141-S9MS753,11,18/02/2026,2608,2627,18/02/2026,03/07/2026,Classroom,Trailblazers 3.0,19:00,19:00,6
Bali HW,HF G - 2608,Activated,HFV2G-2-160-A-180226-165-S57MS567,15,18/02/2026,2608,2632,18/02/2026,03/07/2026,Classroom,High Flyers 2.0,19:40,19:43,G
Bali HW,HF C Young - 2608,Activated,HFV2C-2-160-A-190226-180-S24MS640,11,19/02/2026,2608,2626,19/02/2026,25/06/2026,Classroom,High Flyers 2.0,15:10,15:09,C
Bali HW,FR 4 - 2608,Activated,FRV24-2-160-A-160226-23-S33MS181,16,16/02/2026,2608,2625,16/02/2026,24/06/2026,Classroom,Frontrunner 2.0,18:20,18:16,4
Bali HW,FR 6 - 2608,Activated,FRV26-2-160-A-180226-23-S59MS377,14,18/02/2026,2608,2627,18/02/2026,03/07/2026,Classroom,Frontrunner 2.0,17:40,17:44,6
Bali HW,FR 3 - 2608,Activated,FRV23-2-160-A-170226-23-S14MS939,14,17/02/2026,2608,2626,17/02/2026,25/06/2026,Classroom,Frontrunner 2.0,11:00,11:04,3
Bali HW,HF F - 2607,Activated,HFV2F-2-160-A-110226-198-S2MS577,11,11/02/2026,2607,2626,11/02/2026,26/06/2026,Classroom,High Flyers 2.0,12:50,12:53,F
Bali HW,FR 5 - 2607,Activated,FRV25-2-160-A-110226-22-S59MS427,13,11/02/2026,2607,2626,11/02/2026,26/06/2026,Classroom,Frontrunner 2.0,13:40,13:43,5
Bali HW,TB 5 -2606,Activated,TBV35-2-160-A-030226-160-S14MS772,12,03/02/2026,2606,2624,03/02/2026,11/06/2026,Classroom,Trailblazers 3.0,17:00,16:59,5
Bali HW,HF E - 2607,Activated,HFV2E-2-160-A-110226-198-S59MS74,13,11/02/2026,2607,2626,11/02/2026,26/06/2026,Classroom,High Flyers 2.0,10:30,10:33,E
Bali HW,FR 10 - 2607,Activated,FRV210-2-160-A-100226-21-S58MS166,13,10/02/2026,2607,2625,10/02/2026,18/06/2026,Classroom,Frontrunner 2.0,19:00,19:00,10
Bali HW,HF D Young - 2607,Activated,HFV2D-2-160-A-090226-202-S19MS956,14,09/02/2026,2607,2625,09/02/2026,26/06/2026,Classroom,High Flyers 2.0,15:10,15:06,D
Bali HW,TB 3 - 2607,Activated,TBV33-2-160-A-090226-195-S44MS136,16,09/02/2026,2607,2625,09/02/2026,17/06/2026,Classroom,Trailblazers 3.0,10:40,10:40,3
Bali HW,FR 4 - 2607,Activated,FRV24-2-160-A-090226-22-S35MS901,11,09/02/2026,2607,2625,09/02/2026,19/06/2026,Classroom,Frontrunner 2.0,10:10,10:11,4
Bali HW,HF I - 2607,Activated,HFV2I-2-160-A-090226-98-S28MS68,10,09/02/2026,2607,2625,09/02/2026,17/06/2026,Classroom,High Flyers 2.0,12:50,12:53,I
Bali HW,FR 13 - 2604,Activated,FRV113-2-160-A-200126-20-S22MS453,5,20/01/2026,2604,2612,20/01/2026,26/05/2026,Classroom,Frontrunner 1.0,11:30,11:27,13
Bali HW,SS 2 T1 - 2607 / T2 - 2625,Activated,SSV32-2-120-A-110226-134-S9MS770,9,11/02/2026,2607,2640,11/02/2026,02/10/2026,Classroom,Small Stars 3.0,17:50,17:45,2
Bali HW,SS2 T1 - 2613 / T2 - 2630,Activated,SSV32-2-120-A-230326-133-S59MS125,9,23/03/2026,2613,,23/03/2026,04/11/2026,Classroom,Small Stars 3.0,11:00,11:03,2
Bali HW,FR 11 Young - 2606,Activated,FRV211-2-160-A-030226-14-S2MS268,11,03/02/2026,2606,2624,03/02/2026,11/06/2026,Classroom,Frontrunner 2.0,13:00,13:01,11
Bali HW,HF E - 2606,Activated,HFV2E-2-160-A-020226-197-S50MS375,8,02/02/2026,2606,2624,02/02/2026,12/06/2026,Classroom,High Flyers 2.0,18:20,18:21,E
Bali HW,FR 9 Young - 2606,Activated,FRV29-2-160-A-020226-26-S25MS198,9,02/02/2026,2606,2624,02/02/2026,08/06/2026,Classroom,Frontrunner 2.0,14:00,14:04,9
Bali HW,TB 3 - 2606,Activated,TBV33-2-160-A-030226-194-S9MS489,15,03/02/2026,2606,2623,03/02/2026,04/06/2026,Classroom,Trailblazers 3.0,11:30,11:34,3
Bali HW,TB 8 - 2606,Activated,TBV38-2-160-A-030226-154-S0MS738,8,03/02/2026,2606,2623,03/02/2026,04/06/2026,Classroom,Trailblazers 3.0,10:30,10:25,8
Bali HW,HF D - 2606,Activated,HFV2D-2-160-A-020226-201-S18MS288,15,02/02/2026,2606,2624,02/02/2026,12/06/2026,Classroom,High Flyers 2.0,14:40,14:36,D
Bali HW,SS 4 - T1 2607 / T2 - 2625,Activated,SSV34-2-120-A-110226-212-S2MS128,10,11/02/2026,2607,2640,11/02/2026,02/10/2026,Classroom,Small Stars 3.0,14:10,14:12,4
Bali HW,HF C Young - 2605,Activated,HFV2C-2-160-A-280126-179-S24MS541,12,28/01/2026,2605,2624,28/01/2026,12/06/2026,Classroom,High Flyers 2.0,13:30,13:34,C
Bali HW,HF F - 2605,Activated,HFV2F-2-160-A-270126-196-S2MS118,13,27/01/2026,2605,2623,27/01/2026,04/06/2026,Classroom,High Flyers 2.0,19:00,18:58,F
Bali HW,HF G - 2605,Activated,HFV2G-2-160-A-260126-164-S23MS605,12,26/01/2026,2605,2623,26/01/2026,05/06/2026,Classroom,High Flyers 2.0,15:40,15:39,G
Bali HW,SS 3 T1- 2613,Activated,SSV33-2-120-A-240326-153-S25MS424,9,24/03/2026,2613,,24/03/2026,05/11/2026,Classroom,Small Stars 3.0,12:50,12:46,3
Bali HW,HF D - 2608,Activated,HFV2D-2-160-A-170226-200-S45MS196,13,17/02/2026,2608,2626,17/02/2026,25/06/2026,Classroom,High Flyers 2.0,14:10,14:14,D
Bali HW,HF C - 2610,Activated,HFV2C-2-160-A-030326-178-S51MS773,16,03/03/2026,2610,2628,03/03/2026,09/07/2026,Classroom,High Flyers 2.0,17:50,17:53,C
Bali HW,TB 3 Young - 2610,Activated,TBV33-2-160-A-030326-190-S55MS309,14,03/03/2026,2610,2628,03/03/2026,09/07/2026,Classroom,Trailblazers 3.0,19:10,19:11,3
Bali HW,TB 1 - 2607,Activated,TBV31-2-160-A-090226-93-S20MS961,15,09/02/2026,2607,2625,09/02/2026,17/06/2026,Classroom,Trailblazers 3.0,17:50,17:45,1
Bali HW,SS 4 T1 - 2606 / T2 - 2624,Activated,SSV34-2-120-A-040226-211-S14MS913,10,04/02/2026,2606,2638,04/02/2026,18/09/2026,Classroom,Small Stars 3.0,15:40,15:44,4
Bali HW,SS 1 T1 - 2607 / T2 - 2623,Activated,SSV31-2-120-A-090226-92-S0MS533,8,09/02/2026,2607,2639,09/02/2026,23/09/2026,Classroom,Small Stars 3.0,16:30,16:29,1
Bali HW,FR 2 - 2609,Activated,FRV22-1-80-A-230226-01-S54MS512,15,23/02/2026,2609,2628,23/02/2026,06/07/2026,Classroom,Frontrunner 2.0,10:10,10:08,2
Bali HW,HF D - 2604,Activated,HFV2D-1-120-A-240126-29-S17MS963,15,24/01/2026,2604,2628,24/01/2026,25/07/2026,Classroom,High Flyers 2.0,17:40,17:42,D
Bali HW,SS 3 T1 - 2605 / T2 - 2622,Activated,SSV33-2-120-A-270126-152-S27MS596,10,27/01/2026,2605,2637,27/01/2026,10/09/2026,Classroom,Small Stars 3.0,12:50,12:49,3
Bali HW,FR 5 - 2609,Activated,FRV25-2-160-A-250226-21-S6MS979,12,25/02/2026,2609,2628,25/02/2026,10/07/2026,Classroom,Frontrunner 2.0,16:50,16:50,5
Bali HW,HF F - 2604,Activated,HFV2F-2-160-A-190126-195-S56MS888,12,19/01/2026,2604,2622,19/01/2026,29/05/2026,Classroom,High Flyers 2.0,12:30,12:32,F
Bali HW,FR 7 - 2604,Activated,FRV27-2-160-A-210126-25-S0MS724,16,21/01/2026,2604,2624,21/01/2026,10/06/2026,Classroom,Frontrunner 2.0,15:10,15:08,7
Bali HW,TB 5 - 2604,Activated,TBV35-2-160-A-190126-157-S39MS238,13,19/01/2026,2604,2621,19/01/2026,20/05/2026,Classroom,Trailblazers 3.0,17:30,17:33,5
Bali HW,FR 4 - 2604,Activated,FRV24-2-160-A-190126-21-S9MS915,16,19/01/2026,2604,2622,19/01/2026,29/05/2026,Classroom,Frontrunner 2.0,20:00,19:58,4
Bali HW,FR 12 - 2604,Activated,FRV212-2-160-A-190126-07-S56MS436,6,19/01/2026,2604,2621,19/01/2026,20/05/2026,Classroom,Frontrunner 2.0,12:30,12:33,12
Bali HW,FR 2 - 2604,Activated,FRV22-2-160-A-190126-19-S26MS366,16,19/01/2026,2604,2622,19/01/2026,29/05/2026,Classroom,Frontrunner 2.0,16:10,16:12,2
Bali HW,SS 2 T1 - 2604 / T2 - 2620,Activated,SSV32-2-120-A-200126-132-S58MS138,10,20/01/2026,2604,2636,20/01/2026,03/09/2026,Classroom,Small Stars 3.0,10:30,10:33,2
Bali HW,TB 4 - 2604,Activated,TBV34-2-160-A-190126-178-S39MS329,12,19/01/2026,2604,2621,19/01/2026,25/05/2026,Classroom,Trailblazers 3.0,10:50,10:49,4
Bali HW,SS 3 T1 - 2604 / T2 - 2621,Activated,SSV33-2-120-A-210126-151-S7MS533,10,21/01/2026,2604,2636,21/01/2026,04/09/2026,Classroom,Small Stars 3.0,10:40,10:44,3
Bali HW,HF C - 2604,Activated,HFV2C-2-160-A-200126-176-S28MS500,15,20/01/2026,2604,2622,20/01/2026,28/05/2026,Classroom,High Flyers 2.0,13:50,13:47,C
Bali HW,FR 12 Young - 2604,Activated,FRV212-2-160-A-200126-06-S28MS589,10,20/01/2026,2604,2622,20/01/2026,28/05/2026,Classroom,Frontrunner 2.0,10:50,10:47,12
Bali HW,TB 7 - 2603,Activated,TBV37-2-160-A-130126-116-S6MS155,16,13/01/2026,2603,2621,13/01/2026,21/05/2026,Classroom,Trailblazers 3.0,16:00,15:55,7
Bali HW,SS 1 T1 - 2603/ T2 - 2620,Activated,SSV31-2-120-A-140126-91-S5MS405,8,14/01/2026,2603,2635,14/01/2026,04/09/2026,Classroom,Small Stars 3.0,14:30,14:34,1
Bali HW,HF F - 2603,Activated,HFV2F-2-160-A-130126-194-S8MS763,13,13/01/2026,2603,2621,13/01/2026,21/05/2026,Classroom,High Flyers 2.0,18:10,18:14,F
Bali HW,HF J - 2603,Activated,HFV2J-2-160-A-130126-89-S6MS968,12,13/01/2026,2603,2621,13/01/2026,21/05/2026,Classroom,High Flyers 2.0,10:00,10:01,J
Bali HW,HF H - 2602,Activated,HFV2H-2-160-A-050126-129-S35MS399,11,05/01/2026,2602,2619,05/01/2026,06/05/2026,Classroom,High Flyers 2.0,10:50,10:45,H
Bali HW,TB 3 Young - 2551,Activated,TBV33-2-160-A-151225-189-S13MS326,15,15/12/2025,2551,2617,15/12/2025,22/04/2026,Classroom,Trailblazers 3.0,19:30,19:26,3
Bali HW,FR 15 - 2602,Activated,FRV115-2-160-A-060126-14-S53MS385,5,06/01/2026,2602,2619,06/01/2026,07/05/2026,Classroom,Frontrunner 1.0,17:40,17:36,15
Bali HW,HF C - 2602,Activated,HFV2C-2-160-A-070126-175-S22MS254,16,07/01/2026,2602,2621,07/01/2026,22/05/2026,Classroom,High Flyers 2.0,10:40,10:39,C
Bali HW,HF E - 2602,Activated,HFV2E-2-160-A-050126-195-S26MS992,15,05/01/2026,2602,2619,05/01/2026,06/05/2026,Classroom,High Flyers 2.0,16:00,16:01,E
Bali HW,TB 5 - 2602,Activated,TBV35-2-160-A-050126-155-S23MS941,15,05/01/2026,2602,2620,05/01/2026,15/05/2026,Classroom,Trailblazers 3.0,15:50,15:49,5
Bali HW,TB 7 - 2602,Activated,TBV37-2-160-A-060126-114-S11MS137,10,06/01/2026,2602,2619,06/01/2026,07/05/2026,Classroom,Trailblazers 3.0,13:10,13:08,7
Bali HW,FR 5 - 2602,Activated,FRV25-2-160-A-050126-19-S21MS494,14,05/01/2026,2602,2620,05/01/2026,15/05/2026,Classroom,Frontrunner 2.0,19:10,19:12,5
Bali HW,HF D Young - 2602,Activated,HFV2D-2-160-A-070126-195-S36MS235,11,07/01/2026,2602,2621,07/01/2026,22/05/2026,Classroom,High Flyers 2.0,11:30,11:25,D
Bali HW,HF H - 2602,Activated,HFV2H-2-160-A-060126-127-S19MS799,15,06/01/2026,2602,2619,06/01/2026,07/05/2026,Classroom,High Flyers 2.0,15:30,15:33,H
Bali HW,FR 6 - 2602,Activated,FRV26-2-160-A-070126-21-S37MS852,13,07/01/2026,2602,2621,07/01/2026,22/05/2026,Classroom,Frontrunner 2.0,11:20,11:17,6
Bali HW,Aldo - General English Offline,Activated,IEV11-2-160-A-120126-130-S29MS533,1,12/01/2026,2602,2626,12/01/2026,13/07/2026,Classroom,IELTS 1.0,19:00,18:55,1
Bali HW,TB 2 - 2552,Activated,TBV32-2-160-A-221225-127-S19MS609,16,22/12/2025,2552,2619,22/12/2025,08/05/2026,Classroom,Trailblazers 3.0,13:40,13:40,2
Bali HW,HF F - 2552,Activated,HFV2F-2-160-A-221225-190-S59MS252,12,22/12/2025,2552,2619,22/12/2025,08/05/2026,Classroom,High Flyers 2.0,16:00,15:59,F
Bali HW,Corry - Private Offline,Activated,IEV11-3-240-A-181225-60-S39MS807,1,18/12/2025,2551,2622,18/12/2025,25/06/2026,Classroom,IELTS 1.0,15:30,15:25,1
Bali HW,FR 13 - 2603,Activated,FRV113-2-160-A-130126-19-S49MS764,12,13/01/2026,2603,2621,13/01/2026,21/05/2026,Classroom,Frontrunner 1.0,18:20,18:15,13
Bali HW,TB 7 - 2551,Activated,TBV37-2-160-A-151225-113-S31MS654,16,15/12/2025,2551,2618,15/12/2025,01/05/2026,Classroom,Trailblazers 3.0,14:40,14:40,7
Bali HW,HF  I - 2551,Activated,HFV2I-2-160-A-151225-96-S48MS510,8,15/12/2025,2551,2617,15/12/2025,22/04/2026,Classroom,High Flyers 2.0,17:40,17:37,I
Bali HW,HF D - 2551,Activated,HFV2D-2-160-A-161225-194-S47MS729,15,16/12/2025,2551,2618,16/12/2025,30/04/2026,Classroom,High Flyers 2.0,15:10,15:07,D
Bali HW,HF E - 2551,Activated,HFV2E-2-160-A-171225-192-S29MS354,11,17/12/2025,2551,2618,17/12/2025,01/05/2026,Classroom,High Flyers 2.0,12:00,12:03,E
Bali HW,TB 6 - 2551,Activated,TBV36-2-160-A-161225-138-S49MS388,13,16/12/2025,2551,2618,16/12/2025,30/04/2026,Classroom,Trailblazers 3.0,16:20,16:22,6
Bali HW,TB 3 - 2551,Activated,TBV33-2-160-A-161225-187-S45MS729,13,16/12/2025,2551,2618,16/12/2025,30/04/2026,Classroom,Trailblazers 3.0,11:40,11:43,3
Bali HW,HF G - 2551,Activated,HFV2G-2-160-A-171225-161-S9MS224,11,17/12/2025,2551,2618,17/12/2025,01/05/2026,Classroom,High Flyers 2.0,13:50,13:52,G
Bali HW,FR 11 - 2551,Activated,FRV211-2-160-A-161225-12-S58MS506,11,16/12/2025,2551,2618,16/12/2025,30/04/2026,Classroom,Frontrunner 2.0,12:50,12:45,11
Bali HW,TB 6 - 2551,Activated,TBV36-2-160-A-171225-137-S12MS881,11,17/12/2025,2551,2618,17/12/2025,01/05/2026,Classroom,Trailblazers 3.0,18:30,18:31,6
Bali HW,HF G - 2551,Activated,HFV2G-2-160-A-161225-160-S19MS119,9,16/12/2025,2551,2618,16/12/2025,30/04/2026,Classroom,High Flyers 2.0,10:40,10:43,G
Bali HW,SS 4 T1 - 2551 / T2 - 2617,Activated,SSV34-2-120-A-161225-208-S22MS202,10,16/12/2025,2551,2632,16/12/2025,06/08/2026,Classroom,Small Stars 3.0,14:20,14:15,4
Bali HW,TB 8 - 2551,Activated,TBV38-2-160-A-161225-153-S37MS550,12,16/12/2025,2552,2618,16/12/2025,30/04/2026,Classroom,Trailblazers 3.0,13:00,13:02,8
Bali HW,TB 5 - 2550,Activated,TBV35-2-160-A-101225-151-S35MS385,16,10/12/2025,2550,2617,10/12/2025,24/04/2026,Classroom,Trailblazers 3.0,11:20,11:23,5
Bali HW,HF E - 2550,Activated,HFV2E-2-160-A-091225-191-S16MS502,16,09/12/2025,2550,2617,09/12/2025,23/04/2026,Classroom,High Flyers 2.0,11:30,11:33,E
Bali HW,FR 8 - 2550,Activated,FRV28-2-160-A-091225-13-S19MS655,14,09/12/2025,2550,2617,09/12/2025,23/04/2026,Classroom,Frontrunner 2.0,18:00,17:56,8
Bali HW,SS 2 T1 - 2550 / T2 - 2616,Activated,SSV32-2-120-A-101225-128-S43MS676,7,10/12/2025,2550,2632,10/12/2025,07/08/2026,Classroom,Small Stars 3.0,16:40,16:37,2
Bali HW,SS 3 T1 - 2603/ T2 - 2621,Activated,SSV33-2-120-A-140126-149-S3MS195,10,14/01/2026,2603,2636,14/01/2026,04/09/2026,Classroom,Small Stars 3.0,12:10,12:09,3
Bali HW,FR 12 Young - 2549,Activated,FRV212-2-160-A-031225-05-S37MS174,9,03/12/2025,2549,2616,03/12/2025,17/04/2026,Classroom,Frontrunner 2.0,11:10,11:09,12
Bali HW,TB 8 - 2549,Activated,TBV38-2-160-A-021225-152-S18MS701,11,02/12/2025,2549,2616,02/12/2025,16/04/2026,Classroom,Trailblazers 3.0,16:30,16:26,8
Bali HW,FR 12 - 2549,Activated,FRV212-2-160-A-021225-04-S21MS991,12,02/12/2025,2549,2616,02/12/2025,16/04/2026,Classroom,Frontrunner 2.0,17:10,17:06,12
Bali HW,FR 9 - 2549,Activated,FRV29-2-160-A-031225-25-S52MS858,9,03/12/2025,2549,2616,03/12/2025,17/04/2026,Classroom,Frontrunner 2.0,11:30,11:28,9
Bali HW,FR 10 Young - 2549,Activated,FRV210-2-160-A-011225-18-S22MS527,16,01/12/2025,2549,2616,01/12/2025,17/04/2026,Classroom,Frontrunner 2.0,14:40,14:43,10
Bali HW,FR 3 - 2549,Activated,FRV23-2-160-A-011225-19-S12MS679,13,01/12/2025,2549,2615,01/12/2025,08/04/2026,Classroom,Frontrunner 2.0,14:10,14:14,3
Bali HW,Anand - IELTS Offline,Activated,IEV11-2-160-A-251125-128-S20MS234,1,25/11/2025,2548,2622,25/11/2025,29/06/2026,Classroom,IELTS 1.0,16:20,16:18,1
Bali HW,FR 9 Young - 2602,Activated,FRV29-2-160-A-050126-24-S34MS648,11,05/01/2026,2602,2620,05/01/2026,15/05/2026,Classroom,Frontrunner 2.0,17:40,17:44,9
Bali HW,FR 9 Young - 2548,Activated,FRV29-2-160-A-261125-23-S28MS625,15,26/11/2025,2548,2615,26/11/2025,10/04/2026,Classroom,Frontrunner 2.0,14:50,14:49,9
Bali HW,TB 8 - 2549,Activated,TBV38-2-160-A-021225-151-S47MS494,9,02/12/2025,2549,2616,02/12/2025,16/04/2026,Classroom,Trailblazers 3.0,16:20,16:24,8
Bali HW,TB 5 - 2548,Activated,TBV35-2-160-A-241125-149-S7MS248,15,24/11/2025,2548,2614,24/11/2025,01/04/2026,Classroom,Trailblazers 3.0,11:00,11:04,5
Bali HW,TB 2 - 2548,Activated,TBV32-2-160-A-251125-125-S19MS786,16,25/11/2025,2548,2615,25/11/2025,09/04/2026,Classroom,Trailblazers 3.0,16:40,16:39,2
Bali HW,FR 4 - 2548,Activated,FRV24-2-160-A-251125-19-S58MS395,13,25/11/2025,2548,2615,25/11/2025,09/04/2026,Classroom,Frontrunner 2.0,11:50,11:54,4
Bali HW,TB 3 - 2548,Activated,TBV33-2-160-A-241125-186-S38MS496,13,24/11/2025,2548,2615,24/11/2025,10/04/2026,Classroom,Trailblazers 3.0,10:20,10:24,3
Bali HW,Nana - IELTS Offline EXT,Activated,IEV11-2-160-A-181125-127-S23MS73,1,18/11/2025,2547,2614,18/11/2025,03/04/2026,Classroom,IELTS 1.0,20:00,19:55,1
Bali HW,FR 7 - 2548,Activated,FRV27-2-160-A-241125-23-S58MS318,10,24/11/2025,2548,2614,24/11/2025,01/04/2026,Classroom,Frontrunner 2.0,17:10,17:09,7
Bali HW,FR 11 Young - 2550,Activated,FRV211-2-160-A-091225-11-S43MS122,12,09/12/2025,2550,2617,09/12/2025,23/04/2026,Classroom,Frontrunner 2.0,18:10,18:11,11
Bali HW,FR 2 - 2547,Activated,FRV22-2-160-A-171125-16-S1MS114,16,17/11/2025,2547,2613,17/11/2025,27/03/2026,Classroom,Frontrunner 2.0,18:20,18:24,2
Bali HW,SS 4 T1 - 2550 / T2 - 2614,Activated,SSV34-2-120-A-091225-206-S2MS440,10,09/12/2025,2550,2631,09/12/2025,30/07/2026,Classroom,Small Stars 3.0,18:50,18:45,4
Bali HW,TB 3 - 2549,Activated,TBV33-2-160-A-021225-185-S32MS538,15,02/12/2025,2549,2616,02/12/2025,16/04/2026,Classroom,Trailblazers 3.0,10:10,10:12,3
Bali HW,FR 4 - 2547,Activated,FRV24-2-160-A-181125-18-S41MS427,13,18/11/2025,2547,2614,18/11/2025,02/04/2026,Classroom,Frontrunner 2.0,17:50,17:52,4
Bali HW,HF F- 2547,Activated,HFV2F-2-160-A-171125-189-S12MS366,14,17/11/2025,2547,2613,17/11/2025,25/03/2026,Classroom,High Flyers 2.0,14:10,14:10,F
Bali HW,TB 3 - 2546,Activated,TBV33-2-160-A-101125-184-S45MS682,14,10/11/2025,2546,2612,10/11/2025,18/03/2026,Classroom,Trailblazers 3.0,16:30,16:33,3
Bali HW,TB 7 - 2546,Activated,TBV37-2-160-A-101125-112-S20MS190,9,10/11/2025,2546,2612,10/11/2025,18/03/2026,Classroom,Trailblazers 3.0,13:30,13:33,7
Bali HW,HF D 2546,Activated,HFV2D-2-160-A-111125-192-S5MS500,16,11/11/2025,2546,2613,11/11/2025,26/03/2026,Classroom,High Flyers 2.0,14:00,14:03,D
Bali HW,TB 4 - 2546,Activated,TBV34-2-160-A-101125-173-S50MS35,13,10/11/2025,2546,2612,10/11/2025,20/03/2026,Classroom,Trailblazers 3.0,12:40,12:39,4
Bali HW,SS 4 T1 - 2545 / T2 - 2611,Activated,SSV34-2-120-A-041125-202-S51MS64,9,04/11/2025,2545,2627,04/11/2025,02/07/2026,Classroom,Small Stars 3.0,16:50,16:53,4
Bali HW,SS 3 T1 - 2603 / T2 - 2619,Activated,SSV33-2-120-A-130126-147-S21MS669,10,13/01/2026,2603,2634,13/01/2026,20/08/2026,Classroom,Small Stars 3.0,16:40,16:44,3
Bali HW,Adhit - TOEFL Offline,Activated,IEV11-2-160-A-041225-124-S12MS67,1,04/12/2025,2546,2621,04/12/2025,02/07/2026,Classroom,IELTS 1.0,15:10,15:05,1
Bali HW,SS 3 T1 - 2550 / T2- 2615,Activated,SSV33-2-120-A-101225-146-S59MS863,9,10/12/2025,2550,2632,10/12/2025,07/08/2026,Classroom,Small Stars 3.0,11:40,11:35,3
Bali HW,SS 2 T1 - 2548/ T2 -2613,Activated,SSV32-2-120-A-241125-127-S54MS212,9,24/11/2025,2548,2629,24/11/2025,08/07/2026,Classroom,Small Stars 3.0,16:30,16:26,2
Bali HW,HF E - 2545,Activated,HFV2E-2-160-A-041125-188-S39MS511,13,04/11/2025,2545,2612,04/11/2025,19/03/2026,Classroom,High Flyers 2.0,19:50,19:45,E
Bali HW,SS 4 T1 - 2544 / T2 - 2609,Activated,SSV34-2-120-A-271025-201-S2MS660,10,27/10/2025,2544,2625,27/10/2025,19/06/2026,Classroom,Small Stars 3.0,18:50,18:48,4
Bali HW,HF F- 2544,Activated,HFV2F-2-160-A-281025-187-S57MS579,15,28/10/2025,2544,2611,28/10/2025,12/03/2026,Classroom,High Flyers 2.0,17:50,17:53,F
Bali HW,HF E - 2544,Activated,HFV2E-2-160-A-271025-187-S9MS402,13,27/10/2025,2544,2610,27/10/2025,04/03/2026,Classroom,High Flyers 2.0,11:10,11:08,E
Bali HW,TB 6 - 2544,Activated,TBV36-2-160-A-281025-136-S28MS913,14,28/10/2025,2544,2611,28/10/2025,12/03/2026,Classroom,Trailblazers 3.0,18:20,18:17,6
Bali HW,TB 5 - 2545,Activated,TBV35-2-160-A-041125-148-S59MS342,13,04/11/2025,2545,2612,04/11/2025,19/03/2026,Classroom,Trailblazers 3.0,14:10,14:13,5
Bali HW,SS 3 T1 - 2542 / T2 - 2608,Activated,SSV33-2-120-A-181025-145-S48MS150,8,18/10/2025,2542,2624,18/10/2025,13/06/2026,Classroom,Small Stars 3.0,11:40,11:38,3
Bali HW,SS 1 T1 - 2548 / T2 - 2614,Activated,SSV31-2-120-A-251125-88-S35MS816,8,25/11/2025,2548,2629,25/11/2025,16/07/2026,Classroom,Small Stars 3.0,16:20,16:22,1
Bali HW,FR 3 - 2551,Activated,FRV23-2-160-A-161225-18-S22MS235,12,16/12/2025,2551,2618,16/12/2025,30/04/2026,Classroom,Frontrunner 2.0,19:30,19:34,3
Bali HW,HF C Young - 2549,Activated,HFV2C-2-160-A-021225-170-S24MS917,16,02/12/2025,2549,2616,02/12/2025,16/04/2026,Classroom,High Flyers 2.0,18:30,18:34,C
Bali HW,TB 2 - 2551,Activated,TBV32-2-160-A-151225-124-S41MS715,13,15/12/2025,2551,2618,15/12/2025,01/05/2026,Classroom,Trailblazers 3.0,18:40,18:44,2
Bali HW,HF D - 2549,Activated,HFV2D-2-160-A-011225-190-S1MS445,16,01/12/2025,2549,2616,01/12/2025,17/04/2026,Classroom,High Flyers 2.0,12:40,12:35,D
Bali HW,SS 2 T1 - 2546 / T2 - 2611,Activated,SSV32-2-120-A-111125-125-S56MS968,9,11/11/2025,2546,2628,11/11/2025,09/07/2026,Classroom,Small Stars 3.0,10:40,10:44,2
Bali HW,SS 4 T1 - 2548 / T2 - 2614,Activated,SSV34-2-120-A-261125-200-S0MS76,10,26/11/2025,2548,2630,26/11/2025,24/07/2026,Classroom,Small Stars 3.0,11:40,11:39,4
Bali HW,Iki - General English Offline,Activated,IEV11-2-160-A-071025-119-S4MS562,1,07/10/2025,2541,2614,07/10/2025,26/05/2026,Classroom,IELTS 1.0,11:50,11:54,1
Bali HW,TB 3 - 2546,Activated,TBV33-2-160-A-111125-178-S55MS561,16,11/11/2025,2546,2613,11/11/2025,26/03/2026,Classroom,Trailblazers 3.0,18:00,18:00,3
Bali HW,HF C - 2548,Activated,HFV2C-2-160-A-251125-169-S58MS798,16,25/11/2025,2548,2615,25/11/2025,09/04/2026,Classroom,High Flyers 2.0,14:00,13:56,C
Bali HW,FR 1 - 2551,Activated,FRV21-2-160-A-151225-08-S56MS977,13,15/12/2025,2551,2617,15/12/2025,22/04/2026,Classroom,Frontrunner 2.0,10:50,10:53,1
Bali HW,SS 4  - T1 2541 - T2 2606,Activated,SSV34-2-120-A-061025-199-S18MS207,10,06/10/2025,2541,2622,06/10/2025,29/05/2026,Classroom,Small Stars 3.0,18:10,18:14,4
Bali HW,Dinda and Prahita - IELTS Offline,Activated,IEV11-6-480-A-280925-06-S13MS203,2,28/09/2025,2539,2618,28/09/2025,10/05/2026,Classroom,IELTS 1.0,15:30,15:26,1
Bali HW,Mirah - Private Offline,Activated,IEV11-4-320-A-110126-29-S16MS725,1,11/01/2026,2602,2621,11/01/2026,02/08/2026,Classroom,IELTS 1.0,19:00,19:03,1
Bali HW,SS 1 T1 - 2543 / T2 - 2608,Activated,SSV31-2-120-A-201025-87-S23MS848,7,20/10/2025,2543,2624,20/10/2025,10/06/2026,Classroom,Small Stars 3.0,12:40,12:44,1
Bali HW,TB 6 - 2544,Activated,TBV36-2-160-A-281025-135-S28MS360,11,28/10/2025,2544,2611,28/10/2025,10/03/2026,Classroom,Trailblazers 3.0,15:40,15:41,6
Bali HW,Bryan - IELTS Offline,Activated,IEV11-2-160-A-181025-28-S33MS872,1,18/10/2025,2538,2612,18/10/2025,27/03/2026,Classroom,IELTS 1.0,14:20,14:24,1
Bali HW,TB 1 - 2551,Activated,TBV31-2-160-A-161225-87-S8MS340,15,16/12/2025,2551,2618,16/12/2025,30/04/2026,Classroom,Trailblazers 3.0,14:00,13:59,1
Bali HW,SS 4 T1 - 2538 / T2 - 2604,Activated,SSV34-2-120-A-200925-197-S54MS157,10,20/09/2025,2538,2619,20/09/2025,09/05/2026,Classroom,Small Stars 3.0,10:10,10:07,4
Bali HW,SS 4 T1 - 2543 / T2 - 2627,Activated,SSV34-2-120-A-251025-196-S47MS668,10,25/10/2025,2543,2625,25/10/2025,13/06/2026,Classroom,Small Stars 3.0,11:10,11:12,4
Bali HW,HF D - 2547,Activated,HFV2D-1-120-A-221125-28-S1MS869,16,22/11/2025,2547,2621,22/11/2025,23/05/2026,Classroom,High Flyers 2.0,15:00,15:01,D
Bali HW,Federica & Violina - IELTS Offline,Activated,IEV11-2-160-A-091025-113-S32MS496,2,09/10/2025,2541,2614,09/10/2025,05/06/2026,Classroom,IELTS 1.0,15:00,14:56,1
Bali HW,Gus Dharma - IELTS Offline,Activated,IEV11-2-160-A-130925-110-S37MS895,1,13/09/2025,2537,2616,13/09/2025,02/05/2026,Classroom,IELTS 1.0,19:10,19:11,1
Bali HW,Tian - IELTS Offline,Activated,IEV11-2-160-A-130925-109-S11MS867,1,13/09/2025,2537,2613,13/09/2025,04/04/2026,Classroom,IELTS 1.0,12:10,12:09,1
Bali HW,SS 3 - T1 2536/ T2 2552,Activated,SSV33-2-120-A-020925-141-S44MS773,9,02/09/2025,2536,2617,02/09/2025,23/04/2026,Classroom,Small Stars 3.0,15:20,15:20,3
Bali HW,SS 1 T1 - 2539 / T2 - 2604,Activated,SSV31-2-120-A-230925-85-S44MS865,8,23/09/2025,2539,2619,23/09/2025,07/05/2026,Classroom,Small Stars 3.0,14:50,14:50,1
Bali HW,SS 3 T1 - 2545 / T2 - 2610,Activated,SSV33-2-120-A-031125-143-S9MS877,10,03/11/2025,2545,2625,03/11/2025,17/06/2026,Classroom,Small Stars 3.0,17:30,17:27,3
Bali HW,TB 4 - 2613,Activated,TBV34-2-160-A-230326-183-S0MS20,8,23/03/2026,2613,2631,23/03/2026,29/07/2026,Classroom,Trailblazers 3.0,14:40,14:43,4
Bali HW,Private Tanti 15-36,Activated,IEV11-4-320-A-240326-30-S7MS253,1,25/03/2026,2613,2619,25/03/2026,30/04/2026,Classroom,IELTS 1.0,15:00,15:04,1
Bali HW,Private Sandi 9-36,Activated,IEV11-2-160-A-120326-132-S48MS20,1,12/03/2026,2611,2624,12/03/2026,19/06/2026,Classroom,IELTS 1.0,15:20,15:19,1
Bali HW,FR 7 - 2611,Activated,FRV27-2-160-A-100326-26-S16MS995,15,10/03/2026,2611,2629,10/03/2026,16/07/2026,Classroom,Frontrunner 2.0,16:10,16:13,7
Bali HW,TB 5 Young - 2611,Activated,TBV35-2-160-A-100326-164-S35MS789,16,10/03/2026,2611,2629,10/03/2026,16/07/2026,Classroom,Trailblazers 3.0,13:50,13:53,5
Bali HW,HF F - 2613,Activated,HFV2F-2-160-A-240326-199-S52MS281,2,24/03/2026,2613,,24/03/2026,23/07/2026,Classroom,High Flyers 2.0,17:00,17:01,F
Bali HW,FR 8 - 2611,Activated,FRV28-2-160-A-100326-16-S36MS660,15,10/03/2026,2611,2629,10/03/2026,16/07/2026,Classroom,Frontrunner 2.0,15:30,15:27,8
Bali HW,HF C Young - 2613,Activated,HFV2C-2-160-A-230326-182-S45MS950,11,23/03/2026,2613,,23/03/2026,29/07/2026,Classroom,High Flyers 2.0,12:50,12:47,C
Gresik,HFG1 2607 / G2 2617 END 2626,Activated,HFV2G-2-160-A-100226-129-S58MS135,14,10/02/2026,2607,2626,10/02/2026,25/06/2026,Classroom,High Flyers 2.0,11:30,11:29,G
Gresik,HFC1 2607 / C2 2618 END 2626,Activated,HFV2C-2-160-A-110226-136-S4MS769,7,11/02/2026,2607,2627,11/02/2026,26/06/2026,Classroom,High Flyers 2.0,11:30,11:29,C
Gresik,SS2A 2607 / 2B 2624 END 2639,Activated,SSV32-2-120-A-140226-92-S25MS597,8,14/02/2026,2607,2639,14/02/2026,26/09/2026,Classroom,Small Stars 3.0,16:20,16:17,2
Gresik,HFC1 2607 / C2 2620 END 2631,Activated,HFV2C-1-120-A-140226-47-S21MS119,13,14/02/2026,2607,2631,14/02/2026,01/08/2026,Classroom,High Flyers 2.0,16:50,16:50,C
Gresik,TB2A 2606 / 2B 2616 END 2624,Activated,TBV32-2-160-A-030226-87-S39MS715,10,03/02/2026,2606,2624,03/02/2026,11/06/2026,Classroom,Trailblazers 3.0,14:30,14:31,2
Gresik,HFF1 2606 / F2 2616 END 2625,Activated,HFV2F-2-160-A-040226-155-S2MS56,13,04/02/2026,2606,2625,04/02/2026,19/06/2026,Classroom,High Flyers 2.0,16:30,16:33,F
Gresik,TB4A 2606 / 4B 2619 END 2630,Activated,TBV34-1-120-A-070226-32-S6MS209,11,07/02/2026,2606,2630,07/02/2026,25/07/2026,Classroom,Trailblazers 3.0,12:10,12:06,4
Gresik,TB5A 2605 / 5B 2615 END 2623,Activated,TBV35-2-160-A-270126-109-S55MS815,11,27/01/2026,2605,2623,27/01/2026,04/06/2026,Classroom,Trailblazers 3.0,13:00,13:01,5
Gresik,TB4A 2605 / 4B 2615 END 2623,Activated,TBV34-2-160-A-270126-130-S39MS15,12,27/01/2026,2605,2623,27/01/2026,04/06/2026,Classroom,Trailblazers 3.0,17:20,17:20,4
Gresik,FR9A 2605 / 9B 2615 END 2623,Activated,FRV29-2-160-A-270126-06-S17MS391,7,27/01/2026,2605,2623,27/01/2026,04/06/2026,Classroom,Frontrunner 2.0,12:00,12:03,9
Gresik,HFD1 2605 / D2 2618 END 2629,Activated,HFV2D-1-120-A-310126-40-S38MS133,12,31/01/2026,2605,2629,31/01/2026,18/07/2026,Classroom,High Flyers 2.0,17:40,17:41,D
Gresik,SS2A 2604 / 2B 2621 END 2636,Activated,SSV32-2-120-A-200126-91-S20MS448,10,20/01/2026,2604,2636,20/01/2026,03/09/2026,Classroom,Small Stars 3.0,13:40,13:41,2
Gresik,TB6A 2604 / 6B 2614 END 2622,Activated,TBV36-2-160-A-200126-101-S58MS589,6,20/01/2026,2604,2622,20/01/2026,28/05/2026,Classroom,Trailblazers 3.0,14:50,14:50,6
Gresik,TB3A 2604 / 3B 2614 END 2622,Activated,TBV33-2-160-A-200126-131-S41MS928,9,20/01/2026,2604,2622,20/01/2026,28/05/2026,Classroom,Trailblazers 3.0,16:40,16:36,3
Gresik,HFF1 2604 / F2 2618 END 2628,Activated,HFV2F-1-120-A-240126-32-S27MS791,11,24/01/2026,2604,2628,24/01/2026,11/07/2026,Classroom,High Flyers 2.0,19:00,19:01,F
Gresik,HFG1 2604 / G2 2617 END 2628,Activated,HFV2G-1-120-A-240126-22-S25MS599,6,24/01/2026,2604,2628,24/01/2026,11/07/2026,Classroom,High Flyers 2.0,17:10,17:13,G
Gresik,HFC1 2603 / C2 2616 END 2627,Activated,HFV2C-1-120-A-170126-46-S10MS119,12,17/01/2026,2603,2627,17/01/2026,11/07/2026,Classroom,High Flyers 2.0,11:30,11:28,C
Gresik,SS4A 2603 / 4B 2620 END 2635,Activated,SSV34-2-120-A-170126-139-S41MS712,11,17/01/2026,2603,2635,17/01/2026,29/08/2026,Classroom,Small Stars 3.0,15:50,15:50,4
Gresik,HFC1 2603 / C2 2613 END 2621,Activated,HFV2C-2-160-A-130126-135-S56MS889,8,13/01/2026,2603,2621,13/01/2026,21/05/2026,Classroom,High Flyers 2.0,17:20,17:21,C
Gresik,HFD1 2603 / D2 2613 END 2622,Activated,HFV2D-2-160-A-140126-143-S8MS910,12,14/01/2026,2603,2622,14/01/2026,29/05/2026,Classroom,High Flyers 2.0,17:20,17:18,D
Gresik,TB4A 2603 / 4B 2613 END 2622,Activated,TBV34-2-160-A-140126-129-S16MS232,9,14/01/2026,2603,2622,14/01/2026,29/05/2026,Classroom,Trailblazers 3.0,15:50,15:47,4
Gresik,TB4A 2604 / 4B 2617 END 2628,Activated,TBV34-1-120-A-240126-31-S30MS987,6,24/01/2026,2604,2628,24/01/2026,11/07/2026,Classroom,Trailblazers 3.0,13:00,13:03,4
Gresik,TB3A 2603 / 3B 2616 END 2627,Activated,TBV33-1-120-A-170126-31-S35MS422,11,17/01/2026,2603,2627,17/01/2026,04/07/2026,Classroom,Trailblazers 3.0,17:30,17:31,3
Gresik,FR10A 2603 / 10B 2616 END 2627,Activated,FRV210-1-120-A-170126-01-S13MS736,7,17/01/2026,2603,2627,17/01/2026,04/07/2026,Classroom,Frontrunner 2.0,12:20,12:23,10
Gresik,FR10A 2602 / 10B 2611 END 2621,Activated,FRV210-2-160-A-070126-04-S32MS672,7,07/01/2026,2602,2621,07/01/2026,22/05/2026,Classroom,Frontrunner 2.0,12:00,11:57,10
Gresik,TB4A 2602 / 4B 2611 END 2621,Activated,TBV34-2-160-A-070126-128-S32MS342,8,07/01/2026,2602,2621,07/01/2026,22/05/2026,Classroom,Trailblazers 3.0,15:40,15:35,4
Gresik,TB3A 2602 / 3B 2611 END 2621,Activated,TBV35-2-160-A-070126-111-S28MS708,11,07/01/2026,2602,2621,07/01/2026,22/05/2026,Classroom,Trailblazers 3.0,19:00,18:56,5
Gresik,TB6A 2602 / 6B 2611 END 2621,Activated,TBV36-2-160-A-070126-100-S47MS916,15,07/01/2026,2602,2621,07/01/2026,22/05/2026,Classroom,Trailblazers 3.0,18:50,18:50,6
Gresik,HFG1 2602 / G2 2611 END 2621,Activated,HFV2G-2-160-A-070126-128-S34MS321,10,07/01/2026,2602,2621,07/01/2026,22/05/2026,Classroom,High Flyers 2.0,11:10,11:07,G
Gresik,HFE1 2602 / E2 2611 END 2621,Activated,HFV2E-2-160-A-070126-147-S50MS869,12,07/01/2026,2602,2621,07/01/2026,22/05/2026,Classroom,High Flyers 2.0,17:50,17:49,E
Gresik,TB7A 2602 / 7B 2615 END 2626,Activated,TBV35-1-120-A-100126-44-S24MS149,6,10/01/2026,2602,2626,10/01/2026,27/06/2026,Classroom,Trailblazers 3.0,19:30,19:26,5
Gresik,TB7A 2550 / 7B 2608 END 2617,Activated,TBV37-2-160-A-101225-86-S48MS161,10,10/12/2025,2550,2617,10/12/2025,24/04/2026,Classroom,Trailblazers 3.0,17:50,17:53,7
Gresik,HFI1 2550 / I2 2608 END 2617,Activated,HFV2I-2-160-A-091225-84-S19MS227,14,09/12/2025,2550,2617,09/12/2025,23/04/2026,Classroom,High Flyers 2.0,15:00,15:01,I
Gresik,HFE1 2550 / E2 2608 END 2617,Activated,HFV2E-2-160-A-091225-146-S3MS522,8,09/12/2025,2550,2617,09/12/2025,23/04/2026,Classroom,High Flyers 2.0,18:40,18:39,E
Gresik,TB8A 2549 / 8B 2607 END 2616,Activated,TBV38-2-160-A-021225-117-S40MS139,6,02/12/2025,2549,2616,02/12/2025,16/04/2026,Classroom,Trailblazers 3.0,14:20,14:18,8
Gresik,FR16A 2549 / 16B 2607 END 2616,Activated,FRV116-2-160-A-021225-14-S28MS43,6,02/12/2025,2549,2616,02/12/2025,16/04/2026,Classroom,Frontrunner 1.0,11:00,11:02,16
Gresik,HFJ1 2549 / J2 2607 END 2616,Activated,HFV2J-2-160-A-031225-85-S46MS213,9,03/12/2025,2549,2616,03/12/2025,17/04/2026,Classroom,High Flyers 2.0,12:50,12:52,J
Gresik,HFC1 2549 / C2 2607 END 2616,Activated,HFV2C-2-160-A-031225-134-S5MS497,6,03/12/2025,2549,2616,03/12/2025,17/04/2026,Classroom,High Flyers 2.0,10:30,10:32,C
Gresik,SS2A 2549 / 2B 2615 END 2630,Activated,SSV32-2-120-A-031225-90-S27MS861,10,03/12/2025,2549,2630,03/12/2025,24/07/2026,Classroom,Small Stars 3.0,17:00,16:56,2
Gresik,HFI1 2548 / I2 2606 END 2615,Activated,HFV2I-2-160-A-261125-83-S40MS364,9,26/11/2025,2548,2615,26/11/2025,10/04/2026,Classroom,High Flyers 2.0,10:40,10:36,I
Gresik,HFF1 2547 / F2 2608 END 2620,Activated,HFV2F-1-120-A-221125-30-S27MS913,10,22/11/2025,2547,2620,22/11/2025,16/05/2026,Classroom,High Flyers 2.0,13:30,13:29,F
Gresik,HFD1 2546 / D2 2604 END 2613,Activated,HFV2D-2-160-A-121125-141-S41MS155,6,12/11/2025,2546,2613,12/11/2025,27/03/2026,Classroom,High Flyers 2.0,16:00,15:59,D
Gresik,TB5A 2546 / TB5B 2607 END 2619,Activated,TBV35-1-120-A-151125-43-S2MS4,8,15/11/2025,2546,2619,15/11/2025,09/05/2026,Classroom,Trailblazers 3.0,13:40,13:44,5
Gresik,HFC1 2546 / C2 2607 END 2619,Activated,HFV2C-1-120-A-151125-45-S13MS490,12,15/11/2025,2546,2619,15/11/2025,09/05/2026,Classroom,High Flyers 2.0,19:50,19:53,C
Gresik,SS3A 2546 / 3B 2611 END 2628,Activated,SSV33-2-120-A-121125-105-S12MS677,7,12/11/2025,2546,2628,12/11/2025,10/07/2026,Classroom,Small Stars 3.0,18:20,18:24,3
Gresik,TB8A 2545 / 8B 2603 END 2611,Activated,TBV38-2-160-A-041125-116-S26MS138,9,04/11/2025,2545,2611,04/11/2025,12/03/2026,Classroom,Trailblazers 3.0,13:30,13:29,8
Gresik,HFG1 2545 / G2 2606 END 2618,Activated,HFV2G-1-120-A-081125-21-S56MS970,10,08/11/2025,2545,2618,08/11/2025,02/05/2026,Classroom,High Flyers 2.0,12:40,12:40,G
Gresik,HFD1 2543 / D2 2604 END 2616,Activated,HFV2D-1-120-A-251025-39-S42MS543,11,25/10/2025,2543,2616,25/10/2025,18/04/2026,Classroom,High Flyers 2.0,18:40,18:43,D
Gresik,SS4A 2543 / 4B 2608 END 2624,Activated,SSV34-2-120-A-211025-137-S1MS99,8,21/10/2025,2543,2624,21/10/2025,11/06/2026,Classroom,Small Stars 3.0,18:00,18:01,4
Gresik,SS3A 2542 / 3B 2607 END 2623,Activated,SSV33-2-120-A-181025-102-S44MS518,11,18/10/2025,2542,2623,18/10/2025,06/06/2026,Classroom,Small Stars 3.0,12:40,12:43,3
Gresik,HFF1 2540 / F2 2601 END 2613,Activated,HFV2F-1-120-A-041025-29-S39MS512,11,04/10/2025,2540,2613,04/10/2025,28/03/2026,Classroom,High Flyers 2.0,15:20,15:21,F
Gresik,HFE1 2540 / E2 2601 END 2613,Activated,HFV2E-1-120-A-041025-35-S31MS435,14,04/10/2025,2540,2613,04/10/2025,28/03/2026,Classroom,High Flyers 2.0,10:30,10:30,E
Gresik,FR13A 2611 / 13B 2621 END 2629,Activated,FRV113-2-160-A-100326-20-S17MS844,9,10/03/2026,2611,2629,10/03/2026,16/07/2026,Classroom,Frontrunner 1.0,16:30,16:28,13
Gresik,Private Karina (24 meetings),Activated,FRV26-4-480-A-240226-01-S12MS694,1,24/02/2026,2609,2614,24/02/2026,15/04/2026,Classroom,Frontrunner 2.0,15:20,15:22,6
Gresik,FR10A 2546 / 10B 2604 END 2613 (STANDARD),Activated,FRV210-2-160-A-110226-05-S59MS724,12,11/02/2026,2546,2613,11/02/2026,27/03/2026,Classroom,Frontrunner 2.0,18:20,18:23,10
Gresik,FR9A 2612 / 9B 2622 END 2630,Activated,FRV29-2-160-A-170326-07-S57MS858,9,17/03/2026,2612,2630,17/03/2026,23/07/2026,Classroom,Frontrunner 2.0,11:10,11:11,9
Gresik,HFI1 2612 / I2 2622 END 2630,Activated,HFV2I-2-160-A-170326-85-S0MS179,13,17/03/2026,2612,2630,17/03/2026,23/07/2026,Classroom,High Flyers 2.0,18:30,18:33,I
Gresik,HFE1 2613 / E2 2625 END 2636,Activated,HFV2E-1-120-A-280326-36-S33MS481,12,28/03/2026,2613,2636,28/03/2026,05/09/2026,Classroom,High Flyers 2.0,17:50,17:46,E
Gresik,HFE1 2611 / E2 2620 END 2628,Activated,HFV2E-2-160-A-100326-148-S45MS236,13,10/03/2026,2611,2628,10/03/2026,16/07/2026,Classroom,High Flyers 2.0,15:40,15:39,E
Gresik,SS3A 2611 / 3B 2628 END 2643,Activated,SSV33-2-120-A-100326-108-S57MS738,7,10/03/2026,2611,2643,10/03/2026,22/10/2026,Classroom,Small Stars 3.0,15:30,15:34,3
Gresik,TB2A 2611 / 2B 2624 END 2635,Activated,TBV32-1-120-A-140326-35-S26MS415,3,14/03/2026,2611,2635,14/03/2026,29/08/2026,Classroom,Trailblazers 3.0,17:40,17:44,2
Gresik,TB4A 2610 / 4B 2620 END 2628,Activated,TBV34-2-160-A-030326-131-S15MS968,10,03/03/2026,2610,2628,03/03/2026,09/07/2026,Classroom,Trailblazers 3.0,16:20,16:24,4
Gresik,HFD1 2548 / D2 2606 END 2615 (STANDARD),Activated,HFV2D-2-160-A-050226-146-S53MS304,16,05/02/2026,2548,2615,05/02/2026,09/04/2026,Classroom,High Flyers 2.0,11:40,11:41,D
Gresik,SS4A 2550 / 4B 2616 END 2631 (STANDARD),Activated,SSV34-2-120-A-210126-141-S39MS9,11,21/01/2026,2550,2631,21/01/2026,31/07/2026,Classroom,Small Stars 3.0,18:00,17:56,4
Gresik,TB2A 2609 / 2B 2622 END 2633,Activated,TBV32-1-120-A-280226-36-S59MS876,11,28/02/2026,2609,2633,28/02/2026,15/08/2026,Classroom,Trailblazers 3.0,11:30,11:30,2
Gresik,SS3A 2550 / 3B 2616 END 2631 (STANDARD),Activated,SSV33-2-120-A-140126-107-S31MS932,8,14/01/2026,2550,2631,14/01/2026,31/07/2026,Classroom,Small Stars 3.0,14:50,14:54,3
Gresik,HFJ1 2604 / J2 2614 END 2622,Activated,HFV2J-2-160-A-200126-87-S40MS349,14,20/01/2026,2604,2622,20/01/2026,28/05/2026,Classroom,High Flyers 2.0,11:10,11:12,J
Gresik,FR3A 2546 / 3B 2604 END 2613 (STANDARD),Activated,FRV23-2-160-A-070126-05-S19MS708,14,07/01/2026,2546,2613,07/01/2026,27/03/2026,Classroom,Frontrunner 2.0,19:00,19:01,3
Gresik,TB5A 2552 / 5B 2610 END 2619,Activated,TBV35-2-160-A-241225-112-S5MS13,10,24/12/2025,2552,2619,24/12/2025,08/05/2026,Classroom,Trailblazers 3.0,10:10,10:12,5
Gresik,SS4A 2612 / 4B 2629 END 2644,Activated,SSV34-2-120-A-170326-140-S4MS635,6,17/03/2026,2612,2644,17/03/2026,29/10/2026,Classroom,Small Stars 3.0,16:10,16:06,4
Gresik,FR7A 2609 / 7B 2620 END 2628,Activated,FRV27-2-160-A-250226-05-S52MS497,3,25/02/2026,2609,2628,25/02/2026,10/07/2026,Classroom,Frontrunner 2.0,13:30,13:29,7
Gresik,HFC1 2605 / C2 2615 END 2624,Activated,HFV2C-2-160-A-280126-137-S58MS604,7,28/01/2026,2605,2624,28/01/2026,12/06/2026,Classroom,High Flyers 2.0,16:40,16:36,C
Gresik,SS3A 2534 / 3B 2550 END 2615,Activated,SSV33-2-120-A-230825-101-S41MS563,9,23/08/2025,2534,2615,23/08/2025,11/04/2026,Classroom,Small Stars 3.0,13:10,13:13,3
Gresik,SS3A 2532 / 3B 2548 END 2613,Activated,SSV33-2-120-A-060825-100-S39MS553,12,06/08/2025,2532,2613,06/08/2025,27/03/2026,Classroom,Small Stars 3.0,17:00,17:04,3
Gresik,SS4A 2541 / 4B 2606 END 2622,Activated,SSV34-2-120-A-071025-136-S42MS190,7,07/10/2025,2541,2622,07/10/2025,28/05/2026,Classroom,Small Stars 3.0,19:20,19:18,4
Gresik,TB1A 2548 / 1B 2606 END 2615,Activated,TBV31-2-160-A-251125-66-S8MS663,7,25/11/2025,2548,2615,25/11/2025,09/04/2026,Classroom,Trailblazers 3.0,14:30,14:26,1
Gresik,SS1A 2539 / 1B 2604 END 2620,Activated,SSV31-2-120-A-240925-43-S45MS185,8,24/09/2025,2539,2620,24/09/2025,15/05/2026,Classroom,Small Stars 3.0,18:20,18:16,1
Gresik,SS1A 2536 / 1B 2552 END 2617,Activated,SSV31-2-120-A-020925-42-S32MS489,5,02/09/2025,2536,2617,02/09/2025,23/04/2026,Classroom,Small Stars 3.0,11:30,11:34,1
Gresik,SS2A 2539 / 2B 2604 END 2620,Activated,SSV32-2-120-A-270925-88-S12MS91,8,27/09/2025,2539,2620,27/09/2025,16/05/2026,Classroom,Small Stars 3.0,11:30,11:26,2
Jember,TB 2A- 2603 / TB 2B - 2614,Activated,TBV32-2-160-A-130126-93-S14MS858,9,13/01/2026,2603,2622,13/01/2026,28/05/2026,Classroom,Trailblazers 3.0,17:10,17:10,2
Jember,TB 4A - 2602 / TB 4B - 2610,Activated,TBV34-2-160-A-070126-134-S49MS707,11,07/01/2026,2602,2620,07/01/2026,13/05/2026,Classroom,Trailblazers 3.0,18:10,18:05,4
Jember,SS 1A - 2609 / SS 1B - 2627,Activated,SSV31-2-120-A-250226-42-S8MS25,3,25/02/2026,2609,2642,25/02/2026,16/10/2026,Classroom,Small Stars 3.0,17:00,17:03,1
Jember,Private IELTS / 2602,Activated,IEV11-2-120-A-140126-09-S53MS340,2,14/01/2026,2603,2622,14/01/2026,29/05/2026,Classroom,IELTS 1.0,16:00,15:59,1
Jember,HF C1 - 2610 / HF C2 - 2623,Activated,HFV2C-1-120-A-070326-30-S14MS117,6,07/03/2026,2610,2634,07/03/2026,22/08/2026,Classroom,High Flyers 2.0,13:30,13:32,C
Jember,SS 4A - 2535 / SS 4B - 2551,Activated,SSV34-2-120-A-270825-134-S48MS702,8,27/08/2025,2535,2616,27/08/2025,17/04/2026,Classroom,Small Stars 3.0,18:40,18:41,4
Jember,SS 3A - 2536 / SS 3B - 2601,Activated,SSV33-2-120-A-060925-97-S46MS293,11,06/09/2025,2536,2618,06/09/2025,02/05/2026,Classroom,Small Stars 3.0,12:20,12:19,3
Jember,SS 4A - 2533 / SS 4B - 2549,Activated,SSV34-2-120-A-120825-133-S8MS39,10,12/08/2025,2533,2615,12/08/2025,09/04/2026,Classroom,Small Stars 3.0,10:10,10:07,4
Jember,SS 2A - 2535 / SS 2B - 2551 (Endweek 2617),Activated,SSV32-2-120-A-270825-88-S23MS564,10,27/08/2025,2535,2617,27/08/2025,24/04/2026,Classroom,Small Stars 3.0,18:00,17:59,2
Jember,SS 1A - 2538 / SS 1B - 2603,Activated,SSV31-2-120-A-160925-40-S20MS30,7,16/09/2025,2538,2619,16/09/2025,07/05/2026,Classroom,Small Stars 3.0,11:00,11:03,1
Jember,SS 2A - 2532 / SS 2B - 2548,Activated,SSV32-2-120-A-040825-87-S53MS957,9,04/08/2025,2532,2613,04/08/2025,27/03/2026,Classroom,Small Stars 3.0,15:20,15:17,2
Jember,SS 3A - 2534 / SS 3B - 2550,Activated,SSV33-2-120-A-180825-95-S51MS873,9,18/08/2025,2534,2615,18/08/2025,08/04/2026,Classroom,Small Stars 3.0,14:50,14:51,3
Jember,TB 5A - 2547/ TB 5B - 2605,Activated,TBV35-2-160-A-171125-109-S33MS38,11,17/11/2025,2547,2614,17/11/2025,01/04/2026,Classroom,Trailblazers 3.0,13:20,13:24,5
Jember,FR 11A - 2546/ FR 11B - 2605 CLOSE,Activated,FRV211-2-160-A-111125-07-S25MS410,3,11/11/2025,2546,2613,11/11/2025,26/03/2026,Classroom,Frontrunner 2.0,11:00,11:02,11
Jember,HF E1 - 2546/ HF E2 - 2604,Activated,HFV2E-2-160-A-101125-150-S12MS729,8,10/11/2025,2546,2612,10/11/2025,18/03/2026,Classroom,High Flyers 2.0,14:40,14:39,E
Jember,HF F1 - 2551 / HF F2 - 2607,Activated,HFV2F-2-160-A-161225-152-S53MS222,6,16/12/2025,2551,2618,16/12/2025,30/04/2026,Classroom,High Flyers 2.0,12:10,12:11,F
Jember,FR 7A - 2550 / FR 7B - 2611,Activated,FRV27-1-120-A-131225-01-S27MS305,10,13/12/2025,2550,2623,13/12/2025,06/06/2026,Classroom,Frontrunner 2.0,12:50,12:47,7
Jember,FR 10A - 2549 / FR 10B - 2607,Activated,FRV210-2-160-A-011225-12-S11MS779,6,01/12/2025,2549,2616,01/12/2025,15/04/2026,Classroom,Frontrunner 2.0,12:40,12:39,10
Jember,FR 9A - 2542/ FR 9B - 2603,Activated,FRV29-1-120-A-181025-04-S18MS291,4,18/10/2025,2542,2615,18/10/2025,11/04/2026,Classroom,Frontrunner 2.0,19:20,19:16,9
Jember,HF E1 - 2552/ HF E2 - 2510,Activated,HFV2E-2-160-A-241225-149-S14MS34,12,24/12/2025,2552,2620,24/12/2025,15/05/2026,Classroom,High Flyers 2.0,12:20,12:19,E
Jember,FR 10A - 2549 / FR 10B - 2607,Activated,FRV210-2-160-A-031225-11-S40MS427,7,03/12/2025,2549,2616,03/12/2025,17/04/2026,Classroom,Frontrunner 2.0,13:50,13:52,10
Jember,TB 7A - 2548 / TB 7B - 2606,Activated,TBV37-2-160-A-241125-91-S52MS197,10,24/11/2025,2548,2615,24/11/2025,10/04/2026,Classroom,Trailblazers 3.0,15:10,15:08,7
Jember,FR 14A - 2547 / FR 14B - 2605,Activated,FRV114-2-160-A-181125-18-S48MS823,10,18/11/2025,2547,2615,18/11/2025,09/04/2026,Classroom,Frontrunner 1.0,17:40,17:40,14
Jember,HF G1 - 2547 / HF G2 - 2605,Activated,HFV2G-2-160-A-171125-132-S15MS51,6,17/11/2025,2547,2614,17/11/2025,03/04/2026,Classroom,High Flyers 2.0,18:20,18:16,G
Jember,HF D1 - 2547 / HF D2 - 2605,Activated,HFV2D-2-160-A-181125-146-S17MS626,14,18/11/2025,2547,2614,18/11/2025,02/04/2026,Classroom,High Flyers 2.0,18:10,18:05,D
Jember,TB 7A - 2540 / TB 7B - 2601,Activated,TBV37-1-120-A-041025-32-S27MS354,4,04/10/2025,2540,2613,04/10/2025,28/03/2026,Classroom,Trailblazers 3.0,18:30,18:28,7
Jember,FR 13A - 2612 / FR 13B - 2622,Activated,FRV113-2-160-A-170326-25-S55MS902,4,17/03/2026,2612,2630,17/03/2026,23/07/2026,Classroom,Frontrunner 1.0,15:50,15:54,13
Jember,FR 12A - 2611 / FR 12B - 2624,Activated,FRV212-1-120-A-140326-01-S26MS713,4,14/03/2026,2611,2635,14/03/2026,29/08/2026,Classroom,Frontrunner 2.0,13:40,13:42,12
Jember,TB 6A - 2615 / TB 6B - 2624,Activated,TBV36-2-160-A-060426-110-S4MS514,11,06/04/2026,2615,2632,06/04/2026,05/08/2026,Classroom,Trailblazers 3.0,14:30,14:32,6
Jember,TB 8A - 2614 / TB 8B - 2626,Activated,TBV38-1-120-A-040426-25-S59MS46,4,04/04/2026,2614,2637,04/04/2026,12/09/2026,Classroom,Trailblazers 3.0,11:10,11:05,8
Jember,FR 13A - 2612 / FR 13B - 2622,Activated,FRV113-2-160-A-160326-24-S59MS64,10,16/03/2026,2612,2630,16/03/2026,22/07/2026,Classroom,Frontrunner 1.0,17:40,17:39,13
Jember,HF F1 - 2614 / HF F2 - 2624,Activated,HFV2F-2-160-A-300326-156-S8MS826,2,30/03/2026,2614,2632,30/03/2026,05/08/2026,Classroom,High Flyers 2.0,17:00,16:56,F
Jember,HF G1 - 2609 / HF G2 - 2622,Activated,HFV2G-1-120-A-280226-23-S2MS762,7,28/02/2026,2609,2633,28/02/2026,15/08/2026,Classroom,High Flyers 2.0,17:30,17:30,G
Jember,SS 1A - 2547 / SS 1B - 2612,Activated,SSV31-2-120-A-110226-43-S18MS993,7,11/02/2026,2547,2628,11/02/2026,08/07/2026,Classroom,Small Stars 3.0,10:10,10:14,1
Jember,SS 3A - 2547 / SS 3B - 2612,Activated,SSV33-2-120-A-160226-101-S9MS128,7,16/02/2026,2547,2628,16/02/2026,08/07/2026,Classroom,Small Stars 3.0,18:30,18:28,3
Jember,TB 5A - 2549 / TB 5B - 2610,Activated,TBV35-1-120-A-140226-47-S44MS245,13,14/02/2026,2549,2622,14/02/2026,30/05/2026,Classroom,Trailblazers 3.0,18:40,18:38,5
Jember,SS 4A - 2541 / SS 4B - 2606,Activated,SSV34-2-120-A-130226-138-S41MS571,8,13/02/2026,2541,2623,13/02/2026,05/06/2026,Classroom,Small Stars 3.0,10:00,10:03,4
Jember,TB 2A - 2548 / TB 2B - 2606,Activated,TBV32-2-160-A-120226-95-S58MS663,4,12/02/2026,2548,2616,12/02/2026,16/04/2026,Classroom,Trailblazers 3.0,16:00,16:04,2
Jember,TB 2A - 2551 / TB 2B - 2613,Activated,TBV32-1-120-A-140226-42-S2MS681,6,14/02/2026,2551,2624,14/02/2026,13/06/2026,Classroom,Trailblazers 3.0,14:10,14:14,2
Jember,HF H1 - 2607 / HF H2 - 2620,Activated,HFV2H-1-120-A-140226-22-S54MS201,12,14/02/2026,2607,2631,14/02/2026,01/08/2026,Classroom,High Flyers 2.0,15:10,15:13,H
Jember,HF H1 - 2607 / HF H2 - 2617,Activated,HFV2H-2-160-A-100226-113-S8MS154,11,10/02/2026,2607,2626,10/02/2026,25/06/2026,Classroom,High Flyers 2.0,19:30,19:33,H
Jember,HF J1 - 2610 / HF J2 - 2620,Activated,HFV2J-2-160-A-030326-91-S30MS943,6,03/03/2026,2610,2629,03/03/2026,16/07/2026,Classroom,High Flyers 2.0,11:10,11:13,J
Jember,FR 2A - 2612 / FR 2B - 2622,Activated,FRV22-2-160-A-170326-05-S56MS74,13,17/03/2026,2612,2630,17/03/2026,23/07/2026,Classroom,Frontrunner 2.0,17:40,17:38,2
Jember,TB 6A - 2609 / 6B - 2622,Activated,TBV36-1-120-A-280226-26-S41MS632,9,28/02/2026,2609,2633,28/02/2026,15/08/2026,Classroom,Trailblazers 3.0,17:30,17:26,6
Jember,FR 10A - 2609 / FR 10B - 2619,Activated,FRV210-2-160-A-240226-13-S30MS940,11,24/02/2026,2609,2628,24/02/2026,09/07/2026,Classroom,Frontrunner 2.0,19:00,19:02,10
Jember,TB 5A - 2609 / TB 5B - 2619,Activated,TBV35-2-160-A-240226-113-S51MS837,7,24/02/2026,2609,2628,24/02/2026,09/07/2026,Classroom,Trailblazers 3.0,15:50,15:52,5
Jember,TB 5A - 2609 / 5B - 2619,Activated,TBV35-2-160-A-240226-112-S14MS139,9,24/02/2026,2609,2628,24/02/2026,09/07/2026,Classroom,Trailblazers 3.0,11:50,11:52,5
Jember,TB 8A - 2608 / 8B - 2621,Activated,TBV38-1-120-A-210226-24-S15MS604,6,21/02/2026,2608,2632,21/02/2026,08/08/2026,Classroom,Trailblazers 3.0,10:20,10:19,8
Jember,HF J1 - 2607 / J2 - 2617,Activated,HFV2J-2-160-A-090226-90-S4MS249,8,09/02/2026,2607,2625,09/02/2026,17/06/2026,Classroom,High Flyers 2.0,10:10,10:14,J
Jember,SS 4A - 2607 / SS 4B - 2624,Activated,SSV34-2-120-A-090226-137-S11MS552,9,09/02/2026,2607,2639,09/02/2026,23/09/2026,Classroom,Small Stars 3.0,18:20,18:16,4
Jember,HF H1 - 2610 / HF H2 - 2620,Activated,HFV2H-2-160-A-030326-112-S1MS91,5,03/03/2026,2610,2628,03/03/2026,09/07/2026,Classroom,High Flyers 2.0,14:00,14:03,H
Jember,HF D1 - 2608 / HF D2 - 2618,Activated,HFV2D-2-160-A-170226-148-S26MS824,10,17/02/2026,2608,2627,17/02/2026,02/07/2026,Classroom,High Flyers 2.0,12:40,12:43,D
Jember,HF E1 - 2607 / HF E2 - 2617,Activated,HFV2E-2-160-A-100226-152-S12MS418,13,10/02/2026,2607,2626,10/02/2026,25/06/2026,Classroom,High Flyers 2.0,11:10,11:05,E
Jember,TB 7A - 2610 / TB 7B - 2621,Activated,TBV37-2-160-A-040326-94-S5MS511,5,04/03/2026,2610,2629,04/03/2026,17/07/2026,Classroom,Trailblazers 3.0,18:20,18:15,7
Jember,HF I1 - 2609 / I2 - 2622,Activated,HFV2I-1-120-A-280226-16-S14MS766,5,28/02/2026,2609,2633,28/02/2026,15/08/2026,Classroom,High Flyers 2.0,18:10,18:05,I
Jember,FR 11A - 2609 / FR 11B - 2619,Activated,FRV211-2-160-A-240226-10-S55MS876,5,24/02/2026,2609,2627,24/02/2026,02/07/2026,Classroom,Frontrunner 2.0,19:00,18:55,11
Jember,HF F1 - 2609 / HF F2 - 2619,Activated,HFV2F-2-160-A-230226-155-S44MS148,7,23/02/2026,2609,2627,23/02/2026,01/07/2026,Classroom,High Flyers 2.0,15:20,15:19,F
Jember,HF I1 - 2606 / HF I2 - 2616,Activated,HFV2I-2-160-A-020226-85-S1MS426,10,02/02/2026,2606,2625,02/02/2026,19/06/2026,Classroom,High Flyers 2.0,14:10,14:14,I
Jember,HF G1 - 2606 / G2 - 2616,Activated,HFV2G-2-160-A-030226-139-S8MS713,7,03/02/2026,2606,2624,03/02/2026,11/06/2026,Classroom,High Flyers 2.0,11:50,11:52,G
Jember,HF D1 - 2609 / HF D2 - 2621,Activated,HFV2D-2-160-A-020326-147-S41MS172,13,02/03/2026,2609,2629,02/03/2026,17/07/2026,Classroom,High Flyers 2.0,14:00,14:02,D
Jember,TB 2A - 2605 / TB 2B - 2615,Activated,TBV32-2-160-A-270126-94-S27MS177,12,27/01/2026,2605,2623,27/01/2026,04/06/2026,Classroom,Trailblazers 3.0,17:40,17:37,2
Jember,TB 4A - 2607 / TB 4B - 2620,Activated,TBV34-1-120-A-140226-34-S48MS827,14,14/02/2026,2607,2631,14/02/2026,01/08/2026,Classroom,Trailblazers 3.0,15:50,15:50,4
Jember,HF J1 - 2606 / HF J2 - 2617,Activated,HFV2J-2-160-A-040226-89-S16MS137,5,04/02/2026,2606,2626,04/02/2026,26/06/2026,Classroom,High Flyers 2.0,12:00,12:04,J
Jember,HF C1 - 2606 / HF C2 - 2616,Activated,HFV2C-2-160-A-030226-136-S36MS393,14,03/02/2026,2606,2624,03/02/2026,11/06/2026,Classroom,High Flyers 2.0,10:30,10:32,C
Jember,FR 7A - 2552 / FR 7B - 2610,Activated,FRV27-2-160-A-260126-05-S36MS417,6,26/01/2026,2552,2619,26/01/2026,08/05/2026,Classroom,Frontrunner 2.0,12:10,12:12,7
Jember,HF D1 - 2610 / HF D2 - 2623,Activated,HFV2D-1-120-A-070326-33-S37MS34,13,07/03/2026,2610,2634,07/03/2026,22/08/2026,Classroom,High Flyers 2.0,20:00,19:58,D
Jember,FR 11A - 2605 / FR 11B - 2615,Activated,FRV211-2-160-A-270126-09-S33MS467,5,27/01/2026,2605,2623,27/01/2026,04/06/2026,Classroom,Frontrunner 2.0,18:00,17:58,11
Jember,HF D1 - 2551 / HF D2 - 2613,Activated,HFV2D-1-120-A-240126-32-S29MS342,9,24/01/2026,2551,2624,24/01/2026,13/06/2026,Classroom,High Flyers 2.0,11:40,11:39,D
Jember,HF F1 - 2605/ HF F2 - 2615,Activated,HFV2F-2-160-A-260126-154-S5MS277,13,26/01/2026,2605,2624,26/01/2026,12/06/2026,Classroom,High Flyers 2.0,19:50,19:46,F
Jember,FR 9A - 2608 / FR 9B - 2618,Activated,FRV29-2-160-A-170226-14-S10MS163,10,17/02/2026,2608,2627,17/02/2026,02/07/2026,Classroom,Frontrunner 2.0,14:00,14:01,9
Jember,TB 2A - 2605 / TB 2B - 2618,Activated,TBV32-1-120-A-310126-41-S27MS409,11,31/01/2026,2605,2630,31/01/2026,18/07/2026,Classroom,Trailblazers 3.0,18:00,18:03,2
Jember,TB 2A - 2605 / TB 2B - 2617,Activated,TBV32-1-120-A-310126-40-S42MS314,12,31/01/2026,2605,2629,31/01/2026,18/07/2026,Classroom,Trailblazers 3.0,17:40,17:38,2
Jember,TB 8A - 2604 / TB 8B - 2614,Activated,TBV38-2-160-A-210126-123-S5MS676,6,21/01/2026,2604,2623,21/01/2026,05/06/2026,Classroom,Trailblazers 3.0,16:30,16:27,8
Jember,HF G1 - 2604 / HF G2 - 2614,Activated,HFV2G-2-160-A-190126-138-S10MS941,9,19/01/2026,2604,2622,19/01/2026,27/05/2026,Classroom,High Flyers 2.0,14:40,14:41,G
Jember,FR 5A - 2604 / FR 5B -2613,Activated,FRV25-2-160-A-200126-05-S22MS753,8,20/01/2026,2604,2622,20/01/2026,28/05/2026,Classroom,Frontrunner 2.0,13:10,13:11,5
Jember,FR 3A - 2604 / FR 3B - 2614,Activated,FRV23-2-160-A-190126-04-S44MS403,7,19/01/2026,2604,2622,19/01/2026,27/05/2026,Classroom,Frontrunner 2.0,17:20,17:23,3
Jember,HF G1 - 2604 / HF G2 - 2614,Activated,HFV2G-2-160-A-210126-137-S15MS610,6,21/01/2026,2604,2623,21/01/2026,05/06/2026,Classroom,High Flyers 2.0,19:00,18:59,G
Jember,HF H1 - 2603 / HF H2 - 2614,Activated,HFV2H-2-160-A-190126-111-S52MS159,5,19/01/2026,2603,2622,19/01/2026,29/05/2026,Classroom,High Flyers 2.0,15:20,15:19,H
Jember,SS 2A - 2606 - / SS 2B - 2623,Activated,SSV32-2-120-A-030226-90-S7MS592,9,03/02/2026,2606,2638,03/02/2026,17/09/2026,Classroom,Small Stars 3.0,13:00,12:56,2
Jember,TB 7A - 2603 / TB 7B - 2613,Activated,TBV37-2-160-A-120126-93-S25MS530,6,12/01/2026,2603,2622,12/01/2026,29/05/2026,Classroom,Trailblazers 3.0,12:40,12:39,7
Jember,FR 6A - 2603 / FR 6B - 2611,Activated,FRV26-2-160-A-120126-03-S33MS669,7,12/01/2026,2603,2621,12/01/2026,20/05/2026,Classroom,Frontrunner 2.0,15:10,15:12,6
Jember,TB 3A - 2603 / TB 3B - 2612,Activated,TBV33-2-160-A-120126-133-S51MS68,15,12/01/2026,2603,2622,12/01/2026,29/05/2026,Classroom,Trailblazers 3.0,12:00,12:01,3
Jember,SS 3A - 2603 / SS 3B - 2620,Activated,SSV33-2-120-A-130126-100-S10MS940,5,13/01/2026,2603,2636,13/01/2026,03/09/2026,Classroom,Small Stars 3.0,14:00,13:59,3
Jember,TB 5A - 2602 / TB 5B - 2612,Activated,TBV35-2-160-A-090126-111-S18MS24,6,09/01/2026,2602,2620,09/01/2026,22/05/2026,Classroom,Trailblazers 3.0,17:50,17:45,5
Kediri,SS 2A (2537-2601) PTM 2602/ 2B (2602-2620),Activated,SSV32-2-120-A-090925-93-S51MS663,9,09/09/2025,2537,2620,09/09/2025,15/05/2026,Classroom,Small Stars 3.0,11:50,11:51,2
Kediri,SS 4 A(2535-2551) PTM 2552/ B(2552-2617),Activated,SSV34-2-120-A-250825-135-S33MS357,9,25/08/2025,2535,2617,25/08/2025,27/04/2026,Classroom,Small Stars 3.0,12:40,12:44,4
Kediri,FR 9A (2612-2620) PTM 2621/ FR 9B (2621-2629),Activated,FRV29-2-160-A-160326-13-S2MS410,5,16/03/2026,2612,2629,16/03/2026,27/07/2026,Classroom,Frontrunner 2.0,13:50,13:49,9
Kediri,SS 2A(2615-2630) PTM 2631 /B(2631-2646),Activated,SSV32-2-120-A-070426-96-S42MS135,4,07/04/2026,2615,2646,07/04/2026,20/11/2026,Classroom,Small Stars 3.0,18:50,18:50,2
Kediri,HF D1 (2611-2619) PTM 2620/ D2 (2620-2629),Activated,HFV2D-2-160-A-100326-158-S14MS794,7,10/03/2026,2611,2629,10/03/2026,21/07/2026,Classroom,High Flyers 2.0,16:00,15:59,D
Kediri,TB 7A (2551-2608) PTM 2609/ TB 7B (2609-2617),Activated,TBV37-2-160-A-090326-101-S56MS59,8,09/03/2026,2551,2617,09/03/2026,04/05/2026,Classroom,Trailblazers 3.0,10:20,10:15,7
Kediri,Tulungagung TB 8A (2611 - 2619) PTM 2620/8B (2620 - 2629),Activated,TBV38-2-160-A-100326-155-S56MS208,5,10/03/2026,2611,2629,10/03/2026,21/07/2026,Classroom,Trailblazers 3.0,12:20,12:21,8
Kediri,HF D1(2611-2619) PTM 2620/2 (2620-2629),Activated,HFV2D-2-160-A-090326-157-S6MS435,12,09/03/2026,2611,2629,09/03/2026,20/07/2026,Classroom,High Flyers 2.0,13:50,13:54,D
Kediri,TB 3A (2611-2619) PTM 2620/ B (2620-2629),Activated,TBV33-2-160-A-090326-149-S10MS612,6,09/03/2026,2611,2629,09/03/2026,20/07/2026,Classroom,Trailblazers 3.0,18:40,18:35,3
Kediri,TB 4A (2611-2619) PTM 2620/ B (2620-2629),Activated,TBV34-2-160-A-090326-147-S15MS867,10,09/03/2026,2611,2629,09/03/2026,20/07/2026,Classroom,Trailblazers 3.0,12:40,12:37,4
Kediri,TB 6A (2611-2619) PTM 2620/ TB 6B (2621-2629),Activated,TBV36-2-160-A-090326-117-S27MS289,12,09/03/2026,2611,2629,09/03/2026,20/07/2026,Classroom,Trailblazers 3.0,12:50,12:46,6
Kediri,Tulungagung TB 1A (2611 - 2621) PTM 2622 / 1B (2622 - 2636),Activated,TBV31-1-120-A-140326-10-S37MS266,12,14/03/2026,2611,2636,14/03/2026,05/09/2026,Classroom,Trailblazers 3.0,17:10,17:05,1
Kediri,Tulungagung HF C1 (2611-2620) PTM 2621/C2 (2621 - 2629),Activated,HFV2C-2-160-A-100326-149-S52MS137,9,10/03/2026,2611,2629,10/03/2026,21/07/2026,Classroom,High Flyers 2.0,12:20,12:22,C
Kediri,(Tulungagung) SS 4A (2610-2625) PTM 2626/ 4B (2626-2643),Activated,SSV34-2-120-A-040326-139-S51MS309,7,04/03/2026,2610,2643,04/03/2026,23/10/2026,Classroom,Small Stars 3.0,11:30,11:28,4
Kediri,FR 16A (2610-2618) PTM 2619/ B (2619-2628),Activated,FRV116-2-160-A-040326-16-S9MS737,3,04/03/2026,2610,2628,04/03/2026,15/07/2026,Classroom,Frontrunner 1.0,13:10,13:07,16
Kediri,FR 7A (2610-2618) PTM 2621/ 7B (2622-2629),Activated,FRV27-2-160-A-030326-12-S1MS65,8,03/03/2026,2610,2629,03/03/2026,21/07/2026,Classroom,Frontrunner 2.0,15:00,15:02,7
Kediri,TB 8A (2610-2618) PTM 2619/ TB 8B (2619-2627),Activated,TBV38-2-160-A-030326-154-S50MS379,11,03/03/2026,2610,2627,03/03/2026,21/07/2026,Classroom,Trailblazers 3.0,12:30,12:33,8
Kediri,FR 11A (2610-2618) PTM 2619/ FR 11B (2619-2627),Activated,FRV211-2-160-A-030326-06-S30MS518,5,03/03/2026,2610,2627,03/03/2026,14/07/2026,Classroom,Frontrunner 2.0,19:30,19:29,11
Kediri,TB 6A (2610-2618) PTM 2619/ B (2619-2628),Activated,TBV36-2-160-A-020326-116-S50MS647,11,02/03/2026,2610,2628,02/03/2026,13/07/2026,Classroom,Trailblazers 3.0,18:20,18:18,6
Kediri,FR 13A (2610-2618) PTM 2619/ B (2619-2628),Activated,FRV113-2-160-A-020326-27-S17MS289,6,02/03/2026,2610,2628,02/03/2026,13/07/2026,Classroom,Frontrunner 1.0,14:20,14:23,13
Kediri,FR 10 A (2610-2618) PTM 2619/ FR 10 B (2619-2627),Activated,FRV210-2-160-A-020326-08-S38MS430,7,02/03/2026,2610,2627,02/03/2026,13/07/2026,Classroom,Frontrunner 2.0,10:10,10:14,10
Kediri,HF J1 (2610-2618) PTM 2619/ J2 (2619-2627),Activated,HFV2J-2-160-A-020326-94-S7MS103,10,02/03/2026,2610,2627,02/03/2026,13/07/2026,Classroom,High Flyers 2.0,10:40,10:41,J
Kediri,TB 4A (2610-2618) PTM 2619/ 4B (2619-2628),Activated,TBV34-2-160-A-020326-146-S5MS347,9,02/03/2026,2610,2628,02/03/2026,13/07/2026,Classroom,Trailblazers 3.0,14:20,14:23,4
Kediri,(TULUNGAGGUNG) HF C1 (2610-2620) PTM 2621/C2 (2621-2634),Activated,HFV2C-1-120-A-070326-23-S24MS840,11,07/03/2026,2610,2634,07/03/2026,29/08/2026,Classroom,High Flyers 2.0,11:30,11:33,C
Kediri,Tulungagung TB 2A (2610 - 2620) PTM 2621/2B (2621 - 2635),Activated,TBV32-1-120-A-070326-29-S18MS639,12,07/03/2026,2610,2635,07/03/2026,29/08/2026,Classroom,Trailblazers 3.0,19:40,19:44,2
Kediri,Tulungagung SS 1A (2610 - 2625) PTM 2626/1B (2625 - 2643),Activated,SSV31-2-120-A-040326-61-S8MS531,6,04/03/2026,2610,2643,04/03/2026,23/10/2026,Classroom,Small Stars 3.0,18:20,18:22,1
Kediri,HF I1 (2609-2617) PTM 2620/ I2 (2621-2628),Activated,HFV2I-2-160-A-240226-91-S36MS816,6,24/02/2026,2609,2628,24/02/2026,14/07/2026,Classroom,High Flyers 2.0,14:30,14:25,I
Kediri,HF F1 (2609-2617) PTM 2618/ F2 (2618-2626),Activated,HFV2F-2-160-A-240226-166-S36MS208,8,24/02/2026,2609,2626,24/02/2026,07/07/2026,Classroom,High Flyers 2.0,16:30,16:26,F
Kediri,HF J1 (2609-2617) PTM 2618/ J2 (2618-2626),Activated,HFV2J-2-160-A-230226-93-S18MS999,11,23/02/2026,2609,2626,23/02/2026,06/07/2026,Classroom,High Flyers 2.0,17:50,17:50,J
Kediri,TB 3A (2609-2617) PTM 2618/ TB 3B (2618-2626),Activated,TBV33-2-160-A-230226-148-S14MS11,11,23/02/2026,2609,2626,23/02/2026,06/07/2026,Classroom,Trailblazers 3.0,12:00,11:58,3
Kediri,HF C1 (2609-2617) PTM 2618/ C2 (2618-2627),Activated,HFV2C-2-160-A-230226-148-S29MS368,12,23/02/2026,2609,2627,23/02/2026,06/07/2026,Classroom,High Flyers 2.0,11:30,11:27,C
Kediri,HF G1 (2608-2616) PTM 2617/ G2 (2617-2625),Activated,HFV2G-2-160-A-210226-147-S52MS723,4,21/02/2026,2608,2625,21/02/2026,04/07/2026,Classroom,High Flyers 2.0,10:40,10:43,G
Kediri,(TULUNGAGUNG) SS 3A 2609-2624 PTM 2625/3B (2625-2642),Activated,SSV33-2-120-A-250226-101-S33MS927,9,25/02/2026,2609,2642,25/02/2026,16/10/2026,Classroom,Small Stars 3.0,15:10,15:06,3
Kediri,(TULUNGAGUNG) TB 1(2609-2617) PTM 2618 / C2 2618-2627),Activated,TBV31-2-160-A-240226-76-S34MS1,11,24/02/2026,2609,2627,24/02/2026,07/07/2026,Classroom,Trailblazers 3.0,13:10,13:07,1
Kediri,(TULUNGAGUNG) HF C1(2609-2617) PTM 2618/C2 (2618-2627),Activated,HFV2C-2-160-A-250226-147-S40MS450,12,25/02/2026,2609,2627,25/02/2026,08/07/2026,Classroom,High Flyers 2.0,13:10,13:07,C
Kediri,Tulungagung SS 1A (2609-2624)/PTM 2625/ 1B (2625-2642),Activated,SSV31-2-120-A-240226-60-S19MS292,6,24/02/2026,2609,2642,24/02/2026,15/10/2026,Classroom,Small Stars 3.0,13:50,13:51,1
Kediri,TB 7A (2548 - 2605) PTM 2606 / 7B (2606-2614),Activated,TBV37-2-160-A-180226-100-S41MS993,9,18/02/2026,2548,2614,18/02/2026,15/04/2026,Classroom,Trailblazers 3.0,15:20,15:17,7
Kediri,Tulungagung HF C1 (2609-2617) PTM 2618/ C2 (2618-2627),Activated,HFV2C-2-160-A-240226-146-S34MS867,11,24/02/2026,2609,2627,24/02/2026,07/07/2026,Classroom,High Flyers 2.0,11:40,11:36,C
Kediri,TB 2A (2608-2616) PTM 2617/ TB 2B (2617-2625),Activated,TBV32-2-160-A-170226-102-S24MS359,8,17/02/2026,2608,2625,17/02/2026,07/07/2026,Classroom,Trailblazers 3.0,17:00,16:55,2
Kediri,TB 1A (2608-2616) PTM 2617/ 1B (2617-2626),Activated,TBV31-2-160-A-160226-75-S28MS444,7,16/02/2026,2608,2626,16/02/2026,29/06/2026,Classroom,Trailblazers 3.0,11:00,11:01,1
Kediri,HF H1 (2608-2616) PTM 2618/ H2 (2618-2626),Activated,HFV2H-2-160-A-160226-118-S12MS747,5,16/02/2026,2608,2626,16/02/2026,29/06/2026,Classroom,High Flyers 2.0,16:50,16:50,H
Kediri,HF G1 (2607-2615) PTM 2616/ G2 (2616-2624),Activated,HFV2G-2-160-A-110226-146-S57MS790,4,11/02/2026,2607,2624,11/02/2026,24/06/2026,Classroom,High Flyers 2.0,15:10,15:11,G
Kediri,HF E1 (2607-2615) PTM 2616/ E2 (2616-2625),Activated,HFV2E-2-160-A-090226-158-S56MS336,8,09/02/2026,2607,2625,09/02/2026,22/06/2026,Classroom,High Flyers 2.0,19:30,19:29,E
Kediri,Tulungagung HF E1 (2607-2615) PTM 2616/HF E2 (2616-2625),Activated,HFV2E-2-160-A-100226-157-S59MS755,8,10/02/2026,2607,2625,10/02/2026,23/06/2026,Classroom,High Flyers 2.0,13:30,13:28,E
Kediri,SS 2A(2607-2622) PTM 2623 /2B(2623-2641),Activated,SSV32-2-120-A-090226-95-S59MS612,6,09/02/2026,2607,2641,09/02/2026,08/10/2026,Classroom,Small Stars 3.0,17:00,17:00,2
Kediri,Tulungagung TB 2A (2606 - 2614) PTM 2615/TB 2B (2615 - 2624),Activated,TBV32-2-160-A-040226-101-S16MS47,12,04/02/2026,2606,2624,04/02/2026,17/06/2026,Classroom,Trailblazers 3.0,16:10,16:09,2
Kediri,Tulungagung TB 5A (2606 - 2614) PTM 2615/TB 5B (2615 - 2624),Activated,TBV35-2-160-A-030226-123-S13MS974,10,03/02/2026,2606,2624,03/02/2026,17/06/2026,Classroom,Trailblazers 3.0,18:10,18:08,5
Kediri,HF H1 (2606-2614) PTM 2617/ H2 (2617-2625),Activated,HFV2H-2-160-A-030226-117-S26MS122,9,03/02/2026,2606,2625,03/02/2026,23/06/2026,Classroom,High Flyers 2.0,15:10,15:05,H
Kediri,TB 2A(2547-2603) PTM 2604/B (2604-2614),Activated,TBV32-2-160-A-310126-100-S41MS191,6,31/01/2026,2547,2614,31/01/2026,08/04/2026,Classroom,Trailblazers 3.0,12:40,12:42,2
Kediri,HF C1 (2606-2614) PTM 2615/2 (2615-2624),Activated,HFV2C-2-160-A-030226-144-S21MS444,7,03/02/2026,2606,2624,03/02/2026,16/06/2026,Classroom,High Flyers 2.0,19:30,19:27,C
Kediri,TB 2A (2552-2608) PTM 2609 / 2B (2609-2617),Activated,TBV32-2-160-A-270126-97-S58MS179,7,27/01/2026,2605,2617,27/01/2026,19/05/2026,Classroom,Trailblazers 3.0,13:30,13:26,2
Kediri,HF E1 (2605-2613) PTM 2614 E2 (2614-2622),Activated,HFV2E-2-160-A-270126-156-S40MS778,12,27/01/2026,2605,2622,27/01/2026,16/06/2026,Classroom,High Flyers 2.0,19:20,19:15,E
Kediri,FR 10A (2605-2613) PTM 2614 / FR 10B (2614-2622),Activated,FRV210-2-160-A-270126-07-S46MS346,9,27/01/2026,2605,2622,27/01/2026,09/06/2026,Classroom,Frontrunner 2.0,14:40,14:37,10
Kediri,HF E1 (2605-2613) PTM 2614/2 (2615-2623),Activated,HFV2E-2-160-A-270126-155-S51MS101,7,27/01/2026,2605,2624,27/01/2026,09/06/2026,Classroom,High Flyers 2.0,19:40,19:36,E
Kediri,TB 1A (2546 - 2602) PTM 2603 TB 1B (2603 - 2614),Activated,TBV31-2-160-A-270126-74-S43MS123,13,27/01/2026,2605,2614,27/01/2026,07/04/2026,Classroom,Trailblazers 3.0,19:50,19:54,1
Kediri,FR 3A (2604-2613) PTM 2614/ 3B (2614-2621),Activated,FRV23-2-160-A-240126-02-S56MS944,11,24/01/2026,2604,2621,24/01/2026,06/06/2026,Classroom,Frontrunner 2.0,12:10,12:13,3
Kediri,SS 3A(2604-2620) PTM 2621 /3B(2621-2636),Activated,SSV33-2-120-A-210126-100-S27MS291,5,21/01/2026,2604,2636,21/01/2026,12/09/2026,Classroom,Small Stars 3.0,13:00,12:57,3
Kediri,(Tulungagung) HF C1 2604 - 2612 PTM 2612 / HF C2 2613 - 2622,Activated,HFV2C-2-160-A-190126-143-S57MS666,12,19/01/2026,2604,2622,19/01/2026,02/06/2026,Classroom,High Flyers 2.0,13:30,13:30,C
Kediri,HF F1(2604-2612) PTM 2613 / F2(2613-2621),Activated,HFV2F-2-160-A-190126-165-S42MS164,11,19/01/2026,2604,2621,19/01/2026,01/06/2026,Classroom,High Flyers 2.0,16:50,16:46,F
Kediri,Tulungagung TB 6A (2603 - 2611) PTM 2612 / 6B (2612 - 2621),Activated,TBV36-2-160-A-130126-115-S47MS639,8,13/01/2026,2603,2621,13/01/2026,27/05/2026,Classroom,Trailblazers 3.0,10:20,10:23,6
Kediri,TB 5A (2603-2613) PTM 2614/TB 5B (2614-2621),Activated,TBV35-2-160-A-130126-122-S26MS711,7,13/01/2026,2603,2621,13/01/2026,02/06/2026,Classroom,Trailblazers 3.0,19:40,19:44,5
Kediri,HF E1 (2603-2612) PTM 2612/ E2 (2613-2621),Activated,HFV2E-2-160-A-140126-154-S32MS230,11,14/01/2026,2603,2621,14/01/2026,27/05/2026,Classroom,High Flyers 2.0,13:20,13:20,E
Kediri,TB 5A (2552-2609) PTM 2610/ 5B (2610-2618),Activated,TBV35-2-160-A-100126-121-S19MS69,10,10/01/2026,2552,2618,10/01/2026,13/05/2026,Classroom,Trailblazers 3.0,14:40,14:36,5
Kediri,FR 5A (2549 - 2605) PTM 2607/ 5B (2607-2616),Activated,FRV25-2-160-A-070126-04-S21MS116,11,07/01/2026,2549,2616,07/01/2026,22/04/2026,Classroom,Frontrunner 2.0,13:30,13:33,5
Kediri,HF D1(2602-2610) PTM 2611/ D2(2611-2619),Activated,HFV2D-2-160-A-060126-155-S2MS64,9,06/01/2026,2602,2619,06/01/2026,26/05/2026,Classroom,High Flyers 2.0,11:40,11:41,D
Kediri,FR 11A (2552-2608) PTM 2609/ 11B (2609-2617)),Activated,FRV211-2-160-A-241225-05-S10MS598,13,24/12/2025,2552,2617,24/12/2025,13/05/2026,Classroom,Frontrunner 2.0,16:50,16:49,11
Kediri,HF I1(2551-2608) PTM 2609/ I2 (2609-2617),Activated,HFV2I-2-160-A-201225-90-S31MS357,4,20/12/2025,2551,2617,20/12/2025,09/05/2026,Classroom,High Flyers 2.0,18:10,18:05,I
Kediri,HF D (2552-2609) PTM 2610/ D2 (2611-2620),Activated,HFV2D-2-160-A-221225-153-S42MS846,9,22/12/2025,2552,2620,22/12/2025,11/05/2026,Classroom,High Flyers 2.0,13:50,13:52,D
Kediri,TB 6A (2551-2608) PTM 2609/ TB 6B (2609-2617),Activated,TBV36-2-160-A-161225-114-S31MS438,12,16/12/2025,2551,2617,16/12/2025,12/05/2026,Classroom,Trailblazers 3.0,18:10,18:10,6
Kediri,HF D1 (2551-2607) PTM 2609/ D2 (2610-2618),Activated,HFV2D-2-160-A-201225-152-S55MS334,12,20/12/2025,2551,2618,20/12/2025,09/05/2026,Classroom,High Flyers 2.0,10:30,10:26,D
Kediri,TB 2A (2551-2607) PTM 2610/ 2B (2611-2620),Activated,TBV32-2-160-A-161225-96-S39MS518,16,16/12/2025,2551,2620,16/12/2025,12/05/2026,Classroom,Trailblazers 3.0,12:20,12:24,2
Kediri,HF G1 (2551-2608) PTM 2609/ G2 (2609-2617),Activated,HFV2G-2-160-A-151225-144-S32MS395,7,15/12/2025,2551,2617,15/12/2025,04/05/2026,Classroom,High Flyers 2.0,19:00,18:55,G
Kediri,FR 10A (2551-2507) PTM 2608/B (2608 - 2619),Activated,FRV210-2-160-A-161225-06-S24MS390,8,16/12/2025,2551,2619,16/12/2025,12/05/2026,Classroom,Frontrunner 2.0,14:30,14:34,10
Kediri,HF H1 (2551-2507) PTM 2608/ H2 (2608 - 2618),Activated,HFV2H-2-160-A-161225-116-S24MS93,6,16/12/2025,2551,2618,16/12/2025,05/05/2026,Classroom,High Flyers 2.0,18:40,18:40,H
Kediri,SS 2A (2551-2614) PTM 2615/2B (2615-2630),Activated,SSV32-2-120-A-151225-94-S37MS460,8,15/12/2025,2551,2630,15/12/2025,17/08/2026,Classroom,Small Stars 3.0,18:00,17:56,2
Kediri,SS 4A (2549-2612) PTM 2615/ 4B (2616-2631),Activated,SSV34-2-120-A-031225-137-S45MS218,12,03/12/2025,2549,2631,03/12/2025,01/08/2026,Classroom,Small Stars 3.0,11:20,11:21,4
Kediri,HF G1 (2549-2605) PTM 2607/ G2 (2607-2618),Activated,HFV2G-2-160-A-021225-143-S20MS43,6,02/12/2025,2549,2618,02/12/2025,28/04/2026,Classroom,High Flyers 2.0,12:00,12:04,G
Kediri,FR 14A (2548 - 2605) PTM 2606 / 14B (2606-2614),Activated,FRV114-2-160-A-241125-20-S49MS620,3,24/11/2025,2548,2614,24/11/2025,13/04/2026,Classroom,Frontrunner 1.0,18:30,18:26,14
Kediri,TB 6A (2548-2604) PTM 2605 / 6B (2605-2613),Activated,TBV36-2-160-A-261125-113-S38MS628,6,26/11/2025,2548,2613,26/11/2025,15/04/2026,Classroom,Trailblazers 3.0,16:10,16:06,6
Kediri,TB 4A (2548-2604) PTM 2606/ 4B (2607-2616),Activated,TBV34-2-160-A-251125-144-S15MS304,7,25/11/2025,2548,2616,25/11/2025,17/04/2026,Classroom,Trailblazers 3.0,14:00,14:03,4
Kediri,FR 9A (2548-2604) PTM 2606/ 9B (2605-2615),Activated,FRV29-2-160-A-241125-11-S46MS270,8,24/11/2025,2548,2615,24/11/2025,09/04/2026,Classroom,Frontrunner 2.0,18:00,17:57,9
Kediri,TB 8A (2548-2604) PTM 2606/ 8B (2606-2615),Activated,TBV38-2-160-A-241125-153-S7MS995,7,24/11/2025,2548,2615,24/11/2025,09/04/2026,Classroom,Trailblazers 3.0,14:40,14:44,8
Kediri,FR 9A (2548-2604) PTM 2606/ 9B (2606-2615),Activated,FRV29-2-160-A-241125-10-S31MS473,5,24/11/2025,2548,2615,24/11/2025,09/04/2026,Classroom,Frontrunner 2.0,18:50,18:50,9
Kediri,HF H1 (2547-2603) PTM 2604/B (2604-2615),Activated,HFV2H-2-160-A-181125-115-S39MS779,9,18/11/2025,2547,2615,18/11/2025,14/04/2026,Classroom,High Flyers 2.0,15:30,15:27,H
Kediri,HF F1 (2547-2604) PTM 2605/ F2 (2605-2614),Activated,HFV2F-2-160-A-171125-164-S54MS815,6,17/11/2025,2547,2614,17/11/2025,02/04/2026,Classroom,High Flyers 2.0,10:30,10:32,F
Kediri,TB 3A (2547-2603) PTM 2605/ 3B (2606-2614),Activated,TBV33-2-160-A-221125-147-S56MS987,12,22/11/2025,2547,2614,22/11/2025,04/04/2026,Classroom,Trailblazers 3.0,14:40,14:41,3
Kediri,TB 3A (2547-2603) PTM 2605/ 3B (2605-2614),Activated,TBV33-2-160-A-181125-146-S54MS947,13,18/11/2025,2547,2614,18/11/2025,03/04/2026,Classroom,Trailblazers 3.0,18:50,18:49,3
Kediri,SS 1A (2533-2549) PTM 2549 / 1B (2550-2616),Activated,SSV31-2-120-A-120825-58-S5MS524,8,12/08/2025,2533,2616,12/08/2025,17/04/2026,Classroom,Small Stars 3.0,16:50,16:47,1
Kediri,SS 2A (2533-2549) PTM 2549 / 2B (2550-2615),Activated,SSV32-2-120-A-110825-91-S8MS422,9,11/08/2025,2533,2615,11/08/2025,09/04/2026,Classroom,Small Stars 3.0,10:40,10:36,2
Kediri,SS 4A(2531-2547) PTM 2548/ 4B (2548-2612),Activated,SSV34-2-120-A-300725-134-S27MS196,11,30/07/2025,2531,2612,30/07/2025,28/03/2026,Classroom,Small Stars 3.0,17:20,17:24,4
Kediri,SS 3A(2531-2547) PTM 2548 Fri CC Tue / 3B (2548-2612),Activated,SSV33-2-120-A-290725-96-S11MS769,10,29/07/2025,2531,2612,29/07/2025,03/04/2026,Classroom,Small Stars 3.0,16:30,16:29,3
Kediri,SS 4A (2530-2545) PTM 2546/ 4B (2546-2612),Activated,SSV34-2-120-A-220725-131-S45MS904,9,22/07/2025,2530,2612,22/07/2025,27/03/2026,Classroom,Small Stars 3.0,12:20,12:17,4
Kediri,SS 1A(2529-2544) PTM 2545 /1B(2545-2611),Activated,SSV31-2-120-A-150725-57-S31MS629,7,15/07/2025,2529,2611,15/07/2025,13/03/2026,Classroom,Small Stars 3.0,10:00,10:02,1
Kediri,TB 4A (2546-2602) PTM 2603 / 3B (2603-2613),Activated,TBV34-2-160-A-121125-143-S18MS524,8,12/11/2025,2546,2613,12/11/2025,01/04/2026,Classroom,Trailblazers 3.0,19:10,19:08,4
Kediri,TB 6A (2546-2602) PTM 2603/ 6B (2603-2613),Activated,TBV36-2-160-A-121125-112-S6MS79,5,12/11/2025,2546,2613,12/11/2025,01/04/2026,Classroom,Trailblazers 3.0,18:30,18:28,6
Kediri,FR  11A (2546-2602) PTM 2603/B (2603-2612),Activated,FRV211-2-160-A-111125-04-S40MS799,6,11/11/2025,2546,2612,11/11/2025,27/03/2026,Classroom,Frontrunner 2.0,12:30,12:31,11
Kediri,HF E1 (2546-2602) PTM 2603/2 (2603-2612),Activated,HFV2E-2-160-A-111125-153-S45MS680,4,11/11/2025,2546,2612,11/11/2025,27/03/2026,Classroom,High Flyers 2.0,19:30,19:34,E
Kediri,TB 4A (2546-2602) PTM 2603/B (2603-2612),Activated,TBV34-2-160-A-111125-142-S39MS838,8,11/11/2025,2546,2612,11/11/2025,27/03/2026,Classroom,Trailblazers 3.0,20:00,19:56,4
Kediri,SS 3A(2546-2611) PTM 2612/ 3B(2613-2629),Activated,SSV33-2-120-A-111125-99-S21MS239,4,11/11/2025,2456,2629,11/11/2025,17/07/2026,Classroom,Small Stars 3.0,15:00,14:57,3
Kediri,HF C1 (2546-2602) PTM 2604/ C2 (2605-2614),Activated,HFV2C-2-160-A-121125-142-S30MS444,12,12/11/2025,2546,2614,12/11/2025,28/03/2026,Classroom,High Flyers 2.0,17:30,17:34,C
Kediri,SS 3A(2546-2611) PTM 2612/ 3B(2613-2629),Activated,SSV33-2-120-A-101125-98-S41MS187,5,10/11/2025,2456,2629,10/11/2025,16/07/2026,Classroom,Small Stars 3.0,19:30,19:25,3
Kediri,FR 12A (2545-2601) PTM 2602/FR 12B (2602-2611),Activated,FRV212-2-160-A-081125-03-S6MS784,2,08/11/2025,2545,2611,08/11/2025,14/03/2026,Classroom,Frontrunner 2.0,12:30,12:31,12
Kediri,FR 8A (2545-2602) PTM 2603/ FR 8B (2603-2611),Activated,FRV28-2-160-A-031125-06-S53MS120,5,03/11/2025,2545,2611,03/11/2025,12/03/2026,Classroom,Frontrunner 2.0,12:10,12:09,8
Kediri,FULL SS 4A(2544-2609) PTM 2610 /4B(2610-2625),Activated,SSV34-2-120-A-271025-136-S20MS917,11,27/10/2025,2544,2625,27/10/2025,29/06/2026,Classroom,Small Stars 3.0,16:30,16:32,4
Kediri,TB 5A (2544-2552) PTM 2601/ TB 5B (2601-2609),Activated,TBV35-2-160-A-271025-119-S28MS129,11,27/10/2025,2544,2609,27/10/2025,05/03/2026,Classroom,Trailblazers 3.0,18:50,18:47,5
Kediri,TB 2A(2544-2452) PTM 2602/2B (2601-2610),Activated,TBV32-2-160-A-271025-94-S17MS281,11,27/10/2025,2544,2610,27/10/2025,05/03/2026,Classroom,Trailblazers 3.0,13:20,13:15,2
Kediri,TB 3A(2544-2452) PTM 2602/3B (2601-2610),Activated,TBV33-2-160-A-271025-145-S24MS907,8,27/10/2025,2544,2610,27/10/2025,05/03/2026,Classroom,Trailblazers 3.0,12:00,11:56,3
Kediri,HF C1(2544-2452) PTM 2602/C2 (2601-2610),Activated,HFV2C-2-160-A-271025-141-S42MS879,11,27/10/2025,2544,2610,27/10/2025,05/03/2026,Classroom,High Flyers 2.0,16:50,16:49,C
Kediri,SS 1A(2540-2605) PTM 2606/1B(2606-2623),Activated,SSV31-2-120-A-290925-59-S10MS945,5,29/09/2025,2540,2623,29/09/2025,01/06/2026,Classroom,Small Stars 3.0,16:40,16:42,1
Kediri,TOEFL Hi T1 (2539-2550) /T2 (2551-2611),Activated,TOV1TOEFLITPB1-2-160-A-270925-03-S9MS322,5,27/09/2025,2539,2611,27/09/2025,14/03/2026,Classroom,TOEFL 1.0,18:20,18:18,TOEFLITPB1
Kediri,SS 3A(2539-2604) PTM 2605 /3B(2605-2621),Activated,SSV33-2-120-A-220925-97-S57MS589,5,22/09/2025,2539,2621,22/09/2025,21/05/2026,Classroom,Small Stars 3.0,12:10,12:06,3
Bali Kuta,FR 8 - 2544,Activated,FRV28-2-160-A-281025-12-S21MS38,6,28/10/2025,2544,2612,28/10/2025,21/03/2026,Classroom,Frontrunner 2.0,10:50,10:48,8
Bali Kuta,SS 2 - 2544,Activated,SSV32-2-120-A-271025-126-S36MS341,5,27/10/2025,2544,2625,27/10/2025,20/06/2026,Classroom,Small Stars 3.0,13:50,13:46,2
Bali Kuta,SS 3 - 2541,Activated,SSV33-2-120-A-071025-144-S27MS153,6,07/10/2025,2541,2621,07/10/2025,02/06/2026,Classroom,Small Stars 3.0,19:30,19:34,3
Bali Kuta,SS 2 - 2540,Activated,SSV32-2-120-A-290925-123-S27MS233,7,29/09/2025,2540,2620,29/09/2025,16/05/2026,Classroom,Small Stars 3.0,16:00,16:03,2
Bali Kuta,SS 4 - 2539,Activated,SSV34-2-120-A-220925-198-S45MS283,6,22/09/2025,2539,2619,22/09/2025,09/05/2026,Classroom,Small Stars 3.0,15:20,15:15,4
Bali Kuta,Mitra Prodin - CLT Offline,Activated,FRV11-9-720-A-090925-01-S9MS235,0,09/09/2025,2537,2551,08/09/2025,07/04/2026,Classroom,Frontrunner 1.0,11:20,11:23,1
Bali Kuta,SS 1 - 2537,Activated,SSV31-2-120-A-080925-86-S25MS846,5,08/09/2025,2537,2618,08/09/2025,02/05/2026,Classroom,Small Stars 3.0,18:40,18:44,1
Bali Kuta,SS 3 - 2537,Activated,SSV33-2-120-A-100925-142-S53MS494,7,10/09/2025,2537,2619,10/09/2025,09/05/2026,Classroom,Small Stars 3.0,15:40,15:44,3
Bali Kuta,SS 4 - 2535,Activated,SSV34-2-120-A-260825-195-S32MS566,10,26/08/2025,2535,2616,26/08/2025,18/04/2026,Classroom,Small Stars 3.0,13:30,13:26,4
Bali Kuta,SS 3 - 2535,Activated,SSV33-2-120-A-300825-140-S19MS225,11,30/08/2025,2535,2617,30/08/2025,02/05/2026,Classroom,Small Stars 3.0,11:10,11:05,3
Bali Kuta,SS 3 - 2535,Activated,SSV33-2-120-A-250825-139-S59MS938,8,25/08/2025,2535,2615,25/08/2025,18/04/2026,Classroom,Small Stars 3.0,10:40,10:36,3
Bali Kuta,FR 4 - 2608,Activated,FRV24-2-160-A-120326-27-S13MS263,8,12/03/2026,2608,2626,12/03/2026,27/06/2026,Classroom,Frontrunner 2.0,13:20,13:15,4
Bali Kuta,HF E - 2611,Activated,HFV2E-2-160-A-110326-200-S0MS577,13,11/03/2026,2611,2630,11/03/2026,25/07/2026,Classroom,High Flyers 2.0,19:40,19:38,E
Bali Kuta,TB 4 - 2550,Activated,TBV34-2-160-A-020326-181-S1MS472,12,02/03/2026,2550,2617,02/03/2026,25/04/2026,Classroom,Trailblazers 3.0,19:40,19:37,4
Bali Kuta,TB 5 - 2610,Activated,TBV35-2-160-A-020326-163-S51MS897,10,02/03/2026,2610,2628,02/03/2026,11/07/2026,Classroom,Trailblazers 3.0,18:40,18:44,5
Bali Kuta,FR 6 - 2609,Activated,FRV26-2-160-A-230226-24-S45MS942,8,23/02/2026,2609,2627,23/02/2026,04/07/2026,Classroom,Frontrunner 2.0,18:10,18:13,6
Bali Kuta,TB 1 - 2609,Activated,TBV31-2-160-A-240226-95-S22MS585,8,24/02/2026,2609,2627,24/02/2026,04/07/2026,Classroom,Trailblazers 3.0,10:40,10:44,1
Bali Kuta,FR 3 - 2609,Activated,FRV23-2-160-A-230226-24-S3MS946,7,23/02/2026,2609,2627,23/02/2026,04/07/2026,Classroom,Frontrunner 2.0,16:00,15:59,3
Bali Kuta,TB 6 - 2609,Activated,TBV36-2-160-A-230226-143-S25MS819,6,23/02/2026,2609,2627,23/02/2026,04/07/2026,Classroom,Trailblazers 3.0,14:50,14:45,6
Bali Kuta,TB 3 - 2545,Activated,TBV33-2-160-A-100226-198-S54MS737,10,10/02/2026,2545,2612,10/02/2026,21/03/2026,Classroom,Trailblazers 3.0,12:10,12:08,3
Bali Kuta,FR 4 - 2608,Activated,FRV24-2-160-A-170226-24-S44MS959,9,17/02/2026,2608,2626,17/02/2026,27/06/2026,Classroom,Frontrunner 2.0,17:00,16:57,4
Bali Kuta,TB 3 - 2608,Activated,TBV33-2-160-A-160226-197-S55MS38,5,16/02/2026,2608,2626,16/02/2026,27/06/2026,Classroom,Trailblazers 3.0,13:50,13:50,3
Bali Kuta,HF D - 2608,Activated,HFV2D-2-160-A-160226-204-S3MS429,10,16/02/2026,2608,2626,16/02/2026,27/06/2026,Classroom,High Flyers 2.0,15:00,15:02,D
Bali Kuta,HF E - 2608,Activated,HFV2E-2-160-A-170226-199-S30MS856,12,17/02/2026,2608,2626,17/02/2026,25/06/2026,Classroom,High Flyers 2.0,15:10,15:05,E
Bali Kuta,HF G - 2608,Activated,HFV2G-2-160-A-170226-166-S2MS949,10,17/02/2026,2608,2626,17/02/2026,27/06/2026,Classroom,High Flyers 2.0,12:00,11:57,G
Bali Kuta,TB 8 - 2608,Activated,TBV38-2-160-A-160226-155-S12MS500,10,16/02/2026,2608,2626,16/02/2026,27/06/2026,Classroom,Trailblazers 3.0,14:40,14:35,8
Bali Kuta,FR 12 - 2607,Activated,FRV212-2-160-A-090226-08-S32MS587,8,09/02/2026,2607,2625,09/02/2026,20/06/2026,Classroom,Frontrunner 2.0,13:40,13:43,12
Bali Kuta,HF H - 2607,Activated,HFV2H-2-160-A-090226-131-S46MS917,7,09/02/2026,2607,2625,09/02/2026,20/06/2026,Classroom,High Flyers 2.0,13:30,13:33,H
Bali Kuta,FR 6 - 2607,Activated,FRV26-2-160-A-100226-22-S29MS671,9,10/02/2026,2607,2625,10/02/2026,23/06/2026,Classroom,Frontrunner 2.0,17:00,16:58,6
Bali Kuta,HF H - 2607,Activated,HFV2H-2-160-A-100226-130-S35MS308,11,10/02/2026,2608,2625,10/02/2026,25/06/2026,Classroom,High Flyers 2.0,17:20,17:19,H
Bali Kuta,TB 7 - 2606,Activated,TBV37-2-160-A-030226-117-S30MS374,13,03/02/2026,2606,2625,03/02/2026,20/06/2026,Classroom,Trailblazers 3.0,18:00,18:00,7
Bali Kuta,FR 8 - 2606,Activated,FRV28-2-160-A-030226-15-S7MS660,5,03/02/2026,2606,2624,03/02/2026,18/06/2026,Classroom,Frontrunner 2.0,14:20,14:23,8
Bali Kuta,SS 3 - 2606,Activated,SSV33-2-120-A-030226-154-S6MS947,10,03/02/2026,2606,2638,03/02/2026,19/09/2026,Classroom,Small Stars 3.0,19:30,19:28,3
Bali Kuta,HF F - 2607,Activated,HFV2F-2-160-A-090226-197-S0MS382,10,09/02/2026,2607,2625,09/02/2026,20/06/2026,Classroom,High Flyers 2.0,19:20,19:24,F
Bali Kuta,TB 3 - 2602,Activated,TBV33-2-160-A-220126-192-S47MS523,10,22/01/2026,2604,2619,22/01/2026,09/05/2026,Classroom,Trailblazers 3.0,14:20,14:15,3
Bali Kuta,TB 3 - 2545,Activated,TBV33-2-160-A-260126-191-S53MS922,12,26/01/2026,2545,2611,26/01/2026,14/03/2026,Classroom,Trailblazers 3.0,12:00,11:56,3
Bali Kuta,FR 3 - 2605,Activated,FRV23-2-160-A-270126-22-S18MS872,11,27/01/2026,2605,2623,27/01/2026,06/06/2026,Classroom,Frontrunner 2.0,14:40,14:37,3
Bali Kuta,FR 1 - 2605,Activated,FRV21-2-160-A-260126-09-S7MS659,9,26/01/2026,2605,2622,26/01/2026,30/05/2026,Classroom,Frontrunner 2.0,16:10,16:11,1
Bali Kuta,TB 1 - 2551,Activated,TBV31-2-160-A-161225-92-S3MS11,15,16/12/2025,2551,2618,16/12/2025,02/05/2026,Classroom,Trailblazers 3.0,15:40,15:40,1
Bali Kuta,HF C - 2551,Activated,HFV2C-2-160-A-161225-177-S6MS82,8,16/12/2025,2551,2618,16/12/2025,02/05/2026,Classroom,High Flyers 2.0,17:00,16:59,C
Bali Kuta,HF D - 2604,Activated,HFV2D-2-160-A-210126-199-S4MS906,12,21/01/2026,2604,2622,21/01/2026,30/05/2026,Classroom,High Flyers 2.0,16:50,16:47,D
Bali Kuta,SS 4 -2604,Activated,SSV34-2-120-A-200126-210-S4MS696,10,20/01/2026,2604,2637,20/01/2026,08/09/2026,Classroom,Small Stars 3.0,17:30,17:26,4
Bali Kuta,HF J - 2604,Activated,HFV2J-2-160-A-210126-90-S6MS959,9,21/01/2026,2604,2622,21/01/2026,30/05/2026,Classroom,High Flyers 2.0,16:10,16:09,J
Bali Kuta,HF E - 2604,Activated,HFV2E-2-160-A-190126-196-S23MS559,9,19/01/2026,2604,2622,19/01/2026,01/06/2026,Classroom,High Flyers 2.0,13:00,13:03,E
Bali Kuta,HF D - 2603,Activated,HFV2D-2-160-A-130126-198-S1MS28,12,13/01/2026,2603,2621,13/01/2026,23/05/2026,Classroom,High Flyers 2.0,12:20,12:21,D
Bali Kuta,TB 5 - 2603,Activated,TBV35-2-160-A-140126-156-S37MS867,10,14/01/2026,2603,2621,14/01/2026,22/05/2026,Classroom,Trailblazers 3.0,18:20,18:15,5
Bali Kuta,FR 2 - 2603,Activated,FRV22-2-160-A-120126-18-S20MS567,12,12/01/2026,2603,2620,12/01/2026,16/05/2026,Classroom,Frontrunner 2.0,19:40,19:39,2
Bali Kuta,FR 2 - 2603,Activated,FRV22-2-160-A-120126-17-S9MS379,12,12/01/2026,2603,2620,12/01/2026,16/05/2026,Classroom,Frontrunner 2.0,16:20,16:15,2
Bali Kuta,FR 11 - 2603,Activated,FRV211-2-160-A-130126-13-S40MS128,10,13/01/2026,2603,2620,13/01/2026,23/05/2026,Classroom,Frontrunner 2.0,15:00,15:00,11
Bali Kuta,FR 5 - 2603,Activated,FRV25-2-160-A-140126-20-S16MS194,12,14/01/2026,2603,2622,14/01/2026,30/05/2026,Classroom,Frontrunner 2.0,14:30,14:31,5
Bali Kuta,HF D - 2603,Activated,HFV2D-2-160-A-130126-197-S15MS400,15,13/01/2026,2603,2621,13/01/2026,23/05/2026,Classroom,High Flyers 2.0,16:30,16:30,D
Bali Kuta,SS 2 - 2603,Activated,SSV32-2-120-A-120126-131-S41MS938,7,12/01/2026,2603,2635,12/01/2026,29/08/2026,Classroom,Small Stars 3.0,19:30,19:27,2
Bali Kuta,HF F - 2602,Activated,HFV2F-2-160-A-060126-193-S36MS664,7,06/01/2026,2602,2619,06/01/2026,09/05/2026,Classroom,High Flyers 2.0,10:10,10:08,F
Bali Kuta,TB 2 - 2602,Activated,TBV32-2-160-A-070126-133-S25MS115,12,07/01/2026,2602,2621,07/01/2026,23/05/2026,Classroom,Trailblazers 3.0,15:20,15:24,2
Bali Kuta,TB 2 - 2602,Activated,TBV32-2-160-A-070126-132-S1MS137,11,07/01/2026,2602,2621,07/01/2026,23/05/2026,Classroom,Trailblazers 3.0,12:10,12:08,2
Bali Kuta,FR 10 - 2602,Activated,FRV210-2-160-A-050126-20-S39MS783,9,05/01/2026,2602,2620,05/01/2026,16/05/2026,Classroom,Frontrunner 2.0,13:00,12:56,10
Bali Kuta,TB 2 - 2602,Activated,TBV32-2-160-A-060126-131-S36MS115,11,06/01/2026,2602,2619,06/01/2026,09/05/2026,Classroom,Trailblazers 3.0,19:00,18:59,2
Bali Kuta,HF G - 2552,Activated,HFV2G-2-160-A-050126-163-S41MS226,8,05/01/2026,2552,2618,05/01/2026,02/05/2026,Classroom,High Flyers 2.0,19:10,19:14,G
Bali Kuta,HF E - 2602,Activated,HFV2E-2-160-A-070126-193-S39MS755,6,07/01/2026,2602,2621,07/01/2026,23/05/2026,Classroom,High Flyers 2.0,17:20,17:16,E
Bali Kuta,HF I - 2602,Activated,HFV2I-2-160-A-060126-97-S27MS303,9,06/01/2026,2602,2620,06/01/2026,16/05/2026,Classroom,High Flyers 2.0,19:20,19:16,I
Bali Kuta,TB 5 - 2602,Activated,TBV35-2-160-A-060126-153-S26MS452,9,06/01/2026,2602,2619,06/01/2026,09/05/2026,Classroom,Trailblazers 3.0,11:40,11:39,5
Bali Kuta,TB 6 - 2602,Activated,TBV36-2-160-A-060126-139-S20MS655,9,06/01/2026,2602,2619,06/01/2026,12/05/2026,Classroom,Trailblazers 3.0,13:50,13:49,6
Bali Kuta,FR 7 - 2551,Activated,FRV27-2-160-A-171225-24-S22MS668,7,17/12/2025,2551,2618,17/12/2025,02/05/2026,Classroom,Frontrunner 2.0,11:40,11:41,7
Bali Kuta,HF G - 2549,Activated,HFV2G-1-120-A-061225-16-S35MS446,11,06/12/2025,2549,2623,06/12/2025,06/06/2026,Classroom,High Flyers 2.0,16:30,16:31,G
Bali Kuta,TB 4 - 2549,Activated,TBV34-2-160-A-011225-175-S55MS988,12,01/12/2025,2549,2615,01/12/2025,11/04/2026,Classroom,Trailblazers 3.0,18:10,18:05,4
Bali Kuta,TB 2 - 2548,Activated,TBV32-2-160-A-241125-126-S6MS253,15,24/11/2025,2548,2614,24/11/2025,04/04/2026,Classroom,Trailblazers 3.0,10:10,10:06,2
Bali Kuta,SS 3 - 2548,Activated,SSV33-2-120-A-241125-148-S10MS878,6,24/11/2025,2548,2628,24/11/2025,20/07/2026,Classroom,Small Stars 3.0,19:50,19:51,3
Bali Kuta,SS 1 - 2548,Activated,SSV31-2-120-A-251125-90-S40MS704,6,25/11/2025,2548,2628,25/11/2025,14/07/2026,Classroom,Small Stars 3.0,10:50,10:49,1
Bali Kuta,SS 4 - 2548,Activated,SSV34-2-120-A-261125-205-S12MS317,8,26/11/2025,2548,2630,26/11/2025,25/07/2026,Classroom,Small Stars 3.0,16:00,15:57,4
Bali Kuta,SS 4 - 2533,Activated,SSV34-2-120-A-160825-193-S10MS108,11,16/08/2025,2533,2615,16/08/2025,11/04/2026,Classroom,Small Stars 3.0,12:40,12:40,4
Bali Kuta,SS 2 - 2533 FULL,Activated,SSV32-2-120-A-110825-120-S25MS405,7,11/08/2025,2533,2614,11/08/2025,04/04/2026,Classroom,Small Stars 3.0,15:20,15:17,2
Bali Kuta,SS 2 - 2533,Activated,SSV32-2-120-A-120825-119-S47MS514,8,12/08/2025,2533,2613,12/08/2025,28/03/2026,Classroom,Small Stars 3.0,17:40,17:43,2
Bali Kuta,HF E - 2546,Activated,HFV2E-2-160-A-101125-190-S30MS190,9,10/11/2025,2546,2612,10/11/2025,21/03/2026,Classroom,High Flyers 2.0,18:30,18:31,E
Bali Kuta,HF I - 2546,Activated,HFV2I-2-160-A-101125-95-S59MS795,7,10/11/2025,2546,2612,10/11/2025,21/03/2026,Classroom,High Flyers 2.0,12:30,12:27,I
Bali Kuta,SS 4 - 2546,Activated,SSV34-2-120-A-111125-203-S43MS122,6,11/11/2025,2546,2627,11/11/2025,14/07/2026,Classroom,Small Stars 3.0,18:10,18:14,4
Bali Kuta,HF E - 2546,Activated,HFV2E-2-160-A-101125-189-S47MS157,10,10/11/2025,2546,2612,10/11/2025,21/03/2026,Classroom,High Flyers 2.0,12:30,12:26,E
Bali Kuta,HF F - 2545,Activated,HFV2F-2-160-A-051125-188-S1MS298,14,05/11/2025,2545,2611,05/11/2025,14/03/2026,Classroom,High Flyers 2.0,12:20,12:22,F
Bali Kuta,TB 6 - 2545,Activated,TBV36-1-120-A-081125-19-S3MS810,6,08/11/2025,2545,2619,08/11/2025,09/05/2026,Classroom,Trailblazers 3.0,19:40,19:44,6
Malang 1 Ijen,TB 2 2607-2616 (ext 1W)//2617-2626 (ext 1W) (MF),Activated,TBV32-2-160-A-090226-98-S8MS653,11,09/02/2026,2607,2626,09/02/2026,26/06/2026,Classroom,Trailblazers 3.0,12:10,12:08,2
Malang 1 Ijen,TB 8 2606-2619 (ext 2W)//2620-2631 (SAT),Activated,TBV38-1-120-A-140226-24-S56MS116,10,14/02/2026,2606,2631,14/02/2026,08/08/2026,Classroom,Trailblazers 3.0,11:20,11:19,8
Malang 1 Ijen,FR 6 2.0 2605-2615 (ext 2W)//2616-2627 (SAT),Activated,FRV26-1-120-A-310126-04-S18MS929,14,31/01/2026,2605,2627,31/01/2026,04/07/2026,Classroom,Frontrunner 2.0,18:20,18:18,6
Malang 1 Ijen,TB 5 2605-2606 (ext 1W)//2607-2616 (ext 1W) (TT),Activated,TBV35-2-160-A-270126-125-S20MS349,7,27/01/2026,2605,2616,27/01/2026,16/04/2026,Classroom,Trailblazers 3.0,16:20,16:21,5
Malang 1 Ijen,FR 4 2.0 2602-2615 (ext 2W)//2616-2627 (SAT),Activated,FRV24-1-120-A-100126-04-S9MS605,8,10/01/2026,2602,2627,10/01/2026,04/07/2026,Classroom,Frontrunner 2.0,13:00,13:01,4
Malang 1 Ijen,TB 8 2606-2615 (ext 1W)//2616-2624 (TT),Activated,TBV38-2-160-A-030226-133-S35MS178,5,03/02/2026,2606,2624,03/02/2026,11/06/2026,Classroom,Trailblazers 3.0,13:20,13:16,8
Malang 1 Ijen,HF H 2606-2615 (ext 1W)//2616-2625 (ext 1W) (WF),Activated,HFV2H-2-160-A-040226-118-S12MS292,10,04/02/2026,2606,2625,04/02/2026,19/06/2026,Classroom,High Flyers 2.0,18:00,17:57,H
Malang 1 Ijen,TB 3 2605-2614 (ext 1W)//2615-2623 (TT) split,Activated,TBV33-2-160-A-030226-143-S44MS724,7,03/02/2026,2606,2623,03/02/2026,04/06/2026,Classroom,Trailblazers 3.0,10:30,10:25,3
Malang 1 Ijen,HF G 2606-2615 (ext 1W)//2616-2624 (TT),Activated,HFV2G-2-160-A-030226-142-S42MS869,10,03/02/2026,2606,2624,03/02/2026,11/06/2026,Classroom,High Flyers 2.0,16:40,16:37,G
Malang 1 Ijen,HF E 2606-2615 (ext 1W)//2616-2624 (MW),Activated,HFV2E-2-160-A-020226-159-S55MS590,15,02/02/2026,2606,2624,02/02/2026,10/06/2026,Classroom,High Flyers 2.0,19:20,19:20,E
Malang 1 Ijen,TB 2 2606-2615 (ext 1W)//2616-2624 (TT),Activated,TBV32-2-160-A-030226-97-S55MS441,10,03/02/2026,2606,2624,03/02/2026,11/06/2026,Classroom,Trailblazers 3.0,17:50,17:53,2
Malang 1 Ijen,TB 1 2606-2619 (ext 2W)//2620-2631 (SAT),Activated,TBV31-1-120-A-140226-15-S6MS468,9,14/02/2026,2606,2631,14/02/2026,08/08/2026,Classroom,Trailblazers 3.0,11:20,11:20,1
Malang 1 Ijen,HF C 2606-2619 (ext 2W)//2620-2631 (SAT),Activated,HFV2C-1-120-A-140226-36-S8MS652,9,14/02/2026,2606,2631,14/02/2026,08/08/2026,Classroom,High Flyers 2.0,12:00,12:01,C
Malang 1 Ijen,SS 2 2606-2623 (ext 2W)//2624-2639 (TT),Activated,SSV32-2-120-A-030226-102-S0MS499,8,03/02/2026,2606,2639,03/02/2026,24/09/2026,Classroom,Small Stars 3.0,10:10,10:12,2
Malang 1 Ijen,TB 5 2605-2607 (ext 2W)//2608-2620 (ext 1W) (SAT),Activated,TBV35-1-120-A-310126-47-S36MS279,9,31/01/2026,2605,2620,31/01/2026,16/05/2026,Classroom,Trailblazers 3.0,13:00,13:04,5
Malang 1 Ijen,HF J 2605-2614 (ext 1W)//2615-2623  (TT),Activated,HFV2J-2-160-A-270126-92-S30MS642,7,27/01/2026,2605,2623,27/01/2026,04/06/2026,Classroom,High Flyers 2.0,16:40,16:42,J
Malang 1 Ijen,FR 11 2.0 2605-2614 (ext 1W)//2615-2623 (TT),Activated,FRV211-2-160-A-270126-09-S55MS767,7,27/01/2026,2605,2623,27/01/2026,04/06/2026,Classroom,Frontrunner 2.0,15:10,15:05,11
Malang 1 Ijen,HF H 2605-2614 (ext 1W)//2615-2623 (TT),Activated,HFV2H-2-160-A-270126-117-S8MS944,6,27/01/2026,2605,2623,27/01/2026,04/06/2026,Classroom,High Flyers 2.0,17:30,17:32,H
Malang 1 Ijen,TB 3 2605-2614 (ext 1W)//2615-2623 (TT),Activated,TBV33-2-160-A-270126-142-S21MS818,11,27/01/2026,2605,2623,27/01/2026,04/06/2026,Classroom,Trailblazers 3.0,18:20,18:19,3
Malang 1 Ijen,HF C 2605-2614 (ext 1W)//2615-2624 (ext 1W) (MF),Activated,HFV2C-2-160-A-260126-138-S38MS860,9,26/01/2026,2605,2624,26/01/2026,12/06/2026,Classroom,High Flyers 2.0,13:20,13:16,C
Malang 1 Ijen,TB 4 2605-2618 (ext 2W)//2619-2630 (SAT),Activated,TBV34-1-120-A-310126-34-S59MS362,14,31/01/2026,2605,2630,31/01/2026,01/08/2026,Classroom,Trailblazers 3.0,18:50,18:51,4
Malang 1 Ijen,TB 4 2605-2618 (ext 2W)//2619-2630 (SAT),Activated,TBV34-1-120-A-310126-33-S0MS878,11,31/01/2026,2605,2630,31/01/2026,01/08/2026,Classroom,Trailblazers 3.0,17:40,17:37,4
Malang 1 Ijen,HF E 2605-2614 (ext 1W)//2615-2623 (TT),Activated,HFV2E-2-160-A-270126-158-S12MS818,8,27/01/2026,2605,2623,27/01/2026,04/06/2026,Classroom,High Flyers 2.0,18:40,18:38,E
Malang 1 Ijen,TB 8 2605-2618 (ext 2W)//2619-2630 (SAT),Activated,TBV38-1-120-A-310126-23-S45MS576,5,31/01/2026,2605,2630,31/01/2026,01/08/2026,Classroom,Trailblazers 3.0,14:30,14:31,8
Malang 1 Ijen,HF D 2605-2614 (ext 1W)//2615-2624 (ext 1W) (WF),Activated,HFV2D-2-160-A-280126-155-S49MS853,8,28/01/2026,2605,2624,28/01/2026,12/06/2026,Classroom,High Flyers 2.0,18:50,18:49,D
Malang 1 Ijen,HF D 2605-2618 (ext 2W)//2619-2630 (SAT),Activated,HFV2D-1-120-A-310126-36-S34MS767,13,31/01/2026,2605,2630,31/01/2026,01/08/2026,Classroom,High Flyers 2.0,15:10,15:06,D
Malang 1 Ijen,HF C 2604-2613 (ext 1W)// B 2614-2622 (TT),Activated,HFV2C-2-160-A-200126-137-S53MS385,12,20/01/2026,2604,2622,20/01/2026,28/05/2026,Classroom,High Flyers 2.0,14:10,14:06,C
Malang 1 Ijen,HF E 2604-2612//2613-2622 (ext 1W)  (MW),Activated,HFV2E-2-160-A-190126-157-S3MS482,7,19/01/2026,2604,2622,19/01/2026,27/05/2026,Classroom,High Flyers 2.0,11:50,11:52,E
Malang 1 Ijen,FR 10 2.0 2604-2613 (ext 1W)//2614-2622 (TT),Activated,FRV210-2-160-A-200126-13-S30MS636,10,20/01/2026,2604,2622,20/01/2026,28/05/2026,Classroom,Frontrunner 2.0,17:50,17:52,10
Malang 1 Ijen,TB 8 2604-2613 (ext 1W)//2614-2622 (TT),Activated,TBV38-2-160-A-200126-132-S16MS928,5,20/01/2026,2604,2622,20/01/2026,28/05/2026,Classroom,Trailblazers 3.0,10:30,10:34,8
Malang 1 Ijen,SS 4 A 2604-2621 (ext 2W)// B 2622-2637 (WF),Activated,SSV34-2-120-A-210126-153-S18MS679,11,21/01/2026,2604,2637,21/01/2026,11/09/2026,Classroom,Small Stars 3.0,12:20,12:18,4
Malang 1 Ijen,FR 3 2.0 2603-2610 (ext 2W)//2611-2623 (ext 1W) (SAT),Activated,FRV23-1-120-A-170126-04-S41MS595,13,17/01/2026,2603,2623,17/01/2026,06/06/2026,Classroom,Frontrunner 2.0,16:10,16:06,3
Malang 1 Ijen,FR 8 2.0 2603-2610//2611-2620 (ext 1W) (MW),Activated,FRV28-2-160-A-140126-09-S20MS352,5,14/01/2026,2603,2620,14/01/2026,13/05/2026,Classroom,Frontrunner 2.0,10:50,10:48,8
Malang 1 Ijen,SS 1 2604-2621 (ext 2W)//2622-2637 (WF),Activated,SSV31-2-120-A-210126-57-S28MS885,6,21/01/2026,2604,2637,21/01/2026,11/09/2026,Classroom,Small Stars 3.0,18:50,18:45,1
Malang 1 Ijen,HF J 2602-2610//2611-2620 (ext 1W) (MW),Activated,HFV2J-2-160-A-050126-91-S2MS396,7,05/01/2026,2602,2620,05/01/2026,13/05/2026,Classroom,High Flyers 2.0,12:30,12:33,J
Malang 1 Ijen,FR 2 2.0 2604-2609 (ext 1W)//2610-2619 (ext 1W) (TT),Activated,FRV22-2-160-A-200126-07-S22MS412,8,20/01/2026,2604,2619,20/01/2026,07/05/2026,Classroom,Frontrunner 2.0,17:20,17:23,2
Malang 1 Ijen,TB 2 2603-2613 (ext 2W)//2614-2625 (SAT),Activated,TBV32-1-120-A-170126-37-S29MS642,12,17/01/2026,2603,2625,17/01/2026,20/06/2026,Classroom,Trailblazers 3.0,13:20,13:19,2
Malang 1 Ijen,FR 3 2.0 2603-2611//2612-2622 (ext 2W) (WF),Activated,FRV23-2-160-A-140126-07-S36MS122,6,14/01/2026,2603,2622,14/01/2026,29/05/2026,Classroom,Frontrunner 2.0,18:40,18:38,3
Malang 1 Ijen,TB 3 2603-2611//2612-2622 (ext 1W) (WF),Activated,TBV33-2-160-A-140126-141-S17MS378,11,14/01/2026,2603,2622,14/01/2026,29/05/2026,Classroom,Trailblazers 3.0,13:30,13:31,3
Malang 1 Ijen,TB 2 2603-2616 (ext 2W)//2617-2628 (SAT),Activated,TBV32-1-120-A-170126-36-S40MS501,7,17/01/2026,2603,2628,17/01/2026,18/07/2026,Classroom,Trailblazers 3.0,11:40,11:42,2
Malang 1 Ijen,HF I 2603-2611//2612-2622 (ext 2W) (WF),Activated,HFV2I-2-160-A-140126-96-S24MS307,4,14/01/2026,2603,2622,14/01/2026,29/05/2026,Classroom,High Flyers 2.0,18:40,18:36,I
Malang 1 Ijen,FR 12 2.0 2603-2611//2612-2621 (ext 1W) (MF),Activated,FRV212-2-160-A-120126-09-S51MS210,7,12/01/2026,2603,2621,12/01/2026,22/05/2026,Classroom,Frontrunner 2.0,11:00,11:02,12
Malang 1 Ijen,HF H 2602-2615 (ext 2W)//2616-2627 (SAT),Activated,HFV2H-1-120-A-100126-12-S23MS124,6,10/01/2026,2602,2627,10/01/2026,04/07/2026,Classroom,High Flyers 2.0,14:00,13:56,H
Malang 1 Ijen,HF I 2602-2615 (ext 2W)//2616-2627 (SAT),Activated,HFV2I-1-120-A-100126-10-S31MS463,5,10/01/2026,2602,2627,10/01/2026,11/07/2026,Classroom,High Flyers 2.0,16:00,16:03,I
Malang 1 Ijen,FR 9 2.0 2602-2610//2611-2620 (ext 1w) (TT),Activated,FRV29-2-160-A-060126-14-S55MS345,6,06/01/2026,2602,2620,06/01/2026,14/05/2026,Classroom,Frontrunner 2.0,10:50,10:47,9
Malang 1 Ijen,SS 4 A 2603-2619 (ext 1W)// B 2620-2636 (ext 1W) (MW),Activated,SSV34-2-120-A-120126-152-S58MS26,7,12/01/2026,2603,2636,12/01/2026,02/09/2026,Classroom,Small Stars 3.0,11:10,11:07,4
Malang 1 Ijen,FR 10 2.0 2602-2610//2611-2621 (ext 2w) (WF),Activated,FRV210-2-160-A-070126-12-S14MS621,5,07/01/2026,2602,2621,07/01/2026,22/05/2026,Classroom,Frontrunner 2.0,10:30,10:28,10
Malang 1 Ijen,FR 4 2.0 2602-2610//2611-2621 (ext 2w) (WF),Activated,FRV24-2-160-A-070126-08-S30MS182,5,07/01/2026,2602,2621,07/01/2026,22/05/2026,Classroom,Frontrunner 2.0,18:20,18:15,4
Malang 1 Ijen,HF I 2552-2609 (ext 1W)//2610-2620 (ext 1W) (WF),Activated,HFV2I-2-160-A-241225-95-S37MS314,7,24/12/2025,2552,2620,24/12/2025,15/05/2026,Classroom,High Flyers 2.0,17:10,17:09,I
Malang 1 Ijen,TB 6 2601-2610 (ext 1W)//2611-2621 (ext 2W) (WF),Activated,TBV36-2-160-A-070126-113-S0MS314,13,07/01/2026,2601,2621,07/01/2026,22/05/2026,Classroom,Trailblazers 3.0,18:10,18:06,6
Malang 1 Ijen,FR 6 2.0 2551-2608 (ext 1W)//2609-2619 (ext 2W) (WF),Activated,FRV26-2-160-A-171225-10-S27MS464,9,17/12/2025,2551,2619,17/12/2025,08/05/2026,Classroom,Frontrunner 2.0,14:00,13:59,6
Malang 1 Ijen,TB 8 2551-2608 (ext 1W)//2609-2619 (ext 2W) (WF),Activated,TBV38-2-160-A-171225-131-S43MS580,6,17/12/2025,2551,2619,17/12/2025,08/05/2026,Classroom,Trailblazers 3.0,18:40,18:35,8
Malang 1 Ijen,HF D 2550-2607 (ext 1W)//2608-2617 (ext 1W) (MW),Activated,HFV2D-2-160-A-081225-154-S21MS428,7,08/12/2025,2550,2617,08/12/2025,22/04/2026,Classroom,High Flyers 2.0,15:40,15:44,D
Malang 1 Ijen,TB 3 2550-2607(ext 1W)//2608-2617 (ext 1W) (TT),Activated,TBV33-2-160-A-091225-140-S17MS943,11,09/12/2025,2550,2617,09/12/2025,23/04/2026,Classroom,Trailblazers 3.0,13:00,13:02,3
Malang 1 Ijen,FR 9 2.0 2550-2607 (ext 1W)//2608-2617 (ext 1W) (TT),Activated,FRV29-2-160-A-091225-13-S14MS511,7,09/12/2025,2550,2617,09/12/2025,23/04/2026,Classroom,Frontrunner 2.0,13:50,13:46,9
Malang 1 Ijen,TB 3 2550-2607 (ext 1W)//2608-2617 (ext 1W) (MW),Activated,TBV33-2-160-A-081225-139-S30MS400,7,08/12/2025,2550,2617,08/12/2025,22/04/2026,Classroom,Trailblazers 3.0,19:30,19:25,3
Malang 1 Ijen,TB 7 2549-2606 (ext 1W)//2607-2616 (ext 1W) (TT),Activated,TBV37-2-160-A-021225-99-S9MS760,4,02/12/2025,2549,2616,02/12/2025,16/04/2026,Classroom,Trailblazers 3.0,10:40,10:41,7
Malang 1 Ijen,HF I 2549-2606 (ext 1W)//2607-2616 (ext 1W) (MW),Activated,HFV2I-2-160-A-011225-94-S58MS694,7,01/12/2025,2549,2616,01/12/2025,15/04/2026,Classroom,High Flyers 2.0,15:30,15:30,I
Malang 1 Ijen,SS 4 A 2549-2614 (ext 2W)// B 2615-2631 (ext 1W) (TT),Activated,SSV34-2-120-A-021225-150-S47MS670,10,02/12/2025,2549,2631,02/12/2025,30/07/2026,Classroom,Small Stars 3.0,17:20,17:21,4
Malang 1 Ijen,SS 2 2549-2614 (ext 2W)//2615-2631 (ext 1W) (TT),Activated,SSV32-2-120-A-021225-101-S9MS632,9,02/12/2025,2549,2631,02/12/2025,30/07/2026,Classroom,Small Stars 3.0,13:30,13:29,2
Malang 1 Ijen,HF C 2549-2610 (ext 2W)//2611-2623 (ext 1W) (SAT),Activated,HFV2C-1-120-A-061225-35-S31MS387,8,06/12/2025,2549,2623,06/12/2025,06/06/2026,Classroom,High Flyers 2.0,16:30,16:31,C
Malang 1 Ijen,TB 3 2548-2605 (ext 1W)//2606-2615 (ext 1W) (TT),Activated,TBV31-2-160-A-251125-63-S21MS866,9,25/11/2025,2548,2615,25/11/2025,09/04/2026,Classroom,Trailblazers 3.0,16:30,16:25,1
Malang 1 Ijen,SS 3 A 2548-2613 (ext 2W)// B 2614-2630 (ext 1W) (TT),Activated,SSV33-2-120-A-251125-114-S55MS61,9,25/11/2025,2548,2630,25/11/2025,23/07/2026,Classroom,Small Stars 3.0,12:10,12:11,3
Malang 1 Ijen,HF F 2548-2609 (ext 2W)//2610-2622 (ext 1W) (SAT),Activated,HFV2F-1-120-A-291125-32-S35MS575,9,29/11/2025,2548,2622,29/11/2025,30/05/2026,Classroom,High Flyers 2.0,16:40,16:40,F
Malang 1 Ijen,HF F 2548-2609 (ext 2W)//2610-2622 (ext 1W) (SAT),Activated,HFV2F-1-120-A-291125-31-S19MS983,7,29/11/2025,2548,2622,29/11/2025,30/05/2026,Classroom,High Flyers 2.0,17:20,17:20,F
Malang 1 Ijen,FR Jr A 2548-2605 (ext 1W)//2606-2615 (ext 1W) (WF),Activated,FRV27-2-160-A-261125-17-S16MS57,13,26/11/2025,2548,2615,26/11/2025,10/04/2026,Classroom,Frontrunner 2.0,19:40,19:36,7
Malang 1 Ijen,TB 3 2548-2605 (ext 1W)//2606-2615 (ext 1W) (WF),Activated,TBV33-2-160-A-261125-138-S21MS905,12,26/11/2025,2548,2615,26/11/2025,10/04/2026,Classroom,Trailblazers 3.0,14:10,14:14,3
Malang 1 Ijen,FR 5 2.0 2548-2605 (ext 1W)//2606-2615 (ext 1W) (WF),Activated,FRV25-2-160-A-261125-11-S17MS998,10,26/11/2025,2548,2615,26/11/2025,10/04/2026,Classroom,Frontrunner 2.0,16:20,16:22,5
Malang 1 Ijen,FR 3 2.0 2548-2605 (ext 1W)//2606-2615 (ext 1W) (TT),Activated,FRV23-2-160-A-251125-06-S49MS531,5,25/11/2025,2548,2615,25/11/2025,09/04/2026,Classroom,Frontrunner 2.0,15:20,15:19,3
Malang 1 Ijen,HF F 2547-2604 (ext 1W)//2605-2614 (ext 1W) (TT),Activated,HFV2F-2-160-A-181125-163-S41MS13,5,18/11/2025,2547,2614,18/11/2025,02/04/2026,Classroom,High Flyers 2.0,16:30,16:26,F
Malang 1 Ijen,HF G 2547-2604 (ext 1W)//2605-2614 (ext 1W) (TT),Activated,HFV2G-2-160-A-181125-141-S39MS453,4,18/11/2025,2547,2614,18/11/2025,02/04/2026,Classroom,High Flyers 2.0,12:00,12:04,G
Malang 1 Ijen,TB 3 2547-2608 (ext 2W)//2609-2621 (SAT) split,Activated,TBV33-1-120-A-221125-35-S57MS925,14,22/11/2025,2547,2621,22/11/2025,23/05/2026,Classroom,Trailblazers 3.0,19:40,19:41,3
Malang 1 Ijen,TB 3 2547-2608 (ext 2W)//2609-2621 (ext 1W) (SAT),Activated,TBV33-1-120-A-221125-36-S43MS200,11,22/11/2025,2547,2621,22/11/2025,23/05/2026,Classroom,Trailblazers 3.0,14:10,14:10,3
Malang 1 Ijen,HF C 2547-2604 (ext 1W)//2605-2614 (ext 1W) (TT),Activated,HFV2C-2-160-A-181125-136-S2MS303,10,18/11/2025,2547,2614,18/11/2025,02/04/2026,Classroom,High Flyers 2.0,18:00,18:02,C
Malang 1 Ijen,SS 4 A 2547-2611 (ext 1W)// B 2612-2629 (ext 2W) (WF),Activated,SSV34-2-120-A-191125-149-S56MS379,8,19/11/2025,2547,2629,19/11/2025,17/07/2026,Classroom,Small Stars 3.0,16:10,16:11,4
Malang 1 Ijen,FR 12 2.0 2546-2603 (ext 1W)//2604-2613 (ext 1W) (WF),Activated,FRV212-2-160-A-121125-08-S8MS896,7,12/11/2025,2546,2613,12/11/2025,27/03/2026,Classroom,Frontrunner 2.0,18:10,18:08,12
Malang 1 Ijen,FR Jr B 2546-2603 (ext 1W)//2604-2613 (ext 1W) (TT),Activated,FRV18-2-160-A-111125-69-S11MS550,6,11/11/2025,2546,2613,11/11/2025,26/03/2026,Classroom,Frontrunner 1.0,18:40,18:38,8
Malang 1 Ijen,SS 4 A 2534-2549// B 2550-2615 (ext 2W) (TT),Activated,SSV34-2-120-A-190825-145-S26MS973,7,19/08/2025,2534,2615,19/08/2025,09/04/2026,Classroom,Small Stars 3.0,19:50,19:45,4
Malang 1 Ijen,SS 3 A 2534-2549// B 2550-2615 (ext 2W) (TT),Activated,SSV33-2-120-A-190825-109-S7MS102,10,19/08/2025,2534,2615,19/08/2025,09/04/2026,Classroom,Small Stars 3.0,14:50,14:47,3
Malang 1 Ijen,SS 1 2533-2548//2549-2614 (ext 2W) (TT),Activated,SSV31-2-120-A-120825-56-S7MS38,4,12/08/2025,2533,2614,12/08/2025,02/04/2026,Classroom,Small Stars 3.0,15:40,15:42,1
Malang 1 Ijen,SS 4 A 2531-2546// B 2547-2611 (ext 1W) (TT),Activated,SSV34-2-120-A-290725-143-S46MS53,11,29/07/2025,2531,2611,29/07/2025,12/03/2026,Classroom,Small Stars 3.0,18:50,18:45,4
Malang 1 Ijen,SS 1 2531-2546//2547-2611 (ext 1W) (TT),Activated,SSV31-2-120-A-290725-55-S56MS264,8,29/07/2025,2531,2611,29/07/2025,12/03/2026,Classroom,Small Stars 3.0,10:40,10:39,1
Malang 1 Ijen,SS 4 A 2531-2546// B 2547-2611 (ext 1W) (TT),Activated,SSV34-2-120-A-290725-144-S44MS932,10,29/07/2025,2531,2611,29/07/2025,12/03/2026,Classroom,Small Stars 3.0,18:50,18:53,4
Malang 1 Ijen,TB 8 2546-2603 (ext 1W)//2604-2613 (ext 1W) (TT),Activated,TBV38-2-160-A-111125-130-S41MS424,9,11/11/2025,2546,2613,11/11/2025,26/03/2026,Classroom,Trailblazers 3.0,15:10,15:11,8
Malang 1 Ijen,FR Jr A 2546-2603 (ext 1W)//2604-2613 (ext 1W) (TT),Activated,FRV27-2-160-A-111125-16-S20MS118,6,11/11/2025,2546,2613,11/11/2025,26/03/2026,Classroom,Frontrunner 2.0,12:50,12:47,7
Malang 1 Ijen,FR 8 2.0 2546-2603 (ext 1W)//2604-2613 (ext 1W) (TT),Activated,FRV28-2-160-A-111125-07-S18MS404,11,11/11/2025,2546,2613,11/11/2025,26/03/2026,Classroom,Frontrunner 2.0,18:40,18:43,8
Malang 1 Ijen,FR 14 2545-2602 (ext 1W)//2603-2611 (TT),Activated,FRV114-2-160-A-041125-19-S20MS648,4,04/11/2025,2545,2611,04/11/2025,12/03/2026,Classroom,Frontrunner 1.0,13:50,13:49,14
Malang 1 Ijen,HF D 2545-2602 (ext 1W)//2603-2611 (TT) split,Activated,HFV2D-2-160-A-041125-153-S17MS366,6,04/11/2025,2545,2611,04/11/2025,12/03/2026,Classroom,High Flyers 2.0,11:20,11:21,D
Malang 1 Ijen,HF D 2545-2602 (ext 1W)//2603-2611 (TT),Activated,HFV2D-2-160-A-041125-152-S51MS573,7,04/11/2025,2545,2611,04/11/2025,12/03/2026,Classroom,High Flyers 2.0,12:00,12:03,D
Malang 1 Ijen,TB 6 2545-2602 (ext 1W)//2603-2611 (TT),Activated,TBV36-2-160-A-041125-112-S21MS547,10,04/11/2025,2545,2611,04/11/2025,12/03/2026,Classroom,Trailblazers 3.0,10:30,10:34,6
Malang 1 Ijen,HF I 2545-2602 (ext 1W)//2603-2611 (TT),Activated,HFV2I-2-160-A-041125-93-S5MS59,7,04/11/2025,2545,2611,04/11/2025,12/03/2026,Classroom,High Flyers 2.0,10:10,10:09,I
Malang 1 Ijen,TB 5 2545-2602//2603-2611 (MW),Activated,TBV35-2-160-A-031125-123-S34MS619,7,03/11/2025,2545,2611,03/11/2025,11/03/2026,Classroom,Trailblazers 3.0,12:20,12:21,5
Malang 1 Ijen,HF E 2545-2602 (ext 1W)//2603-2611 (MF),Activated,HFV2E-2-160-A-031125-156-S51MS409,6,03/11/2025,2545,2611,03/11/2025,13/03/2026,Classroom,High Flyers 2.0,16:50,16:49,E
Malang 1 Ijen,SS 3 A 2544-2608 (ext 1W)// B 2609-2626 (ext 2W) (WF),Activated,SSV33-2-120-A-291025-113-S37MS696,8,29/10/2025,2544,2626,29/10/2025,26/06/2026,Classroom,Small Stars 3.0,19:00,18:58,3
Malang 1 Ijen,FR 1 2.0 2544-2604 (ext 1W)//2605-2618 (ext 2W) (SAT),Activated,FRV21-1-120-A-011125-03-S55MS967,5,01/11/2025,2544,2618,01/11/2025,02/05/2026,Classroom,Frontrunner 2.0,14:00,14:01,1
Malang 1 Ijen,SS 3 A 2544-2608 (ext 1W)// B 2609-2626 (ext 2W) (WF),Activated,SSV33-2-120-A-291025-112-S20MS792,9,29/10/2025,2544,2626,29/10/2025,26/06/2026,Classroom,Small Stars 3.0,12:20,12:20,3
Malang 1 Ijen,HF D 2543-2603 (ext 1W)//2604-2617 (ext 2W) (SAT),Activated,HFV2D-1-120-A-251025-35-S44MS471,12,25/10/2025,2543,2617,25/10/2025,25/04/2026,Classroom,High Flyers 2.0,18:10,18:10,D
Malang 1 Ijen,SS 4 A 2543-2607 (ext 1W)// B 2608-2625 (ext 2W) (WF),Activated,SSV34-2-120-A-221025-148-S15MS736,10,22/10/2025,2543,2625,22/10/2025,19/06/2026,Classroom,Small Stars 3.0,15:50,15:46,4
Malang 1 Ijen,SS 3 A 2542-2606 (ext 1W// B 2607-2623 (ext 1W) (MF),Activated,SSV33-2-120-A-131025-111-S3MS325,9,13/10/2025,2542,2623,13/10/2025,05/06/2026,Classroom,Small Stars 3.0,10:00,10:04,3
Malang 1 Ijen,SS 2 2542-2606 (ext 1W)//2607-2623 (ext 1W) (MF),Activated,SSV32-2-120-A-131025-100-S10MS741,7,13/10/2025,2542,2623,13/10/2025,05/06/2026,Classroom,Small Stars 3.0,17:10,17:06,2
Malang 1 Ijen,SS 4 A 2541-2605 (ext 1W)// B 2606-2622 (ext 1W) (TT),Activated,SSV34-2-120-A-071025-147-S1MS520,9,07/10/2025,2541,2622,07/10/2025,28/05/2026,Classroom,Small Stars 3.0,15:30,15:29,4
Malang 1 Ijen,FR 2 2.0 2540-2551 (ext 1W)//2601-2614 (ext 2W) (SAT),Activated,FRV22-1-120-A-041025-03-S19MS325,14,04/10/2025,2540,2614,04/10/2025,04/04/2026,Classroom,Frontrunner 2.0,14:40,14:36,2
Malang 1 Ijen,TB 5 2539-2550//2551-2613 (ext 3W) (SAT),Activated,TBV35-1-120-A-270925-45-S57MS338,10,27/09/2025,2539,2613,27/09/2025,28/03/2026,Classroom,Trailblazers 3.0,10:30,10:27,5
Malang 1 Ijen,FR 4 2.0 2538-2549//2550-2611 (ext 2W) (SAT),Activated,FRV24-1-120-A-200925-02-S17MS657,7,20/09/2025,2538,2611,20/09/2025,14/03/2026,Classroom,Frontrunner 2.0,10:40,10:35,4
Malang 1 Ijen,SS 3 A 2537-2601 (ext 1W)// B 2602-2618 (ext 1 W) (TT),Activated,SSV33-2-120-A-090925-110-S51MS744,9,09/09/2025,2537,2618,09/09/2025,30/04/2026,Classroom,Small Stars 3.0,16:00,16:03,3
Malang 1 Ijen,SS 4 A 2535-2550// B 2551-2617 (ext 3W) (SAT),Activated,SSV34-2-120-A-300825-146-S24MS222,11,30/08/2025,2535,2617,30/08/2025,25/04/2026,Classroom,Small Stars 3.0,14:40,14:43,4
Malang 1 Ijen,FR 5 2.0 2612-2624 (ext 1W)//2625-2636 (SAT),Activated,FRV25-1-120-A-280326-03-S52MS166,3,28/03/2026,2612,2636,28/03/2026,12/09/2026,Classroom,Frontrunner 2.0,18:00,18:03,5
Malang 1 Ijen,HF E 2612-2621 (ext 1W)//2622-2630 (TT) split,Activated,HFV2E-2-160-A-170326-161-S26MS593,5,17/03/2026,2612,2630,17/03/2026,28/07/2026,Classroom,High Flyers 2.0,16:10,16:12,E
Malang 1 Ijen,HF E 2612-2621 (ext 1W)//2622-2630 (TT),Activated,HFV2E-2-160-A-170326-160-S3MS672,6,17/03/2026,2612,2630,17/03/2026,28/07/2026,Classroom,High Flyers 2.0,17:40,17:36,E
Malang 1 Ijen,TB 7 2612-2621 (ext 1W)//2622-2630 (TT),Activated,TBV37-2-160-A-170326-101-S46MS878,8,17/03/2026,2612,2630,17/03/2026,28/07/2026,Classroom,Trailblazers 3.0,14:50,14:49,7
Malang 1 Ijen,HF J 2612-2621 (ext 1W)//2622-2630 (TT),Activated,HFV2J-2-160-A-170326-93-S14MS776,5,17/03/2026,2612,2630,17/03/2026,28/07/2026,Classroom,High Flyers 2.0,11:10,11:14,J
Malang 1 Ijen,HF C 2612-2621 (ext 1W)//2622-2630 (TT),Activated,HFV2C-2-160-A-170326-141-S47MS412,7,17/03/2026,2612,2630,17/03/2026,28/07/2026,Classroom,High Flyers 2.0,11:20,11:20,C
Malang 1 Ijen,TB 6 2612-2621 (ext 1W)//2622-2630 (ext 1W) (MW),Activated,TBV36-2-160-A-160326-116-S57MS388,4,16/03/2026,2612,2630,16/03/2026,27/07/2026,Classroom,Trailblazers 3.0,16:10,16:13,6
Malang 1 Ijen,FL 3 2609-2619 (ext 2W)//2620-2628 (WF),Activated,FLV13-2-160-A-250226-01-S28MS700,12,25/02/2026,2609,2628,25/02/2026,10/07/2026,Classroom,Future Leaders 1.0,10:40,10:35,3
Malang 1 Ijen,FR 13 2611-2620 (ext 1W)//2621-2629 (MW),Activated,FRV113-2-160-A-090326-25-S0MS948,5,09/03/2026,2611,2629,09/03/2026,20/07/2026,Classroom,Frontrunner 1.0,18:20,18:18,13
Malang 1 Ijen,TB 7 2611-2620 (ext 1W)//2621-2629 (MW),Activated,TBV37-2-160-A-090326-100-S27MS819,6,09/03/2026,2611,2629,09/03/2026,20/07/2026,Classroom,Trailblazers 3.0,17:50,17:47,7
Malang 1 Ijen,FR 11 2.0 2611-2620 (ext 1W)//2621-2629 (MW),Activated,FRV211-2-160-A-090326-11-S44MS457,7,09/03/2026,2611,2629,09/03/2026,20/07/2026,Classroom,Frontrunner 2.0,11:30,11:34,11
Malang 1 Ijen,SS 3 A 2611-2628 (ext 2W)//2629-2644 (MW),Activated,SSV33-2-120-A-090326-117-S15MS779,6,09/03/2026,2611,2644,09/03/2026,04/11/2026,Classroom,Small Stars 3.0,10:20,10:24,3
Malang 1 Ijen,SS 3 A 2611-2628 (ext 2W)// B 2629-2644 (MW),Activated,SSV33-2-120-A-090326-116-S44MS567,6,09/03/2026,2611,2644,09/03/2026,04/11/2026,Classroom,Small Stars 3.0,18:10,18:12,3
Malang 1 Ijen,HF G 2611-2620 (ext 1W)//2621-2630 (ext 1W) (TT),Activated,HFV2G-2-160-A-100326-145-S57MS459,7,10/03/2026,2611,2631,10/03/2026,23/07/2026,Classroom,High Flyers 2.0,16:40,16:36,G
Malang 1 Ijen,HF F 2611-2620 (ext 1W)//2621-2630 (ext 1W) (TT),Activated,HFV2F-2-160-A-100326-167-S49MS992,8,10/03/2026,2611,2630,10/03/2026,23/07/2026,Classroom,High Flyers 2.0,12:40,12:35,F
Malang 1 Ijen,HF F 2611-2620 (ext 1W)//2621-2630 (ext 1W) (TT),Activated,HFV2F-2-160-A-100326-166-S30MS526,3,10/03/2026,2611,2630,10/03/2026,23/07/2026,Classroom,High Flyers 2.0,12:30,12:28,F
Malang 1 Ijen,HF C 2611-2620 (ext 1W)//2621-2630 (ext 1W) (TT),Activated,HFV2C-2-160-A-100326-140-S26MS513,7,10/03/2026,2611,2630,10/03/2026,23/07/2026,Classroom,High Flyers 2.0,12:10,12:09,C
Malang 1 Ijen,HF C 2611-2620 (ext 1W)//2621-2630 (ext 1W) (TT),Activated,HFV2C-2-160-A-100326-139-S50MS423,5,10/03/2026,2611,2630,10/03/2026,23/07/2026,Classroom,High Flyers 2.0,18:00,17:56,C
Malang 1 Ijen,FR 13 2610-2619 (ext 1W)//2620-2629 (ext 1W) (TT),Activated,FRV113-2-160-A-030326-24-S12MS216,5,03/03/2026,2610,2629,03/03/2026,16/07/2026,Classroom,Frontrunner 1.0,19:10,19:09,13
Malang 1 Ijen,TB 6 2610-2619 (ext 1W)//2620-2629 (ext 1W) (TT),Activated,TBV36-2-160-A-030326-115-S48MS102,9,03/03/2026,2610,2629,03/03/2026,16/07/2026,Classroom,Trailblazers 3.0,16:20,16:17,6
Malang 1 Ijen,FR 10 2.0 2610-2622 (ext 1W)//2623-2634 (SAT),Activated,FRV210-1-120-A-070326-01-S25MS395,5,07/03/2026,2610,2634,07/03/2026,29/08/2026,Classroom,Frontrunner 2.0,13:30,13:29,10
Malang 1 Ijen,SS 3 A 2610-2627 (ext 2W)// B 2628-2643 (MF),Activated,SSV33-2-120-A-020326-115-S15MS623,4,02/03/2026,2610,2643,02/03/2026,30/10/2026,Classroom,Small Stars 3.0,17:40,17:36,3
Malang 1 Ijen,FR 16 2610-2620 (ext 2W)//2621-2629 (WF),Activated,FRV116-2-160-A-040326-16-S28MS313,9,04/03/2026,2610,2629,04/03/2026,22/07/2026,Classroom,Frontrunner 1.0,17:00,17:02,16
Malang 1 Ijen,FR 9 2.0 2610-2620 (ext 2W)//2621-2629 (WF),Activated,FRV29-2-160-A-040326-15-S15MS777,6,04/03/2026,2610,2629,04/03/2026,22/07/2026,Classroom,Frontrunner 2.0,16:10,16:09,9
Malang 1 Ijen,FR 11 2.0 2610-2620 (ext 2W)//2621-2629 (MF),Activated,FRV211-2-160-A-020326-10-S22MS988,9,02/03/2026,2610,2629,02/03/2026,20/07/2026,Classroom,Frontrunner 2.0,16:40,16:36,11
Malang 1 Ijen,FR 1 2.0 2610-2620 (ext 2W)//2621-2629 (WF),Activated,FRV21-2-160-A-040326-06-S44MS423,7,04/03/2026,2610,2629,04/03/2026,17/07/2026,Classroom,Frontrunner 2.0,15:30,15:34,1
Malang 1 Ijen,HF F 2609-2619 (ext 2W)//2620-2628  (WF),Activated,HFV2F-2-160-A-250226-165-S2MS838,9,25/02/2026,2609,2628,25/02/2026,10/07/2026,Classroom,High Flyers 2.0,11:30,11:29,F
Malang 1 Ijen,FR 5 2.0 2609-2618 (ext 1W)//2619-2628 (ext 1W) (TT),Activated,FRV25-2-160-A-240226-13-S47MS948,9,24/02/2026,2609,2628,24/02/2026,09/07/2026,Classroom,Frontrunner 2.0,15:10,15:11,5
Malang 1 Ijen,HF G 2609-2619 (ext 2W)//2620-2628 (WF),Activated,HFV2G-2-160-A-250226-144-S46MS499,4,25/02/2026,2609,2629,25/02/2026,10/07/2026,Classroom,High Flyers 2.0,12:50,12:52,G
Malang 1 Ijen,HF F 2609-2619 (ext 2W)//2620-2628 (MF),Activated,HFV2F-2-160-A-230226-164-S37MS745,5,23/02/2026,2609,2628,23/02/2026,10/07/2026,Classroom,High Flyers 2.0,16:40,16:37,F
Malang 1 Ijen,HF H 2609-2621 (ext 1W)//2622-2633 (SAT),Activated,HFV2H-1-120-A-280226-13-S40MS504,6,28/02/2026,2609,2633,28/02/2026,22/08/2026,Classroom,High Flyers 2.0,19:10,19:12,H
Malang 1 Ijen,HF F 2608-2620 (ext 1W)//2621-2632 (SAT),Activated,HFV2F-1-120-A-210226-33-S15MS367,11,21/02/2026,2608,2632,21/02/2026,15/08/2026,Classroom,High Flyers 2.0,10:00,10:01,F
Malang 1 Ijen,FR 8 2.0 2608-2620 (ext 1W)//2621-2632 (SAT),Activated,FRV28-1-120-A-210226-03-S5MS539,9,21/02/2026,2608,2632,21/02/2026,15/08/2026,Classroom,Frontrunner 2.0,15:00,14:59,8
Malang 1 Ijen,HF D 2608-2617 (ext 1W)//2618-2627 (ext 1W) (WF) split,Activated,HFV2D-2-160-A-180226-158-S58MS884,8,18/02/2026,2608,2627,18/02/2026,03/07/2026,Classroom,High Flyers 2.0,10:50,10:50,D
Malang 1 Ijen,HF G 2608-2617 (ext 1W)//2618-2627 (ext 1W) (WF),Activated,HFV2G-2-160-A-180226-143-S15MS943,5,18/02/2026,2608,2627,18/02/2026,03/07/2026,Classroom,High Flyers 2.0,12:20,12:23,G
Malang 1 Ijen,HF D 2608-2617 (ext 1W)//2618-2627 (ext 1W) (WF),Activated,HFV2D-2-160-A-180226-157-S5MS862,9,18/02/2026,2608,2627,18/02/2026,03/07/2026,Classroom,High Flyers 2.0,16:20,16:18,D
Malang 1 Ijen,TB 6 2607-2616 (ext 1W)//2617-2626 (ext 1W) (WF),Activated,TBV36-2-160-A-110226-114-S36MS69,8,11/02/2026,2607,2626,11/02/2026,26/06/2026,Classroom,Trailblazers 3.0,17:10,17:07,6
Malang 1 Ijen,FR 3 2.0 2607-2616 (ext 1W)//2617-2626 (ext 1W) (WF),Activated,FRV23-2-160-A-110226-10-S59MS942,5,11/02/2026,2607,2626,11/02/2026,26/06/2026,Classroom,Frontrunner 2.0,19:40,19:43,3
Malang 1 Ijen,HF I 2607-2616 (ext 1W)//2617-2626 (ext 1W) (WF),Activated,HFV2I-2-160-A-110226-97-S48MS736,6,11/02/2026,2607,2625,11/02/2026,26/06/2026,Classroom,High Flyers 2.0,12:10,12:09,I
Malang 1 Ijen,TB 8 2607-2616 (ext 1W)//2617-2626 (ext 1W) (WF),Activated,TBV38-2-160-A-110226-134-S38MS243,9,11/02/2026,2607,2626,11/02/2026,26/06/2026,Classroom,Trailblazers 3.0,19:20,19:23,8
Malang 1 Ijen,TB 5 2607-2616 (ext 1W)//2617-2626 (ext 1W) (TT),Activated,TBV35-2-160-A-100226-126-S20MS857,11,10/02/2026,2607,2629,10/02/2026,25/06/2026,Classroom,Trailblazers 3.0,18:50,18:45,5
Malang 1 Ijen,HF D 2607-2616 (ext 1W)//2617-2626 (ext 1W) (WF),Activated,HFV2D-2-160-A-110226-156-S28MS691,11,11/02/2026,2607,2626,11/02/2026,26/06/2026,Classroom,High Flyers 2.0,14:50,14:54,D
Malang 1 Ijen,TB 4 2607-2616 (ext 1W)//2617-2625 (MW),Activated,TBV34-2-160-A-090226-135-S38MS563,7,09/02/2026,2607,2625,09/02/2026,17/06/2026,Classroom,Trailblazers 3.0,13:40,13:44,4
Malang 2 Sawojajar,FR 6 2606 - 2625 wf (ext),Activated,FRV26-2-160-A-040226-05-S24MS258,13,04/02/2026,2606,2625,04/02/2026,19/06/2026,Classroom,Frontrunner 2.0,14:00,14:01,6
Malang 2 Sawojajar,TB 4 2606 - 2625 wf (ext),Activated,TBV34-2-160-A-040226-124-S19MS344,14,04/02/2026,2606,2625,04/02/2026,19/06/2026,Classroom,Trailblazers 3.0,12:00,12:03,4
Malang 2 Sawojajar,TB 5 2606 - 2630 (ext),Activated,TBV35-1-120-A-070226-45-S48MS231,4,07/02/2026,2606,2630,07/02/2026,25/07/2026,Classroom,Trailblazers 3.0,13:00,13:03,5
Malang 2 Sawojajar,HF F 2606 - 2625 wf (ext),Activated,HFV2F-2-160-A-040226-144-S42MS920,7,04/02/2026,2606,2625,04/02/2026,19/06/2026,Classroom,High Flyers 2.0,19:00,19:01,F
Malang 2 Sawojajar,HF G 2606 - 2624 tt (ext),Activated,HFV2G-2-160-A-030226-123-S52MS672,9,03/02/2026,2606,2624,03/02/2026,11/06/2026,Classroom,High Flyers 2.0,17:00,16:58,G
Malang 2 Sawojajar,TB 4 2606 - 2630 (ext),Activated,TBV34-1-120-A-070226-33-S59MS939,10,07/02/2026,2606,2630,07/02/2026,25/07/2026,Classroom,Trailblazers 3.0,19:20,19:17,4
Malang 2 Sawojajar,SS 2 2606 - 2639 wf (ext),Activated,SSV32-2-120-A-040226-88-S47MS72,7,04/02/2026,2606,2639,04/02/2026,25/09/2026,Classroom,Small Stars 3.0,19:10,19:13,2
Malang 2 Sawojajar,SS 2 2606 - 2639 tt (ext) FULL,Activated,SSV32-2-120-A-030226-87-S11MS451,9,03/02/2026,2606,2639,03/02/2026,24/09/2026,Classroom,Small Stars 3.0,10:20,10:21,2
Malang 2 Sawojajar,HF C 2605 - 2629 (ext),Activated,HFV2C-1-120-A-310126-40-S41MS673,8,31/01/2026,2605,2629,31/01/2026,18/07/2026,Classroom,High Flyers 2.0,15:40,15:44,C
Malang 2 Sawojajar,HF G 2605 - 2623 tt (ext),Activated,HFV2G-2-160-A-270126-122-S31MS226,11,27/01/2026,2605,2623,27/01/2026,04/06/2026,Classroom,High Flyers 2.0,15:40,15:35,G
Malang 2 Sawojajar,FR 8 2605 - 2623 tt (ext),Activated,FRV28-2-160-A-270126-03-S55MS868,7,27/01/2026,2605,2623,27/01/2026,04/06/2026,Classroom,Frontrunner 2.0,15:50,15:51,8
Malang 2 Sawojajar,HF D 2604 - 2623 wf (ext),Activated,HFV2D-2-160-A-210126-137-S26MS697,10,21/01/2026,2604,2623,21/01/2026,05/06/2026,Classroom,High Flyers 2.0,19:40,19:43,D
Malang 2 Sawojajar,HF D 2604 - 2623 wf (ext),Activated,HFV2D-2-160-A-210126-136-S4MS310,9,21/01/2026,2604,2623,21/01/2026,05/06/2026,Classroom,High Flyers 2.0,11:50,11:52,D
Malang 2 Sawojajar,TB 3 2604 - 2623 wf (ext),Activated,TBV33-2-160-A-210126-126-S20MS925,8,21/01/2026,2604,2623,21/01/2026,05/06/2026,Classroom,Trailblazers 3.0,18:00,17:57,3
Malang 2 Sawojajar,HF I 2604 - 2622 tt (ext),Activated,HFV2I-2-160-A-200126-75-S44MS146,7,20/01/2026,2604,2622,20/01/2026,28/05/2026,Classroom,High Flyers 2.0,18:00,18:04,I
Malang 2 Sawojajar,FR 2 2549 - 2616 tt (ext),Activated,FRV22-2-160-A-270126-06-S7MS963,11,27/01/2026,2549,2616,27/01/2026,16/04/2026,Classroom,Frontrunner 2.0,16:50,16:50,2
Malang 2 Sawojajar,FR 1 2545 - 2611 wf (ext),Activated,FRV21-2-160-A-280126-03-S55MS551,8,28/01/2026,2545,2611,28/01/2026,13/03/2026,Classroom,Frontrunner 2.0,14:40,14:35,1
Malang 2 Sawojajar,TB 2 2551 - 2624 (ext),Activated,TBV32-1-120-A-201225-37-S53MS832,10,20/12/2025,2551,2624,20/12/2025,13/06/2026,Classroom,Trailblazers 3.0,14:30,14:30,2
Malang 2 Sawojajar,TB 2 2551 - 2618 tt (ext),Activated,TBV32-2-160-A-161225-85-S51MS434,13,16/12/2025,2551,2618,16/12/2025,30/04/2026,Classroom,Trailblazers 3.0,14:00,14:04,2
Malang 2 Sawojajar,TB 2 2551 - 2618 tt (ext),Activated,TBV32-2-160-A-161225-84-S30MS654,13,16/12/2025,2551,2618,16/12/2025,30/04/2026,Classroom,Trailblazers 3.0,14:40,14:35,2
Malang 2 Sawojajar,TB 7 2603 - 2622 wf (ext),Activated,TBV37-2-160-A-140126-86-S28MS864,6,14/01/2026,2603,2622,14/01/2026,29/05/2026,Classroom,Trailblazers 3.0,19:40,19:37,7
Malang 2 Sawojajar,HF E 2603 - 2621 tt (ext),Activated,HFV2E-2-160-A-130126-139-S49MS525,11,13/01/2026,2603,2621,13/01/2026,21/05/2026,Classroom,High Flyers 2.0,19:10,19:09,E
Malang 2 Sawojajar,TB 6 2603 - 2627 (ext),Activated,TBV36-1-120-A-170126-24-S38MS11,4,17/01/2026,2603,2627,17/01/2026,04/07/2026,Classroom,Trailblazers 3.0,18:50,18:45,6
Malang 2 Sawojajar,SS 4 2603 - 2636 wf (ext),Activated,SSV34-2-120-A-140126-133-S12MS341,10,14/01/2026,2603,2636,14/01/2026,04/09/2026,Classroom,Small Stars 3.0,18:50,18:52,4
Malang 2 Sawojajar,FR 9 2602 - 2626 (ext),Activated,FRV29-1-120-A-100126-03-S38MS571,7,10/01/2026,2602,2626,10/01/2026,27/06/2026,Classroom,Frontrunner 2.0,16:30,16:30,9
Malang 2 Sawojajar,TB 5 2602 - 2621 wf (ext),Activated,TBV35-2-160-A-070126-107-S23MS32,12,07/01/2026,2602,2621,07/01/2026,22/05/2026,Classroom,Trailblazers 3.0,11:20,11:21,5
Malang 2 Sawojajar,TB 5 2552 - 2619 tt (ext),Activated,TBV35-2-160-A-231225-104-S33MS617,9,23/12/2025,2552,2619,23/12/2025,07/05/2026,Classroom,Trailblazers 3.0,19:50,19:48,5
Malang 2 Sawojajar,TB 7 2551 - 2618 tt (ext),Activated,TBV37-2-160-A-161225-85-S30MS750,7,16/12/2025,2551,2618,16/12/2025,30/04/2026,Classroom,Trailblazers 3.0,13:00,12:56,7
Malang 2 Sawojajar,HF F 2551 - 2618 tt (ext),Activated,HFV2F-2-160-A-161225-143-S10MS901,12,16/12/2025,2551,2618,16/12/2025,30/04/2026,Classroom,High Flyers 2.0,13:50,13:48,F
Malang 2 Sawojajar,HF G 2551 - 2624 (ext),Activated,HFV2G-1-120-A-201225-20-S9MS651,9,20/12/2025,2551,2624,20/12/2025,13/06/2026,Classroom,High Flyers 2.0,10:40,10:36,G
Malang 2 Sawojajar,SS 1 2550 - 2632 wf (ext),Activated,SSV31-2-120-A-101225-50-S27MS299,4,10/12/2025,2550,2632,10/12/2025,07/08/2026,Classroom,Small Stars 3.0,18:00,17:59,1
Malang 2 Sawojajar,HF I 2550 - 2617 wf (ext),Activated,HFV2I-2-160-A-101225-74-S29MS936,7,10/12/2025,2550,2617,10/12/2025,24/04/2026,Classroom,High Flyers 2.0,14:40,14:35,I
Malang 2 Sawojajar,TB 4 2550 - 2617 wf (ext),Activated,TBV34-2-160-A-101225-123-S40MS97,8,10/12/2025,2550,2617,10/12/2025,24/04/2026,Classroom,Trailblazers 3.0,12:00,11:57,4
Malang 2 Sawojajar,HF D 2550 - 2617 wf (ext),Activated,HFV2D-2-160-A-101225-135-S51MS699,10,10/12/2025,2550,2617,10/12/2025,24/04/2026,Classroom,High Flyers 2.0,13:50,13:48,D
Malang 2 Sawojajar,FR 11 2549 - 2616 tt (ext),Activated,FRV211-2-160-A-021225-01-S50MS610,5,02/12/2025,2549,2616,02/12/2025,16/04/2026,Classroom,Frontrunner 2.0,12:10,12:13,11
Malang 2 Sawojajar,FR 7 2549 - 2616 wf (ext),Activated,FRV27-2-160-A-031225-06-S53MS414,7,03/12/2025,2549,2616,03/12/2025,17/04/2026,Classroom,Frontrunner 2.0,18:50,18:53,7
Malang 2 Sawojajar,HF D 2549 - 2622 (ext),Activated,HFV2D-1-120-A-061225-37-S48MS626,7,06/12/2025,2549,2622,06/12/2025,30/05/2026,Classroom,High Flyers 2.0,16:40,16:39,D
Malang 2 Sawojajar,HF E 2548 - 2615 tt (ext),Activated,HFV2E-2-160-A-251125-138-S50MS132,3,25/11/2025,2548,2614,25/11/2025,09/04/2026,Classroom,High Flyers 2.0,15:30,15:34,E
Malang 2 Sawojajar,HF G 2548 - 2615 wf (ext),Activated,HFV2G-2-160-A-261125-121-S29MS70,6,26/11/2025,2548,2615,26/11/2025,10/04/2026,Classroom,High Flyers 2.0,12:00,11:56,G
Malang 2 Sawojajar,TB 3 2548 - 2621 (ext),Activated,TBV33-1-120-A-291125-33-S18MS449,6,29/11/2025,2548,2621,29/11/2025,23/05/2026,Classroom,Trailblazers 3.0,16:20,16:21,3
Malang 2 Sawojajar,FR 9 2548 - 2621 (ext),Activated,FRV29-1-120-A-291125-02-S53MS118,5,29/11/2025,2548,2621,29/11/2025,23/05/2026,Classroom,Frontrunner 2.0,18:10,18:05,9
Malang 2 Sawojajar,HF C 2547 - 2614 wf FULL (ext),Activated,HFV2C-2-160-A-191125-126-S21MS322,15,19/11/2025,2547,2614,19/11/2025,03/04/2026,Classroom,High Flyers 2.0,17:20,17:17,C
Malang 2 Sawojajar,SS 3 2533 - 2614 tt (ext),Activated,SSV33-2-120-A-120825-91-S22MS127,9,12/08/2025,2533,2614,12/08/2025,02/04/2026,Classroom,Small Stars 3.0,10:20,10:24,3
Malang 2 Sawojajar,SS 2 2531 - 2611 wf (ext),Activated,SSV32-2-120-A-300725-85-S45MS443,8,30/07/2025,2531,2611,30/07/2025,13/03/2026,Classroom,Small Stars 3.0,13:40,13:42,2
Malang 2 Sawojajar,TB 7 2546 - 2613 tt (ext),Activated,TBV37-2-160-A-121125-84-S27MS106,8,12/11/2025,2546,2613,12/11/2025,26/03/2026,Classroom,Trailblazers 3.0,10:20,10:19,7
Malang 2 Sawojajar,TB 8 2546 - 2613 tt (ext),Activated,TBV38-2-160-A-121125-135-S19MS339,7,12/11/2025,2546,2611,12/11/2025,26/03/2026,Classroom,Trailblazers 3.0,16:30,16:25,8
Malang 2 Sawojajar,HF E 2546 - 2619 (ext),Activated,HFV2E-1-120-A-151125-32-S32MS223,9,15/11/2025,2546,2619,15/11/2025,09/05/2026,Classroom,High Flyers 2.0,14:30,14:26,E
Malang 2 Sawojajar,HF E 2546 - 2619 (ext),Activated,HFV2E-1-120-A-151125-31-S10MS548,11,15/11/2025,2546,2619,15/11/2025,09/05/2026,Classroom,High Flyers 2.0,18:30,18:33,E
Malang 2 Sawojajar,FR Jr B 2545 - 2611 wf (ext),Activated,TBV38-2-160-A-051125-134-S2MS297,4,05/11/2025,2545,2611,05/11/2025,13/03/2026,Classroom,Trailblazers 3.0,12:40,12:40,8
Malang 2 Sawojajar,TB 3 2545 - 2611 wf (ext),Activated,TBV33-2-160-A-051125-125-S43MS862,9,05/11/2025,2545,2611,05/11/2025,13/03/2026,Classroom,Trailblazers 3.0,18:10,18:12,3
Malang 2 Sawojajar,HF H 2545 - 2618 (ext),Activated,HFV2H-1-120-A-081125-10-S44MS922,6,08/11/2025,2545,2618,08/11/2025,02/05/2026,Classroom,High Flyers 2.0,15:30,15:30,H
Malang 2 Sawojajar,SS 4 2545 - 2627 tt (ext),Activated,SSV34-2-120-A-041125-132-S36MS67,10,04/11/2025,2545,2627,04/11/2025,02/07/2026,Classroom,Small Stars 3.0,13:40,13:41,4
Malang 2 Sawojajar,SS 2 2542 - 2624 wf (ext),Activated,SSV32-2-120-A-151025-86-S17MS154,9,15/10/2025,2542,2624,15/10/2025,12/06/2026,Classroom,Small Stars 3.0,13:00,13:02,2
Malang 2 Sawojajar,SS 3 2541 - 2623 tt (ext),Activated,SSV33-2-120-A-071025-93-S59MS304,8,07/10/2025,2541,2623,07/10/2025,04/06/2026,Classroom,Small Stars 3.0,10:00,10:03,3
Malang 2 Sawojajar,SS 3 2541 - 2623 tt (ext),Activated,SSV33-2-120-A-071025-92-S22MS318,8,07/10/2025,2541,2623,07/10/2025,04/06/2026,Classroom,Small Stars 3.0,19:00,18:56,3
Malang 2 Sawojajar,SS 1 2541 - 2623 wf (ext),Activated,SSV31-2-120-A-081025-49-S2MS153,6,08/10/2025,2541,2623,08/10/2025,05/06/2026,Classroom,Small Stars 3.0,14:00,13:55,1
Malang 2 Sawojajar,TB 7 2540 - 2613 (ext),Activated,TBV37-1-120-A-041025-29-S1MS26,6,04/10/2025,2540,2613,04/10/2025,28/03/2026,Classroom,Trailblazers 3.0,13:10,13:13,7
Malang 2 Sawojajar,SS 4 2538 - 2619 tt (ext),Activated,SSV34-2-120-A-160925-131-S1MS90,13,16/09/2025,2538,2619,16/09/2025,07/05/2026,Classroom,Small Stars 3.0,19:10,19:08,4
Malang 2 Sawojajar,FR 10 2546 - 2619 (ext),Activated,FRV210-1-120-A-070326-02-S34MS88,7,07/03/2026,2546,2619,07/03/2026,09/05/2026,Classroom,Frontrunner 2.0,12:00,12:04,10
Malang 2 Sawojajar,HF H 2550 - 2617 wf (ext),Activated,HFV2H-2-160-A-110326-99-S28MS577,5,11/03/2026,2550,2617,11/03/2026,24/04/2026,Classroom,High Flyers 2.0,12:30,12:32,H
Malang 2 Sawojajar,TB 4 2612 - 2631 wf (ext),Activated,TBV34-2-160-A-180326-126-S19MS722,8,18/03/2026,2612,2631,18/03/2026,31/07/2026,Classroom,Trailblazers 3.0,13:00,12:58,4
Malang 2 Sawojajar,TB 4 2612 - 2631 wf (ext),Activated,TBV34-2-160-A-180326-125-S51MS206,9,18/03/2026,2612,2631,18/03/2026,31/07/2026,Classroom,Trailblazers 3.0,17:40,17:44,4
Malang 2 Sawojajar,FR 2 2612 - 2631 wf (ext),Activated,FRV22-2-160-A-180326-07-S7MS998,7,18/03/2026,2612,2631,18/03/2026,31/07/2026,Classroom,Frontrunner 2.0,11:30,11:30,2
Malang 2 Sawojajar,SS 3 2612 - 2645 wf (ext),Activated,SSV33-2-120-A-180326-95-S5MS105,10,18/03/2026,2612,2644,18/03/2026,06/11/2026,Classroom,Small Stars 3.0,16:50,16:47,3
Malang 2 Sawojajar,FR 5 2609 - 2628 wf (ext),Activated,FRV25-2-160-A-250226-05-S13MS877,15,25/02/2026,2609,2628,25/02/2026,10/07/2026,Classroom,Frontrunner 2.0,17:10,17:06,5
Malang 2 Sawojajar,FR 11 2608 - 2627 tt (ext),Activated,FRV211-2-160-A-190226-02-S9MS110,7,19/02/2026,2608,2627,19/02/2026,02/07/2026,Classroom,Frontrunner 2.0,10:50,10:50,11
Malang 2 Sawojajar,FR 10 2608 - 2627 tt (ext),Activated,FRV210-2-160-A-190226-04-S0MS352,7,19/02/2026,2608,2627,19/02/2026,02/07/2026,Classroom,Frontrunner 2.0,15:30,15:31,10
Malang 2 Sawojajar,HF D 2608 - 2632 (ext),Activated,HFV2D-1-120-A-210226-38-S19MS314,9,21/02/2026,2608,2632,21/02/2026,08/08/2026,Classroom,High Flyers 2.0,13:10,13:06,D
Malang 2 Sawojajar,SS 4 2608 - 2640 (ext),Activated,SSV34-2-120-A-210226-134-S1MS236,6,21/02/2026,2608,2640,21/02/2026,03/10/2026,Classroom,Small Stars 3.0,16:00,16:04,4
Malang 2 Sawojajar,SS 3 2609 - 2642 (ext),Activated,SSV33-2-120-A-280226-94-S59MS278,7,28/02/2026,2609,2642,28/02/2026,17/10/2026,Classroom,Small Stars 3.0,16:40,16:41,3
Malang 2 Sawojajar,TB 3 2545 - 2611 wf (ext),Activated,TBV33-2-160-A-110226-127-S11MS343,9,11/02/2026,2545,2611,11/02/2026,13/03/2026,Classroom,Trailblazers 3.0,17:40,17:37,3
Malang 2 Sawojajar,TB 1 2607 - 2626 wf (ext),Activated,TBV31-2-160-A-110226-63-S28MS151,8,11/02/2026,2607,2626,11/02/2026,26/06/2026,Classroom,Trailblazers 3.0,15:50,15:49,1
Malang 2 Sawojajar,HF C 2607 - 2626 tt (ext),Activated,HFV2C-2-160-A-100226-127-S8MS435,9,10/02/2026,2607,2626,10/02/2026,25/06/2026,Classroom,High Flyers 2.0,15:50,15:46,C
Malang 2 Sawojajar,TB 5 2606 - 2625 wf (ext),Activated,TBV35-2-160-A-040226-108-S58MS92,8,04/02/2026,2606,2625,04/02/2026,19/06/2026,Classroom,Trailblazers 3.0,17:10,17:14,5
Sidoarjo,Fenny SS Book 4A-2603/4B-2619,Activated,SSV34-2-120-A-130126-156-S20MS890,9,13/01/2026,2603,2635,13/01/2026,03/09/2026,Classroom,Small Stars 3.0,15:40,15:43,4
Sidoarjo,TB Book 3A-2603/3B-2612,Activated,TBV33-2-160-A-130126-143-S7MS879,10,13/01/2026,2603,2621,13/01/2026,21/05/2026,Classroom,Trailblazers 3.0,18:50,18:47,3
Sidoarjo,FR Book 2A-2606/2B-2616,Activated,FRV22-2-160-A-030226-06-S3MS835,7,03/02/2026,2606,2624,03/02/2026,11/06/2026,Classroom,Frontrunner 2.0,14:30,14:26,2
Sidoarjo,TB Book 4A-2602/4B-2615,Activated,TBV34-1-120-A-100126-42-S28MS956,14,10/01/2026,2602,2626,10/01/2026,27/06/2026,Classroom,Trailblazers 3.0,14:10,14:08,4
Sidoarjo,TB Book 1A-2606/1B-2616,Activated,TBV31-2-160-A-040226-74-S38MS212,7,04/02/2026,2606,2625,04/02/2026,19/06/2026,Classroom,Trailblazers 3.0,10:10,10:08,1
Sidoarjo,HF Book C1-2606/C2-2616,Activated,HFV2C-2-160-A-040226-146-S34MS334,9,04/02/2026,2606,2624,04/02/2026,17/06/2026,Classroom,High Flyers 2.0,14:50,14:50,C
Sidoarjo,HF Book C1-2606/C2-2618,Activated,HFV2C-1-120-A-070226-44-S57MS572,10,07/02/2026,2606,2630,07/02/2026,25/07/2026,Classroom,High Flyers 2.0,19:00,18:57,C
Sidoarjo,HF Book F1-2602/F2-2611 FULL,Activated,HFV2F-2-160-A-070126-158-S9MS581,14,07/01/2026,2602,2621,07/01/2026,22/05/2026,Classroom,High Flyers 2.0,13:10,13:05,F
Sidoarjo,SS Book 1A 2606 1B 2624,Activated,SSV31-2-120-A-040226-64-S36MS224,8,04/02/2026,2606,2639,04/02/2026,25/09/2026,Classroom,Small Stars 3.0,12:00,11:56,1
Sidoarjo,FR Book 8A-2602/8B-2611,Activated,FRV28-2-160-A-060126-11-S8MS501,5,06/01/2026,2602,2620,06/01/2026,14/05/2026,Classroom,Frontrunner 2.0,10:20,10:18,8
Sidoarjo,TB Book 6A-2602/6B-2611,Activated,TBV36-2-160-A-070126-109-S59MS738,5,07/01/2026,2602,2621,07/01/2026,22/05/2026,Classroom,Trailblazers 3.0,12:50,12:50,6
Sidoarjo,HF Book E1-2602/E2-2611,Activated,HFV2E-2-160-A-070126-153-S56MS527,5,07/01/2026,2602,2621,07/01/2026,22/05/2026,Classroom,High Flyers 2.0,12:10,12:13,E
Sidoarjo,HF Book C1-2602/C2-2611,Activated,HFV2C-2-160-A-060126-140-S29MS674,9,06/01/2026,2602,2620,06/01/2026,14/05/2026,Classroom,High Flyers 2.0,18:50,18:49,C
Sidoarjo,FR Book 3A-2602/ 3B-2611,Activated,FRV23-2-160-A-060126-07-S25MS912,7,06/01/2026,2602,2620,06/01/2026,14/05/2026,Classroom,Frontrunner 2.0,15:00,14:59,3
Sidoarjo,TB Book 6A-2601 / 6B-2614,Activated,TBV36-1-120-A-030126-33-S48MS4,8,03/01/2026,2601,2625,03/01/2026,20/06/2026,Classroom,Trailblazers 3.0,16:00,15:59,6
Sidoarjo,TB Book 8A-2551 / 6B-2608 (End 2618),Activated,TBV38-2-160-A-171225-139-S37MS357,6,17/12/2025,2551,2618,17/12/2025,06/05/2026,Classroom,Trailblazers 3.0,13:40,13:39,8
Sidoarjo,HF Book F1-2601/E2-2614,Activated,HFV2F-1-120-A-030126-33-S4MS686,10,03/01/2026,2601,2625,03/01/2026,20/06/2026,Classroom,High Flyers 2.0,11:50,11:45,F
Sidoarjo,(Diah) HF Book I1-2551/I2-2608,Activated,HFV2I-2-160-A-161225-84-S3MS342,5,16/12/2025,2551,2617,16/12/2025,05/05/2026,Classroom,High Flyers 2.0,11:00,11:01,I
Sidoarjo,HF Book E1 - 2551/E2 - 2609,Activated,HFV2E-2-160-A-171225-152-S27MS872,11,17/12/2025,2551,2618,17/12/2025,01/05/2026,Classroom,High Flyers 2.0,17:40,17:37,E
Sidoarjo,HF Book E1 - 2551/E2 - 2609,Activated,HFV2E-2-160-A-171225-151-S22MS138,7,17/12/2025,2551,2618,17/12/2025,01/05/2026,Classroom,High Flyers 2.0,13:10,13:13,E
Sidoarjo,HF Book D1 2551 / D2 2609,Activated,HFV2D-2-160-A-161225-154-S39MS114,10,16/12/2025,2551,2617,16/12/2025,30/04/2026,Classroom,High Flyers 2.0,11:10,11:11,D
Sidoarjo,HF BOOK D1-2550 / D2-2610 FULL,Activated,HFV2D-1-120-A-131225-46-S41MS414,16,13/12/2025,2550,2622,13/12/2025,13/06/2026,Classroom,High Flyers 2.0,18:00,17:59,D
Sidoarjo,FR Book 10A-2550/10B-2608,Activated,FRV210-2-160-A-101225-09-S18MS216,3,10/12/2025,2550,2617,10/12/2025,24/04/2026,Classroom,Frontrunner 2.0,12:10,12:06,10
Sidoarjo,FR Book 11A-2550/11B-2608,Activated,FRV211-2-160-A-091225-05-S10MS690,9,09/12/2025,2550,2617,09/12/2025,23/04/2026,Classroom,Frontrunner 2.0,14:10,14:12,11
Sidoarjo,FR Book 16A-2550 / 16B-2608,Activated,FRV116-2-160-A-101225-19-S16MS257,2,10/12/2025,2550,2617,10/12/2025,24/04/2026,Classroom,Frontrunner 1.0,11:20,11:18,16
Sidoarjo,TB BOOK 2A-2550/2B-2608 FULL,Activated,TBV32-2-160-A-101225-90-S28MS692,15,10/12/2025,2550,2617,10/12/2025,24/04/2026,Classroom,Trailblazers 3.0,11:40,11:41,2
Sidoarjo,TB Book 5A-2549/5B-2610,Activated,TBV35-1-120-A-061225-51-S19MS402,9,06/12/2025,2549,2622,06/12/2025,30/05/2026,Classroom,Trailblazers 3.0,18:50,18:49,5
Sidoarjo,FR Book 7A-2549/7B-2607,Activated,FRV27-2-160-A-031225-14-S57MS168,5,03/12/2025,2549,2616,03/12/2025,17/04/2026,Classroom,Frontrunner 2.0,13:40,13:38,7
Sidoarjo,TB Book 4A - 2549 / 4B - 2607,Activated,TBV34-2-160-A-021225-139-S46MS692,6,02/12/2025,2549,2616,02/12/2025,16/04/2026,Classroom,Trailblazers 3.0,11:50,11:54,4
Sidoarjo,(Fenny) SS Book 4A-2549/4B-2612,Activated,SSV34-2-120-A-031225-154-S22MS407,8,03/12/2025,2549,2628,03/12/2025,29/07/2026,Classroom,Small Stars 3.0,14:50,14:52,4
Sidoarjo,TB Book 6A-2549 / 5B-2607 (End 2615),Activated,TBV36-2-160-A-021225-108-S49MS549,5,02/12/2025,2549,2615,02/12/2025,21/04/2026,Classroom,Trailblazers 3.0,20:00,19:55,6
Sidoarjo,TB Book 6A-2548 / 6B-2605 (End 2615),Activated,TBV36-2-160-A-261125-107-S55MS871,4,26/11/2025,2548,2615,26/11/2025,15/04/2026,Classroom,Trailblazers 3.0,19:20,19:21,6
Sidoarjo,FR Book 9A-2548/9B-2606,Activated,FRV29-2-160-A-251125-14-S9MS996,5,25/11/2025,2548,2615,25/11/2025,09/04/2026,Classroom,Frontrunner 2.0,14:30,14:33,9
Sidoarjo,HF Book H1- 2548/H2-2609,Activated,HFV2H-1-120-A-291125-19-S1MS336,7,29/11/2025,2548,2621,29/11/2025,23/05/2026,Classroom,High Flyers 2.0,17:50,17:45,H
Sidoarjo,HF Book I1-2548/H2-2606,Activated,HFV2I-2-160-A-261125-83-S59MS925,10,26/11/2025,2548,2615,26/11/2025,10/04/2026,Classroom,High Flyers 2.0,16:50,16:47,I
Sidoarjo,FR Book 9A-2548/9B-2606,Activated,FRV29-2-160-A-251125-13-S11MS142,5,25/11/2025,2548,2615,25/11/2025,09/04/2026,Classroom,Frontrunner 2.0,18:40,18:44,9
Sidoarjo,TB Book 5A-2548/5B-2605,Activated,TBV35-2-160-A-251125-116-S32MS696,10,25/11/2025,2548,2615,25/11/2025,09/04/2026,Classroom,Trailblazers 3.0,11:30,11:27,5
Sidoarjo,SS BOOK 3A-2548/3B-2615,Activated,SSV33-2-120-A-261125-116-S49MS579,8,26/11/2025,2548,2630,26/11/2025,24/07/2026,Classroom,Small Stars 3.0,14:40,14:42,3
Sidoarjo,TB Book 7A-2548/7B-2606,Activated,TBV37-2-160-A-251125-92-S47MS449,14,25/11/2025,2548,2615,25/11/2025,09/04/2026,Classroom,Trailblazers 3.0,17:40,17:42,7
Sidoarjo,TB BOOK 8A-2547 / 8B-2606 (End 2614),Activated,TBV38-2-160-A-191125-138-S30MS716,3,19/11/2025,2547,2614,19/11/2025,03/04/2026,Classroom,Trailblazers 3.0,14:20,14:15,8
Sidoarjo,FR BOOK 4A-2547/4B-2608,Activated,FRV24-1-120-A-221125-02-S33MS109,8,22/11/2025,2547,2620,22/11/2025,16/05/2026,Classroom,Frontrunner 2.0,18:00,17:56,4
Sidoarjo,TB Book 4A-2547/4B-2605,Activated,TBV34-2-160-A-191125-138-S48MS58,14,19/11/2025,2547,2614,19/11/2025,03/04/2026,Classroom,Trailblazers 3.0,18:10,18:05,4
Sidoarjo,HF Book H1-2547/H2-2605 Group X,Activated,HFV2H-2-160-A-181125-110-S35MS391,11,18/11/2025,2547,2614,18/11/2025,02/04/2026,Classroom,High Flyers 2.0,10:50,10:46,H
Sidoarjo,HF Book H1-2547/H2-2505 Group Y,Activated,HFV2H-2-160-A-181125-109-S40MS61,8,18/11/2025,2547,2614,18/11/2025,02/04/2026,Classroom,High Flyers 2.0,18:50,18:48,H
Sidoarjo,(Vivi) SS Book 3A-2549/3B-2612 FULL,Activated,SSV33-2-120-A-061225-114-S36MS289,10,06/12/2025,2549,2627,06/12/2025,25/07/2026,Classroom,Small Stars 3.0,19:30,19:28,3
Sidoarjo,Fenny HF Book G1-2547/G2-2603,Activated,HFV2G-2-160-A-191125-133-S13MS606,8,19/11/2025,2547,2614,19/11/2025,03/04/2026,Classroom,High Flyers 2.0,10:40,10:42,G
Sidoarjo,(Eva) TB Book 2A-2547/2B-2603,Activated,TBV32-2-160-A-191125-89-S52MS465,11,19/11/2025,2547,2614,19/11/2025,03/04/2026,Classroom,Trailblazers 3.0,15:10,15:06,2
Sidoarjo,HF Book E1-2546 / E2-2607 (End 2619),Activated,HFV2E-1-120-A-151125-40-S58MS545,12,15/11/2025,2546,2618,15/11/2025,09/05/2026,Classroom,High Flyers 2.0,14:40,14:44,E
Sidoarjo,SS Book 3A-2532/3B-2548 FULL,Activated,SSV33-2-120-A-060825-111-S24MS495,11,06/08/2025,2532,2613,06/08/2025,27/03/2026,Classroom,Small Stars 3.0,17:00,16:57,3
Sidoarjo,SS Book 2A-2535/ B-2551,Activated,SSV32-2-120-A-270825-102-S30MS618,6,27/08/2025,2535,2616,27/08/2025,17/04/2026,Classroom,Small Stars 3.0,17:20,17:18,2
Sidoarjo,(VIO) SS Book 4A-2533/4B-2548 FULL,Activated,SSV34-2-120-A-120825-149-S49MS367,14,12/08/2025,2533,2614,12/08/2025,02/04/2026,Classroom,Small Stars 3.0,11:10,11:10,4
Sidoarjo,SS book 2A-2541/2B-2606,Activated,SSV32-1-60-A-111025-03-S9MS85,5,11/10/2025,2541,2621,11/10/2025,06/06/2026,Classroom,Small Stars 3.0,15:00,14:55,2
Sidoarjo,SS Book 2A-2534/ 2B-2550,Activated,SSV32-2-120-A-190825-103-S59MS755,6,19/08/2025,2534,2615,19/08/2025,09/04/2026,Classroom,Small Stars 3.0,16:10,16:10,2
Sidoarjo,SS Book 3A-2538/3B-2604,Activated,SSV33-2-120-A-170925-112-S6MS226,5,17/09/2025,2538,2720,17/09/2025,13/05/2026,Classroom,Small Stars 3.0,19:30,19:28,3
Sidoarjo,SS Book 1A-2545/1B-2610,Activated,SSV31-2-120-A-041125-61-S16MS310,8,04/11/2025,2545,2626,04/11/2025,30/06/2026,Classroom,Small Stars 3.0,10:30,10:27,1
Sidoarjo,SS Book 1A-2532 /1B-2548 (End 2613),Activated,SSV31-2-120-A-060825-60-S46MS454,8,06/08/2025,2532,2613,06/08/2025,27/03/2026,Classroom,Small Stars 3.0,18:10,18:12,1
Sidoarjo,SS Book 4A-2532/ 4B-2548 (End 2614) Full,Activated,SSV34-2-120-A-090825-148-S11MS200,12,09/08/2025,2532,2614,09/08/2025,04/04/2026,Classroom,Small Stars 3.0,12:10,12:09,4
Sidoarjo,HF Book G1-2545/G2-2606,Activated,HFV2G-1-120-A-081125-23-S36MS550,8,08/11/2025,2545,2618,08/11/2025,02/05/2026,Classroom,High Flyers 2.0,10:20,10:23,G
Sidoarjo,TB Book 4A-2544/4B-2602 Group X,Activated,TBV34-2-160-A-291025-137-S6MS994,9,29/10/2025,2544,2610,29/10/2025,06/03/2026,Classroom,Trailblazers 3.0,12:50,12:49,4
Sidoarjo,TB Book 5A-2544/5B-2605,Activated,TBV35-1-120-A-011125-49-S14MS746,8,01/11/2025,2544,2617,01/11/2025,25/04/2026,Classroom,Trailblazers 3.0,10:30,10:27,5
Sidoarjo,TB Book 4A-2544/4B-2553 group Y,Activated,TBV34-2-160-A-291025-135-S25MS801,9,29/10/2025,2610,2610,29/10/2025,06/03/2026,Classroom,Trailblazers 3.0,19:30,19:32,4
Sidoarjo,(Vivi) HF Book C1-2544/C2-2602 FULL,Activated,HFV2C-2-160-A-281025-138-S55MS805,12,28/10/2025,2544,2610,28/10/2025,05/03/2026,Classroom,High Flyers 2.0,10:40,10:39,C
Sidoarjo,FR Book 13A-2545/13B-2603,Activated,FRV113-2-160-A-041125-25-S38MS165,6,04/11/2025,2545,2611,04/11/2025,12/03/2026,Classroom,Frontrunner 1.0,11:30,11:33,13
Sidoarjo,(Eva) SS Book 4A-2543/4B-2628,Activated,SSV34-2-120-A-251025-153-S19MS820,7,25/10/2025,2543,2624,25/10/2025,13/06/2026,Classroom,Small Stars 3.0,18:30,18:29,4
Sidoarjo,SS Book 4A-2543/4B-2628 FULL,Activated,SSV34-2-120-A-251025-152-S45MS840,11,25/10/2025,2543,2626,25/10/2025,20/06/2026,Classroom,Small Stars 3.0,12:10,12:08,4
Sidoarjo,SS Book 1A-2547/ 4B-2614 (End 2628) FULL,Activated,SSV31-2-120-A-181125-62-S41MS75,7,18/11/2025,2547,2628,18/11/2025,16/07/2026,Classroom,Small Stars 3.0,19:00,19:02,1
Sidoarjo,HF Book C1-2542/C2-2603 FULL,Activated,HFV2C-1-120-A-181025-42-S59MS992,15,18/10/2025,2542,2615,18/10/2025,18/04/2026,Classroom,High Flyers 2.0,11:40,11:42,C
Sidoarjo,SS Book 4A-2542/4B-2607,Activated,SSV34-2-120-A-151025-151-S28MS549,4,15/10/2025,2542,2623,15/10/2025,10/06/2026,Classroom,Small Stars 3.0,19:00,19:02,4
Sidoarjo,SS Book 3A-2548/3B-2613,Activated,SSV33-2-120-A-291125-115-S5MS635,9,29/11/2025,2548,2629,29/11/2025,25/07/2026,Classroom,Small Stars 3.0,13:40,13:38,3
Sidoarjo,(Rina) HF Book D1-2541/D2-2602,Activated,HFV2D-1-120-A-111025-45-S55MS7,11,11/10/2025,2541,2614,11/10/2025,04/04/2026,Classroom,High Flyers 2.0,10:40,10:39,D
Sidoarjo,Fenny SS Book 3A-2541/3B-2605,Activated,SSV33-2-120-A-071025-113-S13MS288,8,07/10/2025,2541,2622,07/10/2025,28/05/2026,Classroom,Small Stars 3.0,19:10,19:11,3
Sidoarjo,HF BOOK H1-2540 / H2-2601 (End2613),Activated,HFV2H-1-120-A-041025-18-S9MS141,7,04/10/2025,2540,2613,04/10/2025,29/03/2026,Classroom,High Flyers 2.0,12:20,12:24,H
Sidoarjo,SS Book 4A-2538/4B-2603,Activated,SSV34-2-120-A-160925-150-S27MS901,8,16/09/2025,2538,2619,16/09/2025,07/05/2026,Classroom,Small Stars 3.0,17:50,17:48,4
Sidoarjo,SS Book 2A- 2537/2B-2602 FULL,Activated,SSV32-2-120-A-090925-104-S49MS209,8,09/09/2025,2537,2617,09/09/2025,30/04/2026,Classroom,Small Stars 3.0,13:20,13:16,2
Sidoarjo,HF Book E1-2539/E2-2551,Activated,HFV2E-1-120-A-270925-39-S57MS620,6,27/09/2025,2539,2611,27/09/2025,14/03/2026,Classroom,High Flyers 2.0,14:50,14:54,E
Sidoarjo,FR Book 10A-2612 / 10B-2622,Activated,FRV210-2-160-A-180326-11-S41MS922,7,18/03/2026,2612,2631,18/03/2026,31/07/2026,Classroom,Frontrunner 2.0,10:20,10:20,10
Sidoarjo,HF Book C1-2612/C2-2622,Activated,HFV2C-2-160-A-170326-148-S36MS784,7,17/03/2026,2612,2630,17/03/2026,23/07/2026,Classroom,High Flyers 2.0,14:40,14:40,C
Sidoarjo,TB BOOK 5A-2611 / 5B-2622 GROUP Y,Activated,TBV35-2-160-A-110326-120-S16MS770,10,11/03/2026,2611,2630,11/03/2026,22/07/2026,Classroom,Trailblazers 3.0,14:40,14:38,5
Sidoarjo,FR Book 16A-2611/16B-2622,Activated,FRV116-2-160-A-110326-20-S51MS984,5,11/03/2026,2611,2630,11/03/2026,24/07/2026,Classroom,Frontrunner 1.0,16:50,16:54,16
Sidoarjo,TB BOOK 5A-2611 / 5B-2622 GROUP X,Activated,TBV35-2-160-A-110326-119-S18MS60,9,11/03/2026,2611,2630,11/03/2026,17/07/2026,Classroom,Trailblazers 3.0,18:30,18:28,5
Sidoarjo,TB Book 2 2A-2611/2B-2621 (End 2629),Activated,TBV32-2-160-A-100326-92-S17MS556,9,10/03/2026,2611,2629,10/03/2026,21/07/2026,Classroom,Trailblazers 3.0,10:50,10:45,2
Sidoarjo,HF Book E1-2611/C2-2621 (End 2629) FULL,Activated,HFV2E-2-160-A-100326-157-S44MS280,13,10/03/2026,2611,2628,10/03/2026,16/07/2026,Classroom,High Flyers 2.0,19:50,19:45,E
Sidoarjo,FR Book 14A 2612 B2622,Activated,FRV114-2-160-A-170326-22-S48MS703,4,17/03/2026,2612,2630,17/03/2026,28/07/2026,Classroom,Frontrunner 1.0,17:00,16:58,14
Sidoarjo,(Vivi) HF Book D1-2611/D2-2621,Activated,HFV2D-2-160-A-100326-159-S16MS774,11,10/03/2026,2611,2629,10/03/2026,16/07/2026,Classroom,High Flyers 2.0,16:10,16:14,D
Sidoarjo,FR Book 7A-2610/7B-2619 (End 2628),Activated,FRV27-2-160-A-040326-16-S50MS453,5,04/03/2026,2610,2629,04/03/2026,15/07/2026,Classroom,Frontrunner 2.0,11:10,11:07,7
Sidoarjo,HF Book F1-2610/ F2-2619 (End 2628),Activated,HFV2F-2-160-A-030326-161-S3MS889,5,03/03/2026,2610,2628,03/03/2026,14/07/2026,Classroom,High Flyers 2.0,17:50,17:50,F
Sidoarjo,TB Book 4A-2610/4B-2620,Activated,TBV34-2-160-A-040326-143-S31MS630,5,04/03/2026,2610,2628,04/03/2026,10/07/2026,Classroom,Trailblazers 3.0,15:40,15:40,4
Sidoarjo,HF Book F1-2609 / E2-2618 (End 2627),Activated,HFV2F-2-160-A-240226-160-S53MS859,9,24/02/2026,2609,2627,24/02/2026,07/07/2026,Classroom,High Flyers 2.0,13:10,13:07,F
Sidoarjo,TB Book 6A-2610/6B-2621,Activated,TBV36-2-160-A-040326-110-S29MS834,11,04/03/2026,2610,2629,04/03/2026,17/07/2026,Classroom,Trailblazers 3.0,14:00,13:55,6
Sidoarjo,SS BOOK 3A-2609/3B-2627 FULL,Activated,SSV33-2-120-A-240226-118-S49MS548,10,24/02/2026,2609,2642,24/02/2026,15/10/2026,Classroom,Small Stars 3.0,16:20,16:20,3
Sidoarjo,(Vivi) FR Book 7A-2609/7B-2622,Activated,FRV27-1-120-A-280226-06-S20MS322,10,28/02/2026,2609,2633,28/02/2026,15/08/2026,Classroom,Frontrunner 2.0,13:20,13:22,7
Sidoarjo,(Vivi) FR Book 6A-2609/6B-2619,Activated,FRV26-2-160-A-240226-09-S7MS792,5,24/02/2026,2609,2627,24/02/2026,02/07/2026,Classroom,Frontrunner 2.0,14:50,14:46,6
Sidoarjo,HF Book E1- 2611 / E2- 2622,Activated,HFV2E-2-160-A-110326-156-S21MS454,5,11/03/2026,26,2631,11/03/2026,24/07/2026,Classroom,High Flyers 2.0,10:40,10:38,E
Sidoarjo,HF Book E1- 2611 / E2- 2622,Activated,HFV2E-2-160-A-110326-155-S36MS818,5,11/03/2026,2611,2631,11/03/2026,24/07/2026,Classroom,High Flyers 2.0,16:00,16:03,E
Sidoarjo,FR BOOK 3A-2609/3B-2619,Activated,FRV23-2-160-A-240226-08-S40MS58,8,24/02/2026,2609,2627,24/02/2026,02/07/2026,Classroom,Frontrunner 2.0,19:50,19:49,3
Sidoarjo,HF Book G1-2608/G2-2618,Activated,HFV2G-2-160-A-180226-135-S56MS55,6,18/02/2026,2608,2627,18/02/2026,03/07/2026,Classroom,High Flyers 2.0,13:10,13:07,G
Sidoarjo,FR Book 11A-2609/11B-2619,Activated,FRV211-2-160-A-250226-08-S0MS606,8,25/02/2026,2609,2627,25/02/2026,08/07/2026,Classroom,Frontrunner 2.0,18:20,18:15,11
Sidoarjo,TB Book 2A 2609 2B 2622 full,Activated,TBV32-1-120-A-280226-46-S23MS78,14,28/02/2026,2609,2633,28/02/2026,22/08/2026,Classroom,Trailblazers 3.0,17:20,17:23,2
Sidoarjo,SS Book 4A-2608 / 4B-2625,Activated,SSV34-2-120-A-170226-161-S37MS906,10,17/02/2026,2608,2640,17/02/2026,08/10/2026,Classroom,Small Stars 3.0,19:30,19:31,4
Sidoarjo,FR Book 8A-2608 / 8B-2620 (End 2632),Activated,FRV28-1-120-A-210226-05-S44MS465,6,21/02/2026,2608,2632,21/02/2026,08/08/2026,Classroom,Frontrunner 2.0,13:40,13:38,8
Sidoarjo,HF Book D1-2607/C2-2616 (End 2624),Activated,HFV2D-2-160-A-110226-158-S22MS458,10,11/02/2026,2607,2624,11/02/2026,24/06/2026,Classroom,High Flyers 2.0,15:00,15:03,D
Sidoarjo,FR Book 8A 2607 /8B 2616,Activated,FRV28-2-160-A-110226-13-S52MS267,6,11/02/2026,2607,2625,11/02/2026,19/06/2026,Classroom,Frontrunner 2.0,18:20,18:18,8
Sidoarjo,TB Book 8A-2608/8B-2621,Activated,TBV38-1-120-A-210226-30-S52MS627,5,21/02/2026,2608,2632,21/02/2026,15/08/2026,Classroom,Trailblazers 3.0,18:40,18:42,8
Sidoarjo,FR Book 9A-2608/9B-2621,Activated,FRV29-1-120-A-210226-05-S12MS852,9,21/02/2026,2608,2632,21/02/2026,08/08/2026,Classroom,Frontrunner 2.0,12:30,12:32,9
Sidoarjo,HF Book G1 2607/ G2 2619,Activated,HFV2G-1-120-A-140226-25-S41MS189,7,14/02/2026,2607,2630,14/02/2026,08/08/2026,Classroom,High Flyers 2.0,19:40,19:44,G
Sidoarjo,FR Book 11A-2608/11B-2621,Activated,FRV211-1-120-A-210226-03-S22MS254,4,21/02/2026,2608,2632,21/02/2026,08/08/2026,Classroom,Frontrunner 2.0,16:20,16:20,11
Sidoarjo,FR Book 9A-2608/9B-2621,Activated,FRV29-1-120-A-210226-04-S15MS362,10,21/02/2026,2608,2632,21/02/2026,08/08/2026,Classroom,Frontrunner 2.0,18:50,18:50,9
Sidoarjo,HF Book E1-2608/E2-2621,Activated,HFV2E-1-120-A-210226-41-S9MS490,10,21/02/2026,2608,2632,21/02/2026,08/08/2026,Classroom,High Flyers 2.0,17:20,17:17,E
Sidoarjo,FR Book 7A-2607/7B-2620,Activated,FRV27-1-120-A-140226-05-S31MS773,8,14/02/2026,2607,2631,14/02/2026,01/08/2026,Classroom,Frontrunner 2.0,17:10,17:07,7
Sidoarjo,TB Book 8A-2606/8B-2619,Activated,TBV38-1-120-A-070226-29-S25MS940,4,07/02/2026,2606,2629,07/02/2026,01/08/2026,Classroom,Trailblazers 3.0,11:00,10:55,8
Sidoarjo,TB Book 4A-2606/4B-2618,Activated,TBV34-1-120-A-070226-43-S50MS361,13,07/02/2026,2606,2628,07/02/2026,25/07/2026,Classroom,Trailblazers 3.0,11:50,11:48,4
Sidoarjo,TB Book 4A-2607 / 4B-2616 (End 2624),Activated,TBV34-2-160-A-030226-142-S11MS136,5,03/02/2026,2607,2624,03/02/2026,16/06/2026,Classroom,Trailblazers 3.0,14:50,14:52,4
Sidoarjo,SS Book 4A-2606/4B-2623 FULL,Activated,SSV34-2-120-A-070226-159-S49MS843,8,07/02/2026,2606,2638,07/02/2026,19/09/2026,Classroom,Small Stars 3.0,12:30,12:27,4
Sidoarjo,(Diah) TB Book 4A-2606/4B-2614,Activated,TBV34-2-160-A-030226-141-S48MS230,6,03/02/2026,2606,2623,03/02/2026,16/06/2026,Classroom,Trailblazers 3.0,14:50,14:54,4
Sidoarjo,FR Book 14A-2606/14B-2619,Activated,FRV114-1-120-A-070226-03-S11MS671,6,07/02/2026,2606,2630,07/02/2026,25/07/2026,Classroom,Frontrunner 1.0,18:20,18:21,14
Sidoarjo,HF Book H1-2606/H2-2616,Activated,HFV2H-2-160-A-030226-111-S5MS829,10,03/02/2026,2606,2624,03/02/2026,11/06/2026,Classroom,High Flyers 2.0,12:40,12:39,H
Sidoarjo,SS Book 3A-2605 / 3B-2622 (End 2639),Activated,SSV33-2-120-A-280126-117-S58MS257,8,28/01/2026,2605,2645,28/01/2026,18/09/2026,Classroom,Small Stars 3.0,13:20,13:24,3
Sidoarjo,FR Book 6A-2605/6B-2614 (End 2624),Activated,FRV26-2-160-A-280126-08-S9MS511,7,28/01/2026,2605,2624,28/01/2026,10/06/2026,Classroom,Frontrunner 2.0,17:40,17:41,6
Sidoarjo,HF Book G1-2605 / G2-2614 (End 2622) FULL,Activated,HFV2G-2-160-A-270126-134-S51MS865,13,27/01/2026,2605,2623,27/01/2026,09/06/2026,Classroom,High Flyers 2.0,16:30,16:26,G
Sidoarjo,HF Book J1- 2605/J2-2615,Activated,HFV2J-2-160-A-280126-88-S15MS295,8,28/01/2026,2605,2624,28/01/2026,12/06/2026,Classroom,High Flyers 2.0,18:50,18:48,J
Sidoarjo,HF BOOK D1 2605/ D2 2619,Activated,HFV2D-1-120-A-310126-47-S5MS188,15,31/01/2026,2605,2626,31/01/2026,18/07/2026,Classroom,High Flyers 2.0,11:00,10:55,D
Sidoarjo,FR Book 7A-2605/7B-2615,Activated,FRV27-2-160-A-270126-15-S41MS413,11,27/01/2026,2605,2623,27/01/2026,04/06/2026,Classroom,Frontrunner 2.0,12:40,12:44,7
Sidoarjo,TB Book 3A- 2605/3B-2615,Activated,TBV33-2-160-A-280126-145-S12MS362,11,28/01/2026,2605,2623,28/01/2026,05/06/2026,Classroom,Trailblazers 3.0,14:20,14:22,3
Sidoarjo,FR Book 10A 2605 10B 2615,Activated,FRV210-2-160-A-280126-10-S41MS495,3,28/01/2026,2605,2623,28/01/2026,05/06/2026,Classroom,Frontrunner 2.0,10:30,10:34,10
Sidoarjo,TB Book5A 2604 / 5B 2617,Activated,TBV35-1-120-A-240126-55-S59MS431,6,24/01/2026,2604,2628,24/01/2026,18/07/2026,Classroom,Trailblazers 3.0,16:50,16:48,5
Sidoarjo,(Bagus) FR Book 4A-2607/4B-2615,Activated,FRV24-2-160-A-100226-07-S2MS514,5,10/02/2026,2607,2626,10/02/2026,25/06/2026,Classroom,Frontrunner 2.0,15:20,15:18,4
Sidoarjo,(Rina) TB Book 3A-2607/3B-2618,Activated,TBV33-1-120-A-140226-46-S11MS772,12,14/02/2026,2607,2631,14/02/2026,01/08/2026,Classroom,Trailblazers 3.0,10:00,10:01,3
Sidoarjo,(Diah) HF Book F1-2607/F2-2618,Activated,HFV2F-1-120-A-140226-01-S33MS312,6,14/02/2026,2607,2631,14/02/2026,01/08/2026,Classroom,High Flyers 2.0,12:00,11:59,F
Sidoarjo,Fenny TB Book 5A-2606/5B-2614,Activated,TBV35-2-160-A-040226-117-S21MS743,5,04/02/2026,2606,2624,04/02/2026,17/06/2026,Classroom,Trailblazers 3.0,10:30,10:28,5
Sidoarjo,TB Book 5A-2605/5B-2618,Activated,TBV35-1-120-A-310126-53-S5MS753,11,31/01/2026,2605,2629,31/01/2026,18/07/2026,Classroom,Trailblazers 3.0,17:30,17:30,5
Sidoarjo,HF Book F1-2605/F2-2615,Activated,HFV2F-2-160-A-280126-159-S30MS201,8,28/01/2026,2605,2624,28/01/2026,12/06/2026,Classroom,High Flyers 2.0,10:40,10:40,F
Sidoarjo,HF Book I1- 2605/I2-2615,Activated,HFV2I-2-160-A-280126-85-S35MS825,3,28/01/2026,2605,2623,28/01/2026,05/06/2026,Classroom,High Flyers 2.0,10:40,10:36,I
Sidoarjo,HF Book E1 2605 / E2 2615,Activated,HFV2E-2-160-A-270126-154-S46MS112,9,27/01/2026,2605,2623,27/01/2026,09/06/2026,Classroom,High Flyers 2.0,15:20,15:21,E
Sidoarjo,TB Book 3A-2604 / 3B-2616 (End 2627) FULL,Activated,TBV33-1-120-A-240126-44-S47MS786,10,24/01/2026,2604,2627,24/01/2026,18/07/2026,Classroom,Trailblazers 3.0,16:00,16:04,3
Sidoarjo,FR BOOK 5A-2604/5B-2614,Activated,FRV25-2-160-A-210126-08-S35MS398,11,21/01/2026,2604,2623,21/01/2026,05/06/2026,Classroom,Frontrunner 2.0,13:50,13:53,5
Sidoarjo,SS BOOK 2A 2604 / 2B 2622,Activated,SSV32-2-120-A-200126-106-S30MS47,7,20/01/2026,2604,2640,20/01/2026,03/09/2026,Classroom,Small Stars 3.0,12:30,12:31,2
Sidoarjo,FR Book 9A - 2604 / 9B - 2617,Activated,FRV29-1-120-A-240126-03-S48MS754,5,24/01/2026,2604,2628,24/01/2026,11/07/2026,Classroom,Frontrunner 2.0,14:00,14:00,9
Sidoarjo,FR Book 12A - 2604 / 12B - 2614,Activated,FRV212-2-160-A-200126-05-S2MS337,3,20/01/2026,2604,2622,20/01/2026,28/05/2026,Classroom,Frontrunner 2.0,10:30,10:34,12
Sidoarjo,HF Book F1-2603 / F2-2615 (End 2627),Activated,HFV2F-1-120-A-170126-34-S6MS6,10,17/01/2026,2603,2627,17/01/2026,11/07/2026,Classroom,High Flyers 2.0,15:50,15:47,F
Sidoarjo,TB BOOK 7A-2603/7B-2616,Activated,TBV37-1-120-A-170126-37-S8MS541,9,17/01/2026,2603,2627,17/01/2026,11/07/2026,Classroom,Trailblazers 3.0,11:50,11:45,7
Sidoarjo,HF Book C1 2604 C2 2615 FULL JANGAN DIISI,Activated,HFV2C-2-160-A-210126-144-S55MS933,14,21/01/2026,2604,2623,21/01/2026,05/06/2026,Classroom,High Flyers 2.0,17:40,17:36,C
Sidoarjo,FR Book 11A-2603/11B-2612,Activated,FRV211-2-160-A-130126-06-S6MS853,3,13/01/2026,2603,2621,13/01/2026,26/05/2026,Classroom,Frontrunner 2.0,17:50,17:51,11
Sidoarjo,SS Book 4A-2603/4B-2619,Activated,SSV34-2-120-A-130126-157-S30MS197,9,13/01/2026,2603,2635,13/01/2026,03/09/2026,Classroom,Small Stars 3.0,14:30,14:34,4
Sidoarjo,(Rina) HF BOOK C1-2603/C2-2612,Activated,HFV2C-2-160-A-130126-143-S39MS901,7,13/01/2026,2603,2621,13/01/2026,21/05/2026,Classroom,High Flyers 2.0,18:30,18:33,C
Sidoarjo,TB BOOK 2A 2603 / 2B 2611,Activated,TBV32-2-160-A-130126-91-S41MS264,7,13/01/2026,2603,2621,13/01/2026,21/05/2026,Classroom,Trailblazers 3.0,11:40,11:42,2
Sidoarjo,HF Book D1 2602/ D2 2610,Activated,HFV2D-2-160-A-060126-156-S55MS293,10,06/01/2026,2602,2620,06/01/2026,14/05/2026,Classroom,High Flyers 2.0,16:00,16:03,D
Sidoarjo,FR Book 13A-2603/13B-2612,Activated,FRV113-2-160-A-140126-26-S47MS346,3,14/01/2026,2603,2622,14/01/2026,29/05/2026,Classroom,Frontrunner 1.0,16:50,16:52,13
Sby Plaza,TB 4A-2546 / 4B-2604 (END 2612),Activated,TBV34-2-160-A-111125-135-S48MS657,7,11/11/2025,2546,2612,11/11/2025,19/03/2026,Classroom,Trailblazers 3.0,14:30,14:30,4
Sby Plaza,HF H1 2546 / H2 2607 (END 2619),Activated,HFV2H-1-120-A-151125-20-S33MS820,11,15/11/2025,2546,2619,15/11/2025,09/05/2026,Classroom,High Flyers 2.0,15:10,15:14,H
Sby Plaza,FR 12A-2547 / 12B-2605 (END 2615),Activated,FRV212-2-160-A-181125-02-S48MS936,13,18/11/2025,2547,2615,18/11/2025,02/04/2026,Classroom,Frontrunner 2.0,17:10,17:11,12
Sby Plaza,HF D1-2547 / D2-2605 (END 2614),Activated,HFV2D-2-160-A-181125-140-S34MS392,11,18/11/2025,2547,2613,18/11/2025,02/04/2026,Classroom,High Flyers 2.0,17:50,17:48,D
Sby Plaza,TB 8A-2549 / 8B-2607 (END 2616),Activated,TBV38-2-160-A-031225-141-S40MS331,9,03/12/2025,2549,2616,03/12/2025,17/04/2026,Classroom,Trailblazers 3.0,12:20,12:21,8
Sby Plaza,HF F1-2545 / F2-2603 (END 2611),Activated,HFV2F-2-160-A-051125-155-S4MS934,7,05/11/2025,2545,2611,05/11/2025,13/03/2026,Classroom,High Flyers 2.0,12:10,12:08,F
Sby Plaza,FR 16A 2551 / 16B 2609 (END 2618),Activated,FRV116-2-160-A-171225-18-S3MS705,9,17/12/2025,2551,2617,17/12/2025,01/05/2026,Classroom,Frontrunner 1.0,12:30,12:26,16
Sby Plaza,FR 10A-2547 / 10B-2605 (END 2614 ) *FR2.0*,Activated,FRV210-2-160-A-191125-09-S17MS877,7,19/11/2025,2547,2614,19/11/2025,03/04/2026,Classroom,Frontrunner 2.0,10:30,10:25,10
Sby Plaza,SS 4A-2547/ 4B-2611 (END 2626),Activated,SSV34-2-120-A-191125-128-S4MS686,9,19/11/2025,2547,2626,19/11/2025,15/07/2026,Classroom,Small Stars 3.0,17:50,17:46,4
Sby Plaza,FR 9A-2546 / 9B-2604 (END 2613) *FR2.0*,Activated,FRV29-2-160-A-121125-12-S2MS815,7,12/11/2025,2546,2613,12/11/2025,27/03/2026,Classroom,Frontrunner 2.0,11:20,11:16,9
Sby Plaza,FR 10A-2547 / 10B-2605 (END 2614) *FR2.0*,Activated,FRV210-2-160-A-181125-08-S21MS863,7,18/11/2025,2547,2614,18/11/2025,02/04/2026,Classroom,Frontrunner 2.0,12:40,12:43,10
Sby Plaza,SS 4A-2546 / 4B-2613 (END 2625),Activated,SSV34-2-120-A-151125-129-S23MS562,8,15/11/2025,2546,2625,15/11/2025,11/07/2026,Classroom,Small Stars 3.0,17:50,17:52,4
Sby Plaza,TB 8A-2541 / 8B-2602 (END 2614),Activated,TBV38-1-120-A-111025-33-S58MS598,9,11/10/2025,2541,2613,11/10/2025,04/04/2026,Classroom,Trailblazers 3.0,12:40,12:44,8
Sby Plaza,SS 3A-2541 / 3B-2606 (END 2623),Activated,SSV33-2-120-A-111025-92-S53MS986,6,11/10/2025,2541,2623,11/10/2025,06/06/2026,Classroom,Small Stars 3.0,14:20,14:17,3
Sby Plaza,TB 4A-2540 / 4B-2601 (END 2613),Activated,TBV34-1-120-A-041025-35-S48MS549,9,04/10/2025,2540,2613,04/10/2025,28/03/2026,Classroom,Trailblazers 3.0,15:40,15:43,4
Sby Plaza,FR 11A-2539/FR 11B-2551 (END 2611) *FR 2.0*,Activated,FRV211-1-120-A-270925-02-S12MS485,8,27/09/2025,2539,2611,27/09/2025,14/03/2026,Classroom,Frontrunner 2.0,16:50,16:50,11
Sby Plaza,FR 12A-2613/FR 12B-2625 (END 2636) *FR 2.0*,Activated,FRV212-1-120-A-280326-03-S36MS682,7,28/03/2026,2613,1636,28/03/2026,12/09/2026,Classroom,Frontrunner 2.0,11:10,11:10,12
Sby Plaza,HF G1-2612 / G2-2623 (END 2631),Activated,HFV2G-2-160-A-180326-135-S56MS284,7,18/03/2026,2612,2631,18/03/2026,31/07/2026,Classroom,High Flyers 2.0,13:40,13:38,G
Sby Plaza,FR 13A-2611/ 13B-2624 (END 2635),Activated,FRV113-1-120-A-140326-09-S0MS330,5,14/03/2026,2611,2635,14/03/2026,29/08/2026,Classroom,Frontrunner 1.0,13:50,13:51,13
Sby Plaza,HF E1-2611 / E2-2624 (END 2635),Activated,HFV2E-1-120-A-140326-218-S0MS496,13,14/03/2026,2611,2635,14/03/2026,29/08/2026,Classroom,High Flyers 2.0,12:40,12:43,E
Sby Plaza,SS 3B-2610 (END 2625),Activated,SSV33-2-120-A-100326-96-S24MS919,9,10/03/2026,2529,2644,10/03/2026,02/07/2026,Classroom,Small Stars 3.0,11:50,11:53,3
Sby Plaza,FR 8A-2611 / 7B-2624 (END 2635),Activated,FRV28-1-120-A-140326-03-S49MS34,8,14/03/2026,2611,2635,14/03/2026,29/08/2026,Classroom,Frontrunner 2.0,17:00,17:03,8
Sby Plaza,HF F1-2610/ F2- 2619 (END 2627),Activated,HFV2F-2-160-A-040326-157-S38MS113,4,04/03/2026,2610,2627,04/03/2026,15/07/2026,Classroom,High Flyers 2.0,11:50,11:50,F
Sby Plaza,FR 5A-2611 / 5B-2623 (END 2635),Activated,FRV25-1-120-A-140326-04-S42MS570,11,14/03/2026,2611,2635,14/03/2026,29/08/2026,Classroom,Frontrunner 2.0,12:50,12:49,5
Sby Plaza,TB 3A-2611 / 3B-2623 (END 2634),Activated,TBV33-1-120-A-140326-71-S28MS552,9,14/03/2026,2611,2634,14/03/2026,05/09/2026,Classroom,Trailblazers 3.0,10:10,10:09,3
Sby Plaza,FR 5A-2611 / 5B-2623 (END 2635),Activated,FRV25-1-120-A-140326-03-S54MS529,6,14/03/2026,2611,2635,14/03/2026,29/08/2026,Classroom,Frontrunner 2.0,17:10,17:07,5
Sby Plaza,TB 4A - 2610 / 4B -2619 (END 2627),Activated,TBV34-2-160-A-040326-138-S22MS640,10,04/03/2026,2610,2627,04/03/2026,15/07/2026,Classroom,Trailblazers 3.0,19:40,19:38,4
Sby Plaza,FR 9A - 2609 / 9B - 2618 (END 2626),Activated,FRV29-2-160-A-240226-15-S45MS837,10,24/02/2026,2609,2626,24/02/2026,02/07/2026,Classroom,Frontrunner 2.0,17:20,17:24,9
Sby Plaza,FR 10A-2611 / 9B-2624 (END 2635) *FR2.0*,Activated,FRV210-1-120-A-140326-02-S23MS821,12,14/03/2026,2611,2635,14/03/2026,29/08/2026,Classroom,Frontrunner 2.0,17:20,17:22,10
Sby Plaza,FR 6A- 2609 / 6B-2619 (END 2627),Activated,FRV26-2-160-A-240226-05-S15MS406,6,24/02/2026,2609,2627,24/02/2026,02/07/2026,Classroom,Frontrunner 2.0,18:40,18:37,6
Sby Plaza,TB 3A-2608 / 3B-2618 (END 2626),Activated,TBV33-2-160-A-190226-179-S9MS625,6,19/02/2026,2608,2626,19/02/2026,02/07/2026,Classroom,Trailblazers 3.0,18:00,17:56,3
Sby Plaza,TB 6A-2608 / 6B-2621 (END 2632),Activated,TBV36-1-120-A-210226-28-S25MS398,8,21/02/2026,2608,2632,21/02/2026,08/08/2026,Classroom,Trailblazers 3.0,11:20,11:24,6
Sby Plaza,HF I1-2607 / I2-2617 (END 2625),Activated,HFV2I-2-160-A-100226-85-S45MS132,5,10/02/2026,2607,2625,10/02/2026,18/06/2026,Classroom,High Flyers 2.0,11:30,11:33,I
Sby Plaza,SS 2A-2609 / 2B-2626 (END 2642),Activated,SSV32-2-120-A-250226-257-S32MS215,8,25/02/2026,2609,,25/02/2026,09/10/2026,Classroom,Small Stars 3.0,17:50,17:51,2
Sby Plaza,TB 4A-2607 / 4B-2619 (END 2630),Activated,TBV34-1-120-A-140226-37-S7MS630,9,14/02/2026,2607,2630,14/02/2026,08/08/2026,Classroom,Trailblazers 3.0,16:50,16:48,4
Sby Plaza,HF J1-2607 / J2-2617 (END 2626),Activated,HFV2J-2-160-A-110226-90-S27MS194,7,11/02/2026,2607,2626,11/02/2026,26/06/2026,Classroom,High Flyers 2.0,18:20,18:16,J
Sby Plaza,[FULL] TB 2A-2606 / 2B-2609 (END 2621),Activated,TBV32-1-120-A-070226-38-S12MS356,17,07/02/2026,2606,2621,07/02/2026,30/05/2026,Classroom,Trailblazers 3.0,10:50,10:48,2
Sby Plaza,FR 9A-2611 / 9B-2621 (END 2629) *FR2.0*,Activated,FRV29-2-160-A-110326-14-S51MS703,7,11/03/2026,2611,2629,11/03/2026,22/07/2026,Classroom,Frontrunner 2.0,15:20,15:18,9
Sby Plaza,FR 11A-2606 / FR 11B-2616 (END 2624) *FR2.0*,Activated,FRV211-2-160-A-040226-04-S53MS43,6,04/02/2026,2606,2624,04/02/2026,19/06/2026,Classroom,Frontrunner 2.0,12:40,12:42,11
Sby Plaza,TB 5A-2606 / 5B-2619 (END 2630),Activated,TBV35-1-120-A-070226-49-S38MS747,9,07/02/2026,2606,2630,07/02/2026,25/07/2026,Classroom,Trailblazers 3.0,12:00,12:01,5
Sby Plaza,FR 5A-2607 / 5B - 2616 (END 2624) (2.0),Activated,FRV25-2-160-A-110226-06-S46MS76,8,11/02/2026,2607,2624,11/02/2026,19/06/2026,Classroom,Frontrunner 2.0,12:00,11:55,5
Sby Plaza,TB 8A 2606 / 8B 2616 (END 2625),Activated,TBV38-2-160-A-040226-143-S9MS734,8,04/02/2026,2606,2625,04/02/2026,19/06/2026,Classroom,Trailblazers 3.0,18:10,18:06,8
Sby Plaza,TB 4A-2611 / TB 4B-2621 (END 2629),Activated,TBV34-2-160-A-110326-137-S45MS508,6,11/03/2026,2611,2629,11/03/2026,17/07/2026,Classroom,Trailblazers 3.0,10:20,10:16,4
Sby Plaza,HF C1-2609 / C2-2618 (END 2626),Activated,HFV2C-2-160-A-250226-131-S8MS248,8,25/02/2026,2609,2626,25/02/2026,08/07/2026,Classroom,High Flyers 2.0,19:40,19:36,C
Sby Plaza,TB 4A-2605 / 4B-2617 (END 2628),Activated,TBV34-1-120-A-310126-36-S12MS380,5,31/01/2026,2605,2628,31/01/2026,18/07/2026,Classroom,Trailblazers 3.0,13:40,13:36,4
Sby Plaza,FR 10A-2606 / FR 10B-2616 (END 2624) *FR2.0*,Activated,FRV210-2-160-A-030226-10-S53MS298,5,03/02/2026,2606,2624,03/02/2026,11/06/2026,Classroom,Frontrunner 2.0,19:20,19:15,10
Sby Plaza,TB 6A 2605/ 6B 2615 (END 2623),Activated,TBV36-2-160-A-270126-112-S24MS294,10,27/01/2026,2605,2622,27/01/2026,04/06/2026,Classroom,Trailblazers 3.0,13:40,13:35,6
Sby Plaza,HF H2-2604 (END 2616),Activated,HFV2H-1-120-A-240126-21-S10MS236,9,24/01/2026,2604,2615,24/01/2026,25/04/2026,Classroom,High Flyers 2.0,17:10,17:08,H
Sby Plaza,TB 5A-2605 / 5B-2615 (END 2623),Activated,TBV35-2-160-A-270126-115-S46MS525,9,27/01/2026,,,27/01/2026,04/06/2026,Classroom,Trailblazers 3.0,19:20,19:18,5
Sby Plaza,HF G1-2505 / G2-2615 (END 2623),Activated,HFV2G-2-160-A-280126-134-S48MS549,8,28/01/2026,2505,2623,28/01/2026,05/06/2026,Classroom,High Flyers 2.0,17:30,17:33,G
Sby Plaza,HF E1-2605 / E2- 2615 (END 2623),Activated,HFV2E-2-160-A-280126-144-S33MS138,12,28/01/2026,2605,2623,28/01/2026,05/06/2026,Classroom,High Flyers 2.0,17:40,17:36,E
Sby Plaza,HF D1-2605 / D2-2615 (END 2623),Activated,HFV2D-2-160-A-270126-143-S49MS416,4,27/01/2026,2604,2623,27/01/2026,04/06/2026,Classroom,High Flyers 2.0,19:50,19:47,D
Sby Plaza,*BRAND NEW* TB 1A-2602/1B-2616 (END 2628),Activated,TBV31-1-120-A-240126-17-S11MS650,7,24/01/2026,2602,2628,24/01/2026,27/06/2026,Classroom,Trailblazers 3.0,12:20,12:19,1
Sby Plaza,SS 3A-2603 / 3B-2622 (END 2636),Activated,SSV33-2-120-A-280126-95-S18MS362,7,28/01/2026,2604,2636,28/01/2026,04/09/2026,Classroom,Small Stars 3.0,15:40,15:42,3
Sby Plaza,HF C1-2606 / C2-2619 (END 2630),Activated,HFV2C-1-120-A-070226-35-S20MS723,10,07/02/2026,2606,2630,07/02/2026,01/08/2026,Classroom,High Flyers 2.0,13:10,13:12,C
Sby Plaza,TB 7A-2604 / 7B -2616 (END 2628),Activated,TBV37-1-120-A-240126-35-S2MS554,11,24/01/2026,2604,2628,24/01/2026,11/07/2026,Classroom,Trailblazers 3.0,17:50,17:54,7
Sby Plaza,FR 9A-2604 / 9B -2617 (END 2628),Activated,FRV29-1-120-A-240126-06-S8MS730,7,24/01/2026,2604,2628,24/01/2026,11/07/2026,Classroom,Frontrunner 2.0,17:50,17:50,9
Sby Plaza,HF G1-2552 / G2-2610 (END 2619),Activated,HFV2G-2-160-A-150126-133-S30MS765,8,15/01/2026,2552,2619,15/01/2026,07/05/2026,Classroom,High Flyers 2.0,14:00,14:03,G
Sby Plaza,SS 4B - 2603 (END 2619),Activated,SSV34-2-120-A-130126-130-S40MS270,8,13/01/2026,2603,2619,13/01/2026,07/05/2026,Classroom,Small Stars 3.0,17:00,16:56,4
Sby Plaza,HF F1-2603 / F2-2616 (END 2627),Activated,HFV2F-1-120-A-170126-33-S34MS191,11,17/01/2026,2603,2627,17/01/2026,04/07/2026,Classroom,High Flyers 2.0,16:10,16:05,F
Sby Plaza,TB 1A-2603 / 1B-2616 (END 2627),Activated,TBV31-1-120-A-170126-16-S42MS101,9,17/01/2026,2603,2626,17/01/2026,04/07/2026,Classroom,Trailblazers 3.0,17:10,17:05,1
Sby Plaza,FR 15A-2603/15B-2616 (END 2627),Activated,FRV115-1-120-A-170126-06-S14MS900,9,17/01/2026,2603,2627,17/01/2026,04/07/2026,Classroom,Frontrunner 1.0,15:00,14:58,15
Sby Plaza,HF G1-2603 / G2-2612 (END 2620),Activated,HFV2G-2-160-A-140126-132-S55MS290,4,14/01/2026,2603,2620,14/01/2026,29/05/2026,Classroom,High Flyers 2.0,12:30,12:25,G
Sby Plaza,HF D1-2602 / D2-2611 (END 2620),Activated,HFV2D-2-160-A-130126-142-S6MS81,12,13/01/2026,2602,2620,13/01/2026,14/05/2026,Classroom,High Flyers 2.0,18:20,18:21,D
Sby Plaza,[FULL] FR 2A-2602/2B - 2609 (END 2620) (2.0),Activated,FRV22-2-160-A-070126-04-S14MS506,15,07/01/2026,2602,2620,07/01/2026,08/05/2026,Classroom,Frontrunner 2.0,18:40,18:39,2
Sby Plaza,TB 2A - 2552 / 2B -2610 (END 2619),Activated,TBV32-2-160-A-241225-116-S44MS646,13,24/12/2025,2552,2619,24/12/2025,08/05/2026,Classroom,Trailblazers 3.0,16:40,16:40,2
Sby Plaza,FR 6A- 2551 / 6B-2609 (END 2618) *FR 2.0*,Activated,FRV26-2-160-A-171225-04-S39MS313,10,17/12/2025,2551,2618,17/12/2025,01/05/2026,Classroom,Frontrunner 2.0,13:00,12:56,6
Sby Plaza,HF G1-2551 / G2-2609 (END 2618),Activated,HFV2G-2-160-A-161225-129-S46MS399,8,16/12/2025,2551,2618,16/12/2025,30/04/2026,Classroom,High Flyers 2.0,12:00,12:02,G
Sby Plaza,FR 9A-2601 / 9B-2614 (END 2625) *FR2.0*,Activated,FRV29-1-120-A-030126-05-S12MS366,5,03/01/2026,2602,2625,03/01/2026,20/06/2026,Classroom,Frontrunner 2.0,12:50,12:45,9
Sby Plaza,FR 8A- 2551 / 8B-2609 (END 2618) (2.0),Activated,FRV28-2-160-A-171225-12-S32MS388,5,17/12/2025,2551,2618,17/12/2025,01/05/2026,Classroom,Frontrunner 2.0,16:10,16:05,8
Sby Plaza,TB 3A-2551/ 3B-2609 (END 2617),Activated,TBV33-2-160-A-171225-176-S40MS835,9,17/12/2025,2551,2617,17/12/2025,01/05/2026,Classroom,Trailblazers 3.0,18:50,18:47,3
Sby Plaza,HF E1-2550 / E2-2611 (END 2623),Activated,HFV2E-1-120-A-131225-217-S46MS382,8,13/12/2025,2550,2623,13/12/2025,06/06/2026,Classroom,High Flyers 2.0,12:40,12:44,E
Sby Plaza,FR 3A-2550/3B-2608 (END 2617),Activated,FRV23-2-160-A-101225-11-S32MS311,11,10/12/2025,2550,2615,10/12/2025,29/04/2026,Classroom,Frontrunner 2.0,16:50,16:49,3
Sby Plaza,TB 7A 2550 / 7B 2610 (END 2617),Activated,TBV37-2-160-A-091225-99-S54MS126,5,09/12/2025,2550,2615,09/12/2025,23/04/2026,Classroom,Trailblazers 3.0,12:20,12:17,7
Sby Plaza,FR 6A-2549/6B-2607 (END 2616) TRIMURTI,Activated,FRV26-2-160-A-021225-03-S29MS25,6,02/12/2025,2549,2616,02/12/2025,16/04/2026,Classroom,Frontrunner 2.0,15:20,15:17,6
Sby Plaza,TB 4A-2549/ 4B-2607 (END 2616),Activated,TBV34-2-160-A-021225-136-S0MS239,8,02/12/2025,2549,2615,02/12/2025,16/04/2026,Classroom,Trailblazers 3.0,18:10,18:07,4
Sby Plaza,HF G1-2548 / G2-2609 (END 2621),Activated,HFV2G-1-120-A-291125-127-S28MS935,11,29/11/2025,2548,2620,29/11/2025,23/05/2026,Classroom,High Flyers 2.0,12:00,12:04,G
Sby Plaza,HF E1-2548 / E2-2606 (END 2615),Activated,HFV2E-2-160-A-251125-143-S48MS276,5,25/11/2025,2548,2614,25/11/2025,09/04/2026,Classroom,High Flyers 2.0,15:10,15:09,E
Sby Plaza,HF C1-2547/ C2-2608 (END 2620),Activated,HFV2C-1-120-A-221125-01-S57MS0,10,22/11/2025,2547,2620,22/11/2025,16/05/2026,Classroom,High Flyers 2.0,18:40,18:40,C
Sby Plaza,HF I1-2547 / I2-2606 (END 2614),Activated,HFV2I-2-160-A-181125-84-S16MS274,7,18/11/2025,2547,2614,18/11/2025,02/04/2026,Classroom,High Flyers 2.0,13:20,13:18,I
Sby Plaza,SS 4A-2533 / 4B-2549 (END 2614),Activated,SSV34-2-120-A-120825-122-S2MS25,7,12/08/2025,2533,2613,12/08/2025,02/04/2026,Classroom,Small Stars 3.0,18:30,18:26,4
Sby Plaza,*BRAND NEW* SS 1A-2532 / 1B-2550 (END 2615),Activated,SSV31-4-240-A-090825-03-S32MS174,5,09/08/2025,2532,2612,09/08/2025,11/04/2026,Classroom,Small Stars 3.0,12:30,12:33,1
Sby Plaza,SS 2A-2537 / 2B-2602 (END 2618),Activated,SSV32-2-120-A-090925-256-S13MS385,8,09/09/2025,2537,2624,09/09/2025,30/04/2026,Classroom,Small Stars 3.0,15:00,15:04,2
Sby Plaza,*BRAND NEW* HF C1-2546 / C2-2607 (END 2618),Activated,HFV2C-1-120-A-151125-34-S50MS467,10,15/11/2025,2546,2618,15/11/2025,09/05/2026,Classroom,High Flyers 2.0,15:20,15:23,C
Sby Bukit Mas,TB 6 2604-2628 (PTM 2615),Activated,TBV36-1-120-A-240126-26-S19MS251,11,24/01/2026,2604,2628,24/01/2026,11/07/2026,Classroom,Trailblazers 3.0,15:30,15:28,6
Sby Bukit Mas,HF H 2611-2635 (PTM 2623),Activated,HFV2H-1-120-A-140326-11-S54MS382,7,14/03/2026,2611,2635,14/03/2026,29/08/2026,Classroom,High Flyers 2.0,14:20,14:16,H
Sby Bukit Mas,HF D 2606-2630 (PTM 2618),Activated,HFV2D-1-120-A-070226-33-S34MS328,5,07/02/2026,2606,2630,07/02/2026,25/07/2026,Classroom,High Flyers 2.0,15:30,15:31,D
Sby Bukit Mas,HF D 2606-2630 (PTM 2618),Activated,HFV2D-1-120-A-070226-32-S21MS618,11,07/02/2026,2606,2630,07/02/2026,25/07/2026,Classroom,High Flyers 2.0,16:10,16:11,D
Sby Bukit Mas,FR 7 2605-2629 (PTM 2617),Activated,FRV27-1-120-A-310126-01-S37MS255,8,31/01/2026,2606,2629,31/01/2026,18/07/2026,Classroom,Frontrunner 2.0,15:40,15:44,7
Sby Bukit Mas,FR 3 2545-2618 (PTM 2605),Activated,FRV23-1-120-A-081125-01-S58MS130,5,08/11/2025,2545,2618,08/11/2025,02/05/2026,Classroom,Frontrunner 2.0,13:20,13:19,3
Sby Bukit Mas,TB 3 2612-2630 (PTM 2621),Activated,TBV33-2-160-A-170326-126-S17MS462,5,17/03/2026,2612,2630,17/03/2026,21/07/2026,Classroom,Trailblazers 3.0,11:40,11:38,3
Sby Bukit Mas,FR 7 2612-2630 (PTM 2621),Activated,FRV27-2-160-A-170326-07-S4MS181,2,17/03/2026,2612,2630,17/03/2026,23/07/2026,Classroom,Frontrunner 2.0,10:10,10:14,7
Sby Bukit Mas,HF H 2611-2629 (PTM 2620),Activated,HFV2H-2-160-A-100326-100-S8MS68,9,10/03/2026,2611,2629,10/03/2026,16/07/2026,Classroom,High Flyers 2.0,13:00,13:02,H
Sby Bukit Mas,TB 7B 2611-2619,Activated,TBV37-2-160-A-120326-85-S10MS761,6,12/03/2026,2611,2619,12/03/2026,07/05/2026,Classroom,Trailblazers 3.0,13:20,13:20,7
Sby Bukit Mas,FR 10B 2608-2617,Activated,FRV210-2-160-A-200226-03-S46MS348,7,20/02/2026,2608,2617,20/02/2026,24/04/2026,Classroom,Frontrunner 2.0,15:10,15:05,10
Sby Bukit Mas,HF H 2607-2631 (PTM 2619),Activated,HFV2H-1-120-A-140226-12-S53MS585,9,14/02/2026,2607,2631,14/02/2026,01/08/2026,Classroom,High Flyers 2.0,19:50,19:46,H
Sby Bukit Mas,TB 5 2606-2624 (PTM 2615),Activated,TBV35-2-160-A-040226-104-S46MS811,13,04/02/2026,2606,2624,04/02/2026,19/06/2026,Classroom,Trailblazers 3.0,15:30,15:28,5
Sby Bukit Mas,TB 2 2604-2628 (PTM 2616) B,Activated,TBV32-1-120-A-210226-38-S2MS445,10,21/02/2026,2608,2630,21/02/2026,11/07/2026,Classroom,Trailblazers 3.0,15:20,15:24,2
Sby Bukit Mas,SS 1 2602-2634 (PTM 2618),Activated,SSV31-2-120-A-270126-39-S34MS737,4,27/01/2026,2602,2634,27/01/2026,20/08/2026,Classroom,Small Stars 3.0,12:40,12:35,1
Sby Bukit Mas,FR 8 2604-2620 (PTM 2610),Activated,FRV28-2-160-A-220126-07-S17MS656,6,22/01/2026,2604,2620,22/01/2026,14/05/2026,Classroom,Frontrunner 2.0,12:00,12:04,8
Sby Bukit Mas,FR 5 2604-2612,Activated,FRV25-2-160-A-200126-06-S59MS782,5,20/01/2026,2604,2612,20/01/2026,19/03/2026,Classroom,Frontrunner 2.0,13:00,13:00,5
Sby Bukit Mas,FR 2 2604-2623 (PTM 2613),Activated,FRV22-2-160-A-210126-04-S4MS27,10,21/01/2026,2604,2623,21/01/2026,05/06/2026,Classroom,Frontrunner 2.0,19:20,19:16,2
Sby Bukit Mas,FR 8 2604-2622 (PTM 2613),Activated,FRV28-2-160-A-200126-06-S51MS480,4,20/01/2026,2604,2622,20/01/2026,28/05/2026,Classroom,Frontrunner 2.0,17:40,17:37,8
Sby Bukit Mas,TB 3 2603-2620 (PTM 2610),Activated,TBV33-2-160-A-210126-125-S9MS821,7,21/01/2026,2603,2620,21/01/2026,15/05/2026,Classroom,Trailblazers 3.0,15:20,15:18,3
Sby Bukit Mas,HF J 2603-2619 (PTM 2608),Activated,HFV2J-2-160-A-140126-79-S14MS446,4,14/01/2026,2603,2619,14/01/2026,08/05/2026,Classroom,High Flyers 2.0,14:10,14:14,J
Sby Bukit Mas,TB 2B 2603-2611,Activated,TBV32-2-160-A-130126-84-S31MS566,6,13/01/2026,2603,2611,13/01/2026,12/03/2026,Classroom,Trailblazers 3.0,14:00,13:57,2
Sby Bukit Mas,IELTS Preparation 2603-2628,Activated,IEV11-2-160-A-140126-01-S24MS54,4,14/01/2026,2603,2628,14/01/2026,10/07/2026,Classroom,IELTS 1.0,17:10,17:06,1
Sby Bukit Mas,HF C2 2603 - 2611,Activated,HFV2C-2-160-A-140126-125-S17MS436,7,14/01/2026,2603,2611,14/01/2026,13/03/2026,Classroom,High Flyers 2.0,10:10,10:13,C
Sby Bukit Mas,HF F 2602-2620 (PTM 2610),Activated,HFV2F-2-160-A-070126-147-S16MS816,12,07/01/2026,2602,2620,07/01/2026,15/05/2026,Classroom,High Flyers 2.0,18:30,18:26,F
Sby Bukit Mas,FR 7 2550-2617 (PTM 2607),Activated,FRV27-2-160-A-080126-06-S54MS128,5,08/01/2026,2550,2617,08/01/2026,23/04/2026,Classroom,Frontrunner 2.0,14:10,14:09,7
Sby Bukit Mas,TB 5 2602-2626 (PTM 2614),Activated,TBV35-1-120-A-100126-47-S18MS647,10,10/01/2026,2602,2626,10/01/2026,27/06/2026,Classroom,Trailblazers 3.0,11:00,11:02,5
Sby Bukit Mas,TB 1 2609-2627 (PTM 2618),Activated,TBV31-2-160-A-240226-65-S9MS17,7,24/02/2026,2609,2626,24/02/2026,02/07/2026,Classroom,Trailblazers 3.0,11:50,11:46,1
Sby Bukit Mas,HF J 2551-2618 (PTM 2608),Activated,HFV2J-2-160-A-161225-78-S7MS711,8,16/12/2025,2551,2618,16/12/2025,30/04/2026,Classroom,High Flyers 2.0,11:10,11:06,J
Sby Bukit Mas,TB 5 2604-2628 (PTM 2616),Activated,TBV35-1-120-A-240126-46-S11MS906,15,24/01/2026,2604,2628,24/01/2026,11/07/2026,Classroom,Trailblazers 3.0,13:00,12:57,5
Sby Bukit Mas,FR 8 2604-2628 (PTM 2616),Activated,FRV28-1-120-A-240126-02-S50MS522,13,24/01/2026,2604,2627,24/01/2026,11/07/2026,Classroom,Frontrunner 2.0,12:20,12:23,8
Sby Bukit Mas,HF E 2607-2631 (PTM 2619),Activated,HFV2E-1-120-A-140226-30-S31MS844,6,14/02/2026,2607,2630,14/02/2026,01/08/2026,Classroom,High Flyers 2.0,11:40,11:43,E
Sby Bukit Mas,TB 2 2604-2628 (PTM 2616) A,Activated,TBV32-1-120-A-240126-37-S50MS88,9,24/01/2026,2604,2628,24/01/2026,11/07/2026,Classroom,Trailblazers 3.0,14:30,14:29,2
Sby Bukit Mas,HF D 2612-2630 (PTM 2622),Activated,HFV2D-2-160-A-180326-131-S54MS645,6,18/03/2026,2612,2630,18/03/2026,31/07/2026,Classroom,High Flyers 2.0,13:50,13:47,D
Sby Bukit Mas,HF J 2604-2628 (PTM 2616),Activated,HFV2J-1-120-A-240126-05-S3MS345,4,24/01/2026,2604,2628,24/01/2026,11/07/2026,Classroom,High Flyers 2.0,10:10,10:12,J
Sby Bukit Mas,FR 11 2608-2627 (PTM 2618),Activated,FRV211-2-160-A-180226-02-S17MS51,5,18/02/2026,2608,2616,18/02/2026,03/07/2026,Classroom,Frontrunner 2.0,13:00,13:03,11
Sby Bukit Mas,FR 4 2604-2623 (PTM 2613),Activated,FRV24-2-160-A-210126-03-S6MS245,6,21/01/2026,2604,2621,21/01/2026,05/06/2026,Classroom,Frontrunner 2.0,12:10,12:05,4
Sby Bukit Mas,TB 2 2550-2617 (PTM 2607),Activated,TBV32-2-160-A-101225-83-S28MS424,9,10/12/2025,2550,2616,10/12/2025,24/04/2026,Classroom,Trailblazers 3.0,15:30,15:31,2
Sby Bukit Mas,HF G 2601-2625 (PTM 2611),Activated,HFV2G-1-120-A-030126-23-S15MS874,4,03/01/2026,2601,2625,03/01/2026,20/06/2026,Classroom,High Flyers 2.0,10:30,10:26,G
Sby Bukit Mas,HF E 2552-2620 (PTM 2609),Activated,HFV2E-2-160-A-241225-136-S36MS689,6,24/12/2025,2552,2620,24/12/2025,15/05/2026,Classroom,High Flyers 2.0,16:20,16:19,E
Sby Bukit Mas,TB 6 2606-2624 (PTM 2615),Activated,TBV36-2-160-A-030226-98-S24MS201,7,03/02/2026,2606,2623,03/02/2026,11/06/2026,Classroom,Trailblazers 3.0,13:40,13:44,6
Sby Bukit Mas,HF C 2603-2621 (PTM 2611),Activated,HFV2C-2-160-A-130126-123-S19MS613,8,13/01/2026,2603,2620,13/01/2026,21/05/2026,Classroom,High Flyers 2.0,12:20,12:17,C
Sby Bukit Mas,HF I 2549-2616 (PTM 2606),Activated,HFV2I-2-160-A-031225-73-S10MS21,5,03/12/2025,2549,2616,03/12/2025,17/04/2026,Classroom,High Flyers 2.0,20:00,19:58,I
Sby Bukit Mas,HF H 2549-2616 (PTM 2606),Activated,HFV2H-2-160-A-021225-99-S22MS675,6,02/12/2025,2549,2616,02/12/2025,16/04/2026,Classroom,High Flyers 2.0,10:30,10:33,H
Sby Bukit Mas,HF H 2549-2616 (PTM 2606),Activated,HFV2H-2-160-A-021225-98-S40MS69,4,02/12/2025,2549,2616,02/12/2025,16/04/2026,Classroom,High Flyers 2.0,15:00,15:04,H
Sby Bukit Mas,HF F 2549-2616 (PTM 2606),Activated,HFV2F-2-160-A-031225-146-S29MS345,4,03/12/2025,2549,2616,03/12/2025,17/04/2026,Classroom,High Flyers 2.0,17:20,17:17,F
Sby Bukit Mas,TB 6 2548-2620 (PTM 2608),Activated,TBV36-1-120-A-291125-25-S9MS325,9,29/11/2025,2548,2620,29/11/2025,23/05/2026,Classroom,Trailblazers 3.0,19:00,18:57,6
Sby Bukit Mas,FR 14 2549-2621 (PTM 2609),Activated,FRV114-1-120-A-061225-02-S53MS802,5,06/12/2025,2549,2621,06/12/2025,30/05/2026,Classroom,Frontrunner 1.0,17:20,17:18,14
Sby Bukit Mas,HF E 2552-2619 (PTM 2609),Activated,HFV2E-2-160-A-231225-135-S17MS193,5,23/12/2025,2552,2619,23/12/2025,07/05/2026,Classroom,High Flyers 2.0,14:20,14:15,E
Sby Bukit Mas,TB 4 2550-2623 (PTM 2610),Activated,TBV34-1-120-A-131225-36-S57MS793,6,13/12/2025,2550,2623,13/12/2025,06/06/2026,Classroom,Trailblazers 3.0,18:50,18:54,4
Sby Bukit Mas,TB 7 2549-2616 (PTM 2606),Activated,TBV37-2-160-A-031225-83-S38MS794,5,03/12/2025,2549,2616,03/12/2025,17/04/2026,Classroom,Trailblazers 3.0,11:30,11:26,7
Sby Bukit Mas,SS 4 2548-2629 (PTM 2612),Activated,SSV34-2-120-A-251125-121-S21MS957,10,25/11/2025,2548,2629,25/11/2025,16/07/2026,Classroom,Small Stars 3.0,15:50,15:49,4
Sby Bukit Mas,SS 3 2539-2620 (PTM 2603),Activated,SSV33-2-120-A-240925-83-S17MS705,9,24/09/2025,2539,2620,24/09/2025,15/05/2026,Classroom,Small Stars 3.0,13:30,13:30,3
Sby Bukit Mas,TB 4 2549-2616 (PTM 2606),Activated,TBV34-2-160-A-031225-122-S30MS485,5,03/12/2025,2549,2614,03/12/2025,17/04/2026,Classroom,Trailblazers 3.0,11:30,11:28,4
Sby Bukit Mas,TB 7 2552-2619 (PTM 2609),Activated,TBV37-2-160-A-231225-82-S19MS345,0,23/12/2025,2552,2617,23/12/2025,07/05/2026,Classroom,Trailblazers 3.0,18:40,18:42,7
Sby Bukit Mas,HF D 2547-2614 (PTM 2604),Activated,HFV2D-2-160-A-181125-129-S6MS290,10,18/11/2025,2547,2612,18/11/2025,02/04/2026,Classroom,High Flyers 2.0,15:40,15:39,D
Sby Bukit Mas,HF G 2544-2610 (PTM 2602),Activated,HFV2G-2-160-A-281025-121-S54MS213,12,28/10/2025,2544,2610,28/10/2025,05/03/2026,Classroom,High Flyers 2.0,15:40,15:38,G
Sby Bukit Mas,SS 2 2535-2616 (PTM 2550),Activated,SSV32-2-120-A-270825-77-S27MS654,6,27/08/2025,2535,2616,27/08/2025,17/04/2026,Classroom,Small Stars 3.0,13:00,12:57,2
Sby Bukit Mas,SS 2 2533-2613 (PTM 2548),Activated,SSV32-2-120-A-120825-73-S15MS126,6,12/08/2025,2533,2612,12/08/2025,26/03/2026,Classroom,Small Stars 3.0,17:00,17:03,2
Sby Galaxy Mall,HF F Sat 12:30 2605 - 2629 (PTM 2617),Activated,HFV2F-1-120-A-310126-40-S40MS856,13,31/01/2026,2605,2629,31/01/2026,18/07/2026,Classroom,High Flyers 2.0,15:50,15:52,F
Sby Galaxy Mall,TB 4 Sat 15:00 2606 - 2630 (PTM 2618),Activated,TBV34-1-120-A-070226-42-S56MS177,10,07/02/2026,2606,2630,07/02/2026,25/07/2026,Classroom,Trailblazers 3.0,11:30,11:33,4
Sby Galaxy Mall,SS 1 TTh 13:30 2605 - 2635 (PTM 2621),Activated,SSV31-2-120-A-270126-66-S35MS425,6,27/01/2026,2604,2635,27/01/2026,10/09/2026,Classroom,Small Stars 3.0,16:10,16:08,1
Sby Galaxy Mall,FR 11 TTh 19:40 2608 - 2626 (PTM 2617),Activated,FRV211-2-160-A-170226-09-S43MS632,5,17/02/2026,2608,2626,17/02/2026,25/06/2026,Classroom,Frontrunner 2.0,10:50,10:48,11
Sby Galaxy Mall,TB 6 Sat 12:30 2610 - 2634 (PTM 2622),Activated,TBV36-1-120-A-070326-31-S37MS132,9,07/03/2026,2610,2634,07/03/2026,22/08/2026,Classroom,Trailblazers 3.0,17:00,17:01,6
Sby Galaxy Mall,FR 9 Sat 10:00 2609 - 2633 (PTM 2621),Activated,FRV29-1-120-A-280226-05-S33MS699,10,28/02/2026,2609,2633,28/02/2026,15/08/2026,Classroom,Frontrunner 2.0,16:50,16:46,9
Sby Galaxy Mall,HF G Sat 12:30 2609 - 2633 (PTM 2621),Activated,HFV2G-1-120-A-280226-27-S36MS443,10,28/02/2026,2609,2633,28/02/2026,15/08/2026,Classroom,High Flyers 2.0,18:00,18:04,G
Sby Galaxy Mall,FR 6 Sat 15:00 2604 - 2628 (PTM 2616),Activated,FRV26-1-120-A-240126-02-S36MS849,10,24/01/2026,2604,2628,24/01/2026,11/07/2026,Classroom,Frontrunner 2.0,13:50,13:46,6
Sby Galaxy Mall,[FULL] HF D Sat 10:00 2602 - 2626 (PTM 2615),Activated,HFV2D-1-120-A-100126-41-S57MS91,11,10/01/2026,2602,2626,10/01/2026,27/06/2026,Classroom,High Flyers 2.0,15:20,15:22,D
Sby Galaxy Mall,TB 6 Sat 10:00 2606 - 2630 (PTM 2618),Activated,TBV36-1-120-A-070226-30-S43MS427,12,07/02/2026,2606,2629,07/02/2026,25/07/2026,Classroom,Trailblazers 3.0,15:00,15:00,6
Sby Galaxy Mall,[FULL] TB 6 WF 18:10 2549 - 2616 (PTM 2606),Activated,TBV36-2-160-A-031225-112-S21MS998,14,03/12/2025,2549,2616,03/12/2025,17/04/2026,Classroom,Trailblazers 3.0,14:10,14:07,6
Sby Galaxy Mall,(FULL) TB 2 Sat 12:30 2604 - 2628 (PTM 2616),Activated,TBV32-1-120-A-240126-36-S30MS288,16,24/01/2026,2604,2627,24/01/2026,11/07/2026,Classroom,Trailblazers 3.0,10:30,10:32,2
Sby Galaxy Mall,TB 7 WF 16:30 2549 - 2616 (PTM 2606),Activated,TBV37-2-160-A-031225-87-S14MS883,6,03/12/2025,2549,2616,03/12/2025,17/04/2026,Classroom,Trailblazers 3.0,14:00,13:55,7
Sby Galaxy Mall,[FULL] HF C WF 16:30 2608 - 2627 (PTM 2617),Activated,HFV2C-2-160-A-180226-126-S5MS178,13,18/02/2026,2608,2627,18/02/2026,03/07/2026,Classroom,High Flyers 2.0,13:40,13:37,C
Sby Galaxy Mall,HF H TTh 16:30 2608 - 2626 (PTM 2617),Activated,HFV2H-2-160-A-170226-114-S53MS647,7,17/02/2026,2608,2625,17/02/2026,25/06/2026,Classroom,High Flyers 2.0,11:30,11:27,H
Sby Galaxy Mall,TB 7 Sat 10:00 2539 - 2611 (PTM 2550),Activated,TBV37-1-120-A-270925-32-S15MS322,9,27/09/2025,2539,2611,27/09/2025,14/03/2026,Classroom,Trailblazers 3.0,15:10,15:08,7
Sby Galaxy Mall,SS 1 WF 13:30 2540 -2621 (PTM 2604),Activated,SSV31-2-120-A-011025-65-S17MS147,4,01/10/2025,2540,2619,01/10/2025,22/05/2026,Classroom,Small Stars 3.0,12:30,12:30,1
Sby Galaxy Mall,[FULL] SS 4 TTh 16:30 2537 - 2618 (PTM 2602),Activated,SSV34-2-120-A-090925-150-S43MS563,10,09/09/2025,2537,2618,09/09/2025,30/04/2026,Classroom,Small Stars 3.0,16:30,16:34,4
Sby Galaxy Mall,SS 3 TTh 18:10 2545 - 2626 (PTM 2609),Activated,SSV33-2-120-A-041125-109-S24MS429,6,04/11/2025,2545,2625,04/11/2025,25/06/2026,Classroom,Small Stars 3.0,13:10,13:10,3
Sby Galaxy Mall,SS 3 WF 16:30 2534 - 2615 (PTM 2549),Activated,SSV33-2-120-A-200825-108-S17MS668,9,20/08/2025,2534,2614,20/08/2025,10/04/2026,Classroom,Small Stars 3.0,12:10,12:13,3
Sby Galaxy Mall,SS 3 WF 13:30 2535 - 2616 (PTM 2550),Activated,SSV33-2-120-A-270825-111-S36MS207,3,27/08/2025,2535,2616,27/08/2025,17/04/2026,Classroom,Small Stars 3.0,12:50,12:47,3
Sby Galaxy Mall,SS 3 WF 16:30 2533 - 2614 (PTM 2548),Activated,SSV33-2-120-A-130825-110-S45MS133,8,13/08/2025,2533,2613,13/08/2025,03/04/2026,Classroom,Small Stars 3.0,16:40,16:44,3
Sby Galaxy Mall,[FULL] SS 2 TTh 16:30 2539 - 2619 (PTM 2603),Activated,SSV32-2-120-A-230925-103-S59MS528,11,23/09/2025,2539,2619,23/09/2025,14/05/2026,Classroom,Small Stars 3.0,19:20,19:23,2
Sby Galaxy Mall,HF D Sun 15:00 2542-2615 (PTM 2606),Activated,HFV2D-1-120-A-191025-38-S3MS953,6,19/10/2025,2542,2615,19/10/2025,12/04/2026,Classroom,High Flyers 2.0,15:30,15:29,D
Sby Galaxy Mall,SS 4 Sat 10:00 2537 - 2618 (PTM 2601),Activated,SSV34-2-120-A-130925-153-S38MS388,12,13/09/2025,2537,2617,13/09/2025,02/05/2026,Classroom,Small Stars 3.0,19:50,19:54,4
Sby Galaxy Mall,SS 1 TTh 13:30 2532 - 2613 (PTM 2547),Activated,SSV31-2-120-A-050825-62-S17MS336,8,05/08/2025,2528,2612,05/08/2025,26/03/2026,Classroom,Small Stars 3.0,17:10,17:12,1
Sby Galaxy Mall,FR 12 WF 16:30 2610 - 2628 (PTM 2619),Activated,FRV212-2-160-A-040326-06-S28MS522,9,04/03/2026,2610,2628,04/03/2026,10/07/2026,Classroom,Frontrunner 2.0,14:40,14:41,12
Sby Galaxy Mall,HF H WF 18:10 2610 - 2627 (PTM 2618),Activated,HFV2H-2-160-A-040326-113-S11MS265,9,04/03/2026,2610,2627,04/03/2026,10/07/2026,Classroom,High Flyers 2.0,10:20,10:24,H
Sby Galaxy Mall,HF G Sat 10:00 2609 - 2633 (PTM 2621),Activated,HFV2G-1-120-A-280226-26-S59MS811,10,28/02/2026,2609,2633,28/02/2026,15/08/2026,Classroom,High Flyers 2.0,12:20,12:20,G
Sby Galaxy Mall,HF E WF 13:30 2609 - 2627 (PTM 2618),Activated,HFV2E-2-160-A-250226-150-S40MS878,4,25/02/2026,2609,2627,25/02/2026,03/07/2026,Classroom,High Flyers 2.0,15:50,15:45,E
Sby Galaxy Mall,FR 9 WF 15:00 2605 - 2623 (PTM 2615),Activated,FRV29-2-160-A-280126-08-S39MS122,4,28/01/2026,2605,2623,28/01/2026,05/06/2026,Classroom,Frontrunner 2.0,20:00,19:58,9
Sby Galaxy Mall,FR 11 Sat 12:30 2604 - 2629 (PTM 2619),Activated,FRV211-1-120-A-240126-01-S13MS70,7,24/01/2026,2604,2629,24/01/2026,18/07/2026,Classroom,Frontrunner 2.0,13:00,12:56,11
Sby Galaxy Mall,[FULL] HF D TTh 18:10 2603 - 2621 (PTM 2611),Activated,HFV2D-2-160-A-130126-149-S54MS386,12,13/01/2026,2603,2621,13/01/2026,14/05/2026,Classroom,High Flyers 2.0,18:00,17:59,D
Sby Galaxy Mall,TB 3 TTh 15:00 2610 - 2628 (PTM 2619),Activated,TBV33-2-160-A-030326-129-S40MS762,6,03/03/2026,2610,2627,03/03/2026,14/07/2026,Classroom,Trailblazers 3.0,17:30,17:29,3
Sby Galaxy Mall,(FULL) SS 3 Sat 10:00 2610 - 2642 (PTM 2626),Activated,SSV33-2-120-A-070326-118-S34MS45,10,07/03/2026,2610,2641,07/03/2026,24/10/2026,Classroom,Small Stars 3.0,19:40,19:43,3
Sby Galaxy Mall,TB 8 Sat 12:30 2608 - 2632 (PTM 2620),Activated,TBV38-1-120-A-210226-30-S36MS950,7,21/02/2026,2608,2631,21/02/2026,08/08/2026,Classroom,Trailblazers 3.0,18:20,18:15,8
Sby Galaxy Mall,(FULL) TB 4 WF 18:10 2607 - 2625 (PTM 2616),Activated,TBV34-2-160-A-110226-129-S35MS442,14,11/02/2026,2607,2624,11/02/2026,19/06/2026,Classroom,Trailblazers 3.0,13:40,13:41,4
Sby Galaxy Mall,HF G Sat 15:00 2609 - 2633 (PTM 2621),Activated,HFV2G-1-120-A-280226-25-S8MS227,7,28/02/2026,2609,2632,28/02/2026,15/08/2026,Classroom,High Flyers 2.0,10:30,10:33,G
Sby Galaxy Mall,TB 4 Sun 12:30 2610 - 2634 (PTM 2622),Activated,TBV34-1-120-A-080326-41-S14MS91,9,08/03/2026,2610,2633,08/03/2026,06/09/2026,Classroom,Trailblazers 3.0,17:00,16:58,4
Sby Galaxy Mall,HF G WF 15:00 2605 - 2622  (PTM 2614),Activated,HFV2G-2-160-A-280126-138-S21MS71,6,28/01/2026,2605,2628,28/01/2026,05/06/2026,Classroom,High Flyers 2.0,13:30,13:34,G
Sby Galaxy Mall,SS 2 WF 16:30 2610- 2642 (PTM 2626),Activated,SSV32-2-120-A-040326-107-S38MS629,10,04/03/2026,2610,2641,04/03/2026,16/10/2026,Classroom,Small Stars 3.0,19:30,19:32,2
Sby Galaxy Mall,HF F Sat 15:00 2609 - 2633 (PTM 2621),Activated,HFV2F-1-120-A-280226-39-S20MS705,10,28/02/2026,2609,2632,28/02/2026,22/08/2026,Classroom,High Flyers 2.0,11:10,11:10,F
Sby Galaxy Mall,SS 4 WF 15:00 2606 - 2638 (PTM 2621),Activated,SSV34-2-120-A-040226-157-S32MS213,9,04/02/2026,2606,2629,04/02/2026,18/09/2026,Classroom,Small Stars 3.0,19:40,19:35,4
Sby Galaxy Mall,FR 2 WF 19:40 2550- 2617 (PTM 2607),Activated,FRV22-2-160-A-101225-03-S11MS777,5,10/12/2025,2550,2616,10/12/2025,24/04/2026,Classroom,Frontrunner 2.0,10:20,10:16,2
Sby Galaxy Mall,TB 4 Sat 10:00 2606 - 2630 (PTM 2618),Activated,TBV34-1-120-A-070226-40-S25MS845,10,07/02/2026,2606,2629,07/02/2026,01/08/2026,Classroom,Trailblazers 3.0,18:50,18:50,4
Sby Galaxy Mall,HF D TTh 15:00 2551 - 2618 (PTM 2608),Activated,HFV2D-2-160-A-161225-148-S40MS302,8,16/12/2025,2551,2618,16/12/2025,30/04/2026,Classroom,High Flyers 2.0,15:40,15:37,D
Sby Galaxy Mall,[FULL] HF F TTh 18:10 2612- 2630 (PTM 2621),Activated,HFV2F-2-160-A-170326-163-S18MS947,16,17/03/2026,2612,2629,17/03/2026,23/07/2026,Classroom,High Flyers 2.0,13:50,13:46,F
Sby Galaxy Mall,HF D TTh 16:30 2606 -2624 (PTM 2615),Activated,HFV2D-2-160-A-030226-147-S57MS368,9,03/02/2026,2606,2623,03/02/2026,11/06/2026,Classroom,High Flyers 2.0,12:30,12:25,D
Sby Galaxy Mall,(FULL) TB 4 TTh 18:10 2608 - 2626 (PTM 2617),Activated,TBV34-2-160-A-170226-128-S50MS720,7,17/02/2026,2608,2625,17/02/2026,25/06/2026,Classroom,Trailblazers 3.0,18:40,18:38,4
Sby Galaxy Mall,TB 4 TTh 18:10 2550 - 2617 (PTM 2607),Activated,TBV34-2-160-A-091225-127-S41MS363,14,09/12/2025,2551,2616,09/12/2025,23/04/2026,Classroom,Trailblazers 3.0,18:50,18:53,4
Sby Galaxy Mall,SS 4 TTh 15:00  2548 - 2629 (PTM 2612),Activated,SSV34-2-120-A-251125-155-S29MS565,6,25/11/2025,2548,2620,25/11/2025,16/07/2026,Classroom,Small Stars 3.0,14:40,14:41,4
Sby Galaxy Mall,[FULL] HF D WF 18:10 2544 - 2610 (PTM 2601),Activated,HFV2D-2-160-A-291025-146-S18MS677,14,29/10/2025,2544,,29/10/2025,06/03/2026,Classroom,High Flyers 2.0,18:00,18:01,D
Sby Galaxy Mall,TB 7 Sat 15:00 2542 - 2614 (PTM 2602),Activated,TBV37-1-120-A-181025-34-S22MS462,0,18/10/2025,2542,2608,18/10/2025,04/04/2026,Classroom,Trailblazers 3.0,17:50,17:51,7
Sby Galaxy Mall,FR 12 TTh 16:30 2551 - 2618 (PTM 2609),Activated,FRV212-2-160-A-161225-05-S22MS402,8,16/12/2025,2551,2618,16/12/2025,30/04/2026,Classroom,Frontrunner 2.0,14:50,14:53,12
Sby Galaxy Mall,(FULL) TB 4 Sat 12:30 2547 - 2620 (PTM 2607),Activated,TBV34-1-120-A-221125-39-S40MS46,17,22/11/2025,2547,2620,22/11/2025,16/05/2026,Classroom,Trailblazers 3.0,16:50,16:45,4
Sby Galaxy Mall,HF F TTh 15:00 2547 - 2614 (PTM 2603),Activated,HFV2F-2-160-A-181125-162-S35MS1,5,18/11/2025,2547,2611,18/11/2025,02/04/2026,Classroom,High Flyers 2.0,16:40,16:39,F
Sby Galaxy Mall,HF F WF 16:30 2549 - 2616 (PTM 2606),Activated,HFV2F-2-160-A-031225-160-S58MS848,11,03/12/2025,2549,2616,03/12/2025,17/04/2026,Classroom,High Flyers 2.0,19:50,19:49,F
Sby Galaxy Mall,HF F Sat 15:00 2549 - 2622 (PTM 2609),Activated,HFV2F-1-120-A-061225-38-S38MS555,11,06/12/2025,2549,2622,06/12/2025,30/05/2026,Classroom,High Flyers 2.0,15:50,15:47,F
Sby Galaxy Mall,FR 11 TTh 18:10 2548 - 2615 (PTM 2605),Activated,FRV211-2-160-A-251125-08-S56MS332,6,25/11/2025,2548,2615,25/11/2025,09/04/2026,Classroom,Frontrunner 2.0,14:00,13:59,11
Sby Galaxy Mall,HF G TTh 15:00 2547 - 2614 (PTM 2604),Activated,HFV2G-2-160-A-181125-137-S21MS199,6,18/11/2025,2547,2614,18/11/2025,02/04/2026,Classroom,High Flyers 2.0,17:30,17:27,G
Sby Galaxy Mall,TB 2 TTh 18:10 2547 - 2614 (PTM 2604),Activated,TBV32-2-160-A-181125-77-S29MS639,11,18/11/2025,2547,2613,18/11/2025,02/04/2026,Classroom,Trailblazers 3.0,15:30,15:30,2
Sby Galaxy Mall,TB 8 Sat 15:00 2545 - 2618 (PTM 2603),Activated,TBV38-1-120-A-081125-29-S29MS751,5,08/11/2025,2545,,08/11/2025,02/05/2026,Classroom,Trailblazers 3.0,18:40,18:43,8
Sby Galaxy Mall,TB 2 Sun 15:00 2547 - 2620 (PTM 2609),Activated,TBV32-1-120-A-231125-01-S7MS649,13,23/11/2025,2547,2621,23/11/2025,17/05/2026,Classroom,Trailblazers 3.0,10:30,10:28,2
Sby Galaxy Mall,HF C WF 18:10 2547 - 2614 (PTM 2604),Activated,HFV2C-2-160-A-191125-124-S24MS159,7,19/11/2025,2547,2613,19/11/2025,03/04/2026,Classroom,High Flyers 2.0,15:30,15:30,C
Sby Galaxy Mall,SS 2 Sun 12:30 2550 - 2631 (PTM 2615),Activated,SSV32-2-120-A-141225-106-S30MS179,5,14/12/2025,2550,2630,14/12/2025,02/08/2026,Classroom,Small Stars 3.0,10:40,10:44,2
Sby Galaxy Mall,SS 2 WF 15:00 2541 - 2622 (PTM 2605),Activated,SSV32-2-120-A-081025-105-S8MS924,8,08/10/2025,2541,2622,08/10/2025,29/05/2026,Classroom,Small Stars 3.0,15:40,15:38,2
Sby Galaxy Mall,SS 3 TTh 18:10 2544 - 2624 (PTM 2608),Activated,SSV33-2-120-A-281025-116-S26MS314,9,28/10/2025,2544,2616,28/10/2025,18/06/2026,Classroom,Small Stars 3.0,11:40,11:41,3
Sby Galaxy Mall,TB 5 Sat 15:00 2548 - 2621 (PTM 2608),Activated,TBV35-1-120-A-291125-50-S29MS91,13,29/11/2025,2548,2621,29/11/2025,23/05/2026,Classroom,Trailblazers 3.0,18:10,18:06,5
Sby Galaxy Mall,SS 3 Sat 15:00 2542 -  2623 (PTM 2607),Activated,SSV33-2-120-A-181025-115-S43MS199,11,18/10/2025,2542,2623,18/10/2025,13/06/2026,Classroom,Small Stars 3.0,11:30,11:30,3
Sby Galaxy Mall,FR 15 WF 16:30 2550 - 2617 (PTM 2607),Activated,FRV115-2-160-A-101225-15-S51MS959,7,10/12/2025,2550,2617,10/12/2025,24/04/2026,Classroom,Frontrunner 1.0,11:40,11:36,15
Sby Galaxy Mall,[FULL] HF E TTh 18:10 2545 - 2611 (PTM 2602),Activated,HFV2E-2-160-A-041125-148-S25MS364,14,04/11/2025,2545,2611,04/11/2025,12/03/2026,Classroom,High Flyers 2.0,18:30,18:26,E
Sby Galaxy Mall,FR 10 Sat 15:00 2547 - 2620 (PTM 2607),Activated,FRV210-1-120-A-221125-02-S37MS818,13,22/11/2025,2546,2620,22/11/2025,16/05/2026,Classroom,Frontrunner 2.0,10:30,10:26,10
Sby Galaxy Mall,SS 3 TTh 15:00 2545 - 2625 (PTM 2609),Activated,SSV33-2-120-A-041125-114-S50MS660,9,04/11/2025,2545,2625,04/11/2025,25/06/2026,Classroom,Small Stars 3.0,14:40,14:44,3
Sby Galaxy Mall,HF J WF 15:00 2547 - 2614 (PTM 2604),Activated,HFV2J-2-160-A-191125-86-S8MS235,6,19/11/2025,1,2614,19/11/2025,03/04/2026,Classroom,High Flyers 2.0,17:30,17:31,J
Sby Galaxy Mall,HF C Sat 15:00 2540 -  2613 (PTM 2551),Activated,HFV2C-1-120-A-041025-39-S0MS255,8,04/10/2025,2540,2612,04/10/2025,28/03/2026,Classroom,High Flyers 2.0,12:30,12:33,C
Sby Galaxy Mall,HF J TTh 16:30 2546 - 2613 (PTM 2603),Activated,HFV2J-2-160-A-111125-85-S28MS370,6,11/11/2025,2546,2613,11/11/2025,26/03/2026,Classroom,High Flyers 2.0,18:50,18:45,J
Sby Galaxy Mall,[FULL] HF C WF 15:00 2547 - 2614 (PTM 2604),Activated,HFV2C-2-160-A-191125-123-S8MS25,11,19/11/2025,2547,2614,19/11/2025,03/04/2026,Classroom,High Flyers 2.0,14:20,14:15,C
Sby Galaxy Mall,(NEW) SS 4 WF 13:30 2547 - 2628 (PTM 2611),Activated,SSV34-2-120-A-180326-163-S55MS778,8,18/03/2026,2547,2628,18/03/2026,10/07/2026,Classroom,Small Stars 3.0,14:50,14:51,4
Sby Galaxy Mall,HF E WF 18:10 2611 - 2630 (PTM 2621),Activated,HFV2E-2-160-A-110326-153-S4MS52,12,11/03/2026,2611,2630,11/03/2026,15/07/2026,Classroom,High Flyers 2.0,19:40,19:39,E
Sby Galaxy Mall,(NEW) FR 5 Sat 17:15 2549 - 2622 (PTM 2609),Activated,FRV25-1-120-A-140326-03-S4MS245,5,14/03/2026,2549,2622,14/03/2026,30/05/2026,Classroom,Frontrunner 2.0,12:00,12:00,5
Sby Galaxy Mall,(NEW) HF D Sun 12:30 2548 - 2621 (PTM 2608),Activated,HFV2D-1-120-A-150326-44-S40MS724,4,15/03/2026,2548,2620,15/03/2026,17/05/2026,Classroom,High Flyers 2.0,15:10,15:10,D
Sby Galaxy Mall,HF J Sat 12:30 2549 - 2622 (PTM 2609),Activated,HFV2J-1-120-A-140326-15-S22MS957,8,14/03/2026,2549,2622,14/03/2026,30/05/2026,Classroom,High Flyers 2.0,10:20,10:15,J
Sby Galaxy Mall,HF I WF 16:30 2610 - 2629 (PTM 2519),Activated,HFV2I-2-160-A-040326-93-S20MS254,9,04/03/2026,2610,2627,04/03/2026,15/07/2026,Classroom,High Flyers 2.0,13:30,13:28,I
Sby Galaxy Mall,HF J Sat 15:00 2608 - 2631 (PTM 2620),Activated,HFV2J-1-120-A-280226-14-S14MS34,9,28/02/2026,2608,2632,28/02/2026,01/08/2026,Classroom,High Flyers 2.0,19:20,19:18,J
Sby Galaxy Mall,HF C WF 15:00 2609 - 2626 (PTM 2617),Activated,HFV2C-2-160-A-250226-128-S33MS629,5,25/02/2026,2609,2626,25/02/2026,08/07/2026,Classroom,High Flyers 2.0,15:20,15:16,C
Sby Galaxy Mall,SS 3 WF 13:30 2609 -2641 (PTM 2625),Activated,SSV33-2-120-A-250226-120-S53MS364,7,25/02/2026,2609,2640,25/02/2026,09/10/2026,Classroom,Small Stars 3.0,15:00,14:57,3
Sby Galaxy Mall,TB 5 TTh 16:30 2610-2628 (PTM 2619),Activated,TBV35-2-160-A-030326-116-S19MS624,5,03/03/2026,2610,2633,03/03/2026,09/07/2026,Classroom,Trailblazers 3.0,17:40,17:42,5
Sby Galaxy Mall,HF I TTh 16:30 2608 - 2626 (PTM 2617),Activated,HFV2I-2-160-A-170226-92-S6MS467,7,17/02/2026,2608,2625,17/02/2026,30/06/2026,Classroom,High Flyers 2.0,10:10,10:06,I
Sby Galaxy Mall,FR 11 WF 18:10 2609 - 2627 (PTM 2618),Activated,FRV211-2-160-A-250226-10-S52MS618,7,25/02/2026,2609,2627,25/02/2026,03/07/2026,Classroom,Frontrunner 2.0,10:40,10:41,11
Sby Galaxy Mall,FR 16 WF 19:40 2609 - 2627 (PTM 2618),Activated,FRV116-2-160-A-250226-15-S42MS952,2,25/02/2026,2609,2627,25/02/2026,03/07/2026,Classroom,Frontrunner 1.0,19:20,19:19,16
Sby Galaxy Mall,FR 9 WF 18:10 2550-2617 (PTM 2607),Activated,FRV29-2-160-A-180226-14-S20MS753,13,18/02/2026,2550,2617,18/02/2026,24/04/2026,Classroom,Frontrunner 2.0,14:30,14:32,9
Sby Galaxy Mall,HF J WF 15:00 2607 - 2625 (PTM 2616),Activated,HFV2J-2-160-A-110226-92-S44MS302,6,11/02/2026,2607,2625,11/02/2026,19/06/2026,Classroom,High Flyers 2.0,13:50,13:47,J
Sby Galaxy Mall,[FULL] HF I Sat 10:00 2607 - 2631 ( PTM 2619),Activated,HFV2I-1-120-A-140226-20-S42MS279,15,14/02/2026,2607,2630,14/02/2026,01/08/2026,Classroom,High Flyers 2.0,13:50,13:51,I
Sby Galaxy Mall,HF J TTh 18:10 2548 - 2615 (PTM 2605),Activated,HFV2J-2-160-A-100226-91-S35MS224,13,10/02/2026,2607,2615,10/02/2026,09/04/2026,Classroom,High Flyers 2.0,16:00,16:00,J
Sby Galaxy Mall,HF I TTh 16:30 2546 - 2613 (PTM 2603),Activated,HFV2I-2-160-A-050226-91-S14MS752,8,05/02/2026,2546,2613,05/02/2026,26/03/2026,Classroom,High Flyers 2.0,12:40,12:43,I
Sby Galaxy Mall,NEW FR Junior 2 TTh 18:10 2548 - 2615 (2607),Activated,TBV38-2-160-A-030226-146-S32MS546,11,03/02/2026,2606,2615,03/02/2026,09/04/2026,Classroom,Trailblazers 3.0,16:50,16:46,8
Sby Galaxy Mall,HF D TTh 15:00 2606 - 2624 (PTM 2615),Activated,HFV2D-2-160-A-030226-151-S50MS205,6,03/02/2026,2606,2624,03/02/2026,11/06/2026,Classroom,High Flyers 2.0,14:00,14:03,D
Sby Galaxy Mall,HF H WF 15:00 2546 - 2613 (PTM 2604),Activated,HFV2H-2-160-A-040226-116-S43MS665,5,04/02/2026,2546,2613,04/02/2026,27/03/2026,Classroom,High Flyers 2.0,17:30,17:27,H
Sby Galaxy Mall,FR 14 TTh 16:30 2548 - 2615 (PTM 2605),Activated,FRV114-2-160-A-030226-21-S34MS26,6,03/02/2026,2548,2615,03/02/2026,09/04/2026,Classroom,Frontrunner 1.0,13:30,13:32,14
Sby Galaxy Mall,FR 5 TTh 19:40 2607 - 2625 (PTM 2616),Activated,FRV25-2-160-A-100226-03-S52MS877,10,10/02/2026,2607,2624,10/02/2026,18/06/2026,Classroom,Frontrunner 2.0,10:40,10:42,5
Sby Galaxy Mall,TB 3 WF 18:10 2610 - 2628 (PTM 2619),Activated,TBV33-2-160-A-040326-128-S23MS557,11,04/03/2026,2610,2628,04/03/2026,10/07/2026,Classroom,Trailblazers 3.0,14:50,14:45,3
Sby Galaxy Mall,HF H TTh 15:00 2547- 2614 (PTM 2604),Activated,HFV2H-2-160-A-270126-115-S35MS368,6,27/01/2026,2547,2613,27/01/2026,02/04/2026,Classroom,High Flyers 2.0,17:50,17:52,H
Sby Galaxy Mall,HF C TTh 13:30 2606-2624 (PTM 2615),Activated,HFV2C-2-160-A-030226-127-S36MS593,6,03/02/2026,2606,2623,03/02/2026,11/06/2026,Classroom,High Flyers 2.0,14:40,14:43,C
Sby Galaxy Mall,(NEW) SS 4 Sun 10:00 2601 - 2633 (PTM 2617),Activated,SSV34-2-120-A-250126-161-S33MS170,8,25/01/2026,2604,2633,25/01/2026,16/08/2026,Classroom,Small Stars 3.0,12:20,12:17,4
Sby Galaxy Mall,HF G WF 16:30 2610 - 2628 (PTM 2619),Activated,HFV2G-2-160-A-040326-139-S36MS782,5,04/03/2026,2610,2627,04/03/2026,15/07/2026,Classroom,High Flyers 2.0,19:00,19:02,G
Sby Galaxy Mall,TB 1 WF 16:30 2605 - 2624 (PTM 2614),Activated,TBV31-2-160-A-280126-61-S37MS861,5,28/01/2026,2605,2624,28/01/2026,05/06/2026,Classroom,Trailblazers 3.0,16:50,16:52,1
Sby Galaxy Mall,FR 9 TTh 16:30 2606 - 2624 (PTM 2615),Activated,FRV29-2-160-A-030226-13-S47MS792,9,03/02/2026,2606,2624,03/02/2026,11/06/2026,Classroom,Frontrunner 2.0,18:00,17:58,9
Sby Galaxy Mall,SS 4 WF 18:10 2551 - 2633 (PTM 2616),Activated,SSV34-2-120-A-140126-160-S40MS829,10,14/01/2026,2551,2632,14/01/2026,14/08/2026,Classroom,Small Stars 3.0,10:40,10:36,4
Sby Galaxy Mall,FR 13 TTh 18:10 2603 - 2621 (PTM 2611),Activated,FRV113-2-160-A-130126-25-S37MS186,9,13/01/2026,2603,2621,13/01/2026,21/05/2026,Classroom,Frontrunner 1.0,15:00,14:57,13
Sby Galaxy Mall,NEW HF C Sun 10:00 2601 - 2625 (PTM 2613),Activated,HFV2C-1-120-A-110126-41-S4MS186,10,11/01/2026,2601,2624,11/01/2026,21/06/2026,Classroom,High Flyers 2.0,16:20,16:17,C
Sby Galaxy Mall,TB 8 WF 18:10 2603 - 2622 (PTM 2611),Activated,TBV38-2-160-A-140126-145-S26MS662,14,14/01/2026,2603,2622,14/01/2026,22/05/2026,Classroom,Trailblazers 3.0,14:00,14:01,8
Sby Galaxy Mall,[NEW] TB 7 Sat 15:00 2542 - 2614 (PTM 2602),Activated,TBV37-1-120-A-100126-35-S43MS738,13,10/01/2026,2603,2614,10/01/2026,04/04/2026,Classroom,Trailblazers 3.0,16:10,16:07,7
Sby Galaxy Mall,[FULL] FR 7 WF 18:10 2546 - 2613 (PTM 2603),Activated,FRV27-2-160-A-210126-04-S27MS74,15,21/01/2026,2546,2613,21/01/2026,27/03/2026,Classroom,Frontrunner 2.0,17:50,17:49,7
Sby Galaxy Mall,(NEW) HF G Sat 10:00 2541 - 2614 (PTM 2601),Activated,HFV2G-1-120-A-100126-28-S4MS976,10,10/01/2026,2602,2613,10/01/2026,04/04/2026,Classroom,High Flyers 2.0,14:00,14:00,G
Sby Galaxy Mall,[FULL] SS 2 WF 16:30 2610 - 2642 (PTM 2626),Activated,SSV32-2-120-A-040326-109-S40MS91,7,04/03/2026,2610,2642,04/03/2026,16/10/2026,Classroom,Small Stars 3.0,12:10,12:11,2
Sby Galaxy Mall,TB 6 Sat 12:30 2602 - 2626 (PTM 2614),Activated,TBV36-1-120-A-100126-32-S51MS534,9,10/01/2026,2602,2625,10/01/2026,27/06/2026,Classroom,Trailblazers 3.0,17:50,17:49,6
Sby Galaxy Mall,HF D Sat 10:00 2602 - 2625 (PTM 2614),Activated,HFV2D-1-120-A-100126-43-S22MS488,5,10/01/2026,2602,2625,10/01/2026,04/07/2026,Classroom,High Flyers 2.0,12:20,12:22,D
Sby Galaxy Mall,FR 10 Sat 12:30 2602 - 2626 (PTM 2614),Activated,FRV210-1-120-A-100126-06-S51MS765,5,10/01/2026,2602,2626,10/01/2026,27/06/2026,Classroom,Frontrunner 2.0,13:40,13:43,10
Sby Galaxy Mall,FR 10 Sat 10:00 2602 - 2626 (PTM 2614),Activated,FRV210-1-120-A-100126-05-S22MS569,10,10/01/2026,2602,2626,10/01/2026,27/06/2026,Classroom,Frontrunner 2.0,13:50,13:50,10
Sby Galaxy Mall,HF E WF 15:00 2602 - 2620 (PTM 2610),Activated,HFV2E-2-160-A-070126-152-S53MS242,7,07/01/2026,2535,2619,07/01/2026,15/05/2026,Classroom,High Flyers 2.0,16:00,15:57,E
Sby Galaxy Mall,TB 5 TTh 15:00 2602 - 2620 (PTM 2610),Activated,TBV35-2-160-A-060126-115-S8MS205,6,06/01/2026,2602,2619,06/01/2026,14/05/2026,Classroom,Trailblazers 3.0,18:40,18:35,5
Sby Galaxy Mall,TB 3 TTh 15:00 2549 - 2616 (PTM 2608),Activated,TBV33-2-160-A-010126-125-S39MS513,4,01/01/2026,2601,2616,01/01/2026,16/04/2026,Classroom,Trailblazers 3.0,11:00,11:02,3
Sby Galaxy Mall,IELTS Prep Class TTh 19:40 2602 - 2626 Band 6.5 (PTM 2614),Activated,IEV12-2-160-A-060126-04-S8MS835,4,06/01/2026,2602,2626,06/01/2026,25/06/2026,Classroom,IELTS 1.0,11:20,11:20,2
Sby Galaxy Mall,FR 9 TTh 16:30 2551 - 2617 (PTM 2607),Activated,FRV29-2-160-A-161225-12-S27MS651,5,16/12/2025,2551,2617,16/12/2025,23/04/2026,Classroom,Frontrunner 2.0,17:30,17:34,9
Sby Galaxy Mall,TB 5 WF 18:10 2549 - 2616 (PTM 2606),Activated,TBV35-2-160-A-031225-114-S13MS742,10,03/12/2025,2549,2616,03/12/2025,17/04/2026,Classroom,Trailblazers 3.0,17:40,17:43,5
Sby Galaxy Mall,FR 3 Sun 15:00 2608- 2632 (PTM 2620),Activated,FRV23-1-120-A-220226-01-S0MS946,6,22/02/2026,2608,2631,22/02/2026,09/08/2026,Classroom,Frontrunner 2.0,15:20,15:15,3
Sby Galaxy Mall,FR 9 TTh 18:10 2548 - 2615 (PTM 2605),Activated,FRV29-2-160-A-251125-11-S31MS280,13,25/11/2025,2548,2615,25/11/2025,09/04/2026,Classroom,Frontrunner 2.0,13:10,13:08,9
Sby Galaxy Mall,HF H Sat 12:30 2602 - 2626 (PTM 2614),Activated,HFV2H-1-120-A-100126-25-S3MS99,6,10/01/2026,2602,2626,10/01/2026,27/06/2026,Classroom,High Flyers 2.0,13:30,13:34,H
Sby Jemursari,FR 9 (BOOK 2.0) SAT 11:30 / 2605 - 2629 (PTM 2617),Activated,FRV29-1-120-A-310126-04-S36MS137,7,31/01/2026,2605,,31/01/2026,25/07/2026,Classroom,Frontrunner 2.0,12:30,12:26,9
Sby Jemursari,TB 7 WF 16:30 / 2605 - 2624 (PTM 2614),Activated,TBV37-2-160-A-280126-91-S19MS89,4,28/01/2026,2605,2624,28/01/2026,12/06/2026,Classroom,Trailblazers 3.0,12:50,12:47,7
Sby Jemursari,FR 12 (BOOK 2.0) WF 16:30 / 2605 - 2623 (PTM 2614),Activated,FRV212-2-160-A-280126-04-S39MS335,7,28/01/2026,2605,,28/01/2026,10/06/2026,Classroom,Frontrunner 2.0,10:30,10:28,12
Sby Jemursari,TB 7 WF 18:10 / 2605 - 2623 (PTM 2614),Activated,TBV37-2-160-A-280126-90-S23MS319,6,28/01/2026,2605,,28/01/2026,10/06/2026,Classroom,Trailblazers 3.0,12:10,12:08,7
Sby Jemursari,FR 8 (BOOK 2.0) SAT 14:00 / 2609 - 2632 (PTM 2621),Activated,FRV28-1-120-A-280226-01-S3MS383,5,28/02/2026,2609,2632,28/02/2026,22/08/2026,Classroom,Frontrunner 2.0,16:20,16:22,8
Sby Jemursari,FR 5 (BOOK 2.0) WF 19:40 / 2605 - 2624 (PTM 2614),Activated,FRV25-2-160-A-280126-05-S11MS931,4,28/01/2026,2605,2624,28/01/2026,12/06/2026,Classroom,Frontrunner 2.0,14:10,14:07,5
Sby Jemursari,TB 6 SAT 11:30 / 2605 - 2629 (PTM 2617),Activated,TBV36-1-120-A-310126-29-S8MS25,7,31/01/2026,2605,,31/01/2026,25/07/2026,Classroom,Trailblazers 3.0,17:30,17:34,6
Sby Jemursari,FR 12 (BOOK 2.0) SAT 11:30 / 2605 - 2629 (PTM 2617),Activated,FRV212-1-120-A-310126-01-S46MS483,8,31/01/2026,2605,2629,31/01/2026,18/07/2026,Classroom,Frontrunner 2.0,10:50,10:51,12
Sby Jemursari,SS 3 WF 15:00 / 2602 - 2635 (PTM 2619) NEW ARTICLE,Activated,SSV33-2-120-A-230126-98-S31MS414,6,23/01/2026,2602,2635,23/01/2026,28/08/2026,Classroom,Small Stars 3.0,13:30,13:34,3
Sby Jemursari,(FULL) HF F SAT 09:15 / 2604 - 2628 (PTM 2616),Activated,HFV2F-1-120-A-240126-34-S16MS681,16,24/01/2026,2604,,24/01/2026,18/07/2026,Classroom,High Flyers 2.0,12:30,12:33,F
Sby Jemursari,HF D WF 16:30 / 2552 - 2619 (PTM 2610),Activated,HFV2D-2-160-A-210126-138-S49MS521,15,21/01/2026,2604,2619,21/01/2026,08/05/2026,Classroom,High Flyers 2.0,18:10,18:14,D
Sby Jemursari,FR 10 (BOOK 2.0) TTH 19:40 / 2604 - 2622 (PTM 2614),Activated,FRV210-2-160-A-200126-08-S45MS768,8,20/01/2026,2604,2621,20/01/2026,02/06/2026,Classroom,Frontrunner 2.0,13:30,13:29,10
Sby Jemursari,FR 3 (BOOK 2.0) WF 18:10 / 2604 - 2623 (PTM 2611),Activated,FRV23-2-160-A-210126-05-S58MS2,11,21/01/2026,2604,2623,21/01/2026,05/06/2026,Classroom,Frontrunner 2.0,15:20,15:22,3
Sby Jemursari,TB 1 TTH 16:30 / 2604 - 2622 (PTM 2614),Activated,TBV31-2-160-A-200126-66-S0MS624,6,20/01/2026,2604,2622,20/01/2026,02/06/2026,Classroom,Trailblazers 3.0,12:20,12:23,1
Sby Jemursari,SS 4 TTH 18:10 / 2537 - 2619 (PTM 2602) (NEW ARTICLE),Activated,SSV34-2-120-A-130126-132-S44MS292,10,13/01/2026,2537,2619,13/01/2026,07/05/2026,Classroom,Small Stars 3.0,18:30,18:34,4
Sby Jemursari,SS 3 TTH 15:00 / 2603 - 2636 (PTM 2620) NEW ARTICLE,Activated,SSV33-2-120-A-130126-97-S17MS754,7,13/01/2026,2603,2636,13/01/2026,03/09/2026,Classroom,Small Stars 3.0,16:40,16:41,3
Sby Jemursari,(FULL) HF D TTH 16:30 / 2606 - 2624 (PTM 2616)*,Activated,HFV2D-2-160-A-030226-137-S8MS597,10,03/02/2026,2606,2624,03/02/2026,16/06/2026,Classroom,High Flyers 2.0,13:50,13:54,D
Sby Jemursari,HF E TTH 16:30 / 2548 - 2615 (PTM 2606) New Article,Activated,HFV2E-2-160-A-130126-142-S13MS815,12,13/01/2026,2548,,13/01/2026,14/04/2026,Classroom,High Flyers 2.0,11:10,11:09,E
Sby Jemursari,TB 3 SAT 09:15 / 2603 - 2627 (PTM 2616),Activated,TBV31-1-120-A-170126-17-S24MS298,6,17/01/2026,2603,2627,17/01/2026,11/07/2026,Classroom,Trailblazers 3.0,15:50,15:49,1
Sby Jemursari,HF G TTH 18:10 / 2603 - 2621 (PTM 2611),Activated,HFV2G-2-160-A-130126-124-S33MS930,12,13/01/2026,2603,2621,13/01/2026,21/05/2026,Classroom,High Flyers 2.0,11:50,11:52,G
Sby Jemursari,HF F WF 18:10 / 2603 - 2621 (PTM 2611)*,Activated,HFV2F-2-160-A-140126-152-S21MS822,12,14/01/2026,2603,2621,14/01/2026,22/05/2026,Classroom,High Flyers 2.0,16:10,16:14,F
Sby Jemursari,TB 6 TTH 16:30 / 2603 - 2621 (PTM 2611),Activated,TBV36-2-160-A-130126-106-S38MS452,13,13/01/2026,2603,,13/01/2026,26/05/2026,Classroom,Trailblazers 3.0,15:10,15:07,6
Sby Jemursari,TB 5 TTH 18:10 / 2603 - 2621 (PTM 2611),Activated,TBV35-2-160-A-130126-110-S26MS692,12,13/01/2026,2603,,13/01/2026,21/05/2026,Classroom,Trailblazers 3.0,18:50,18:48,5
Sby Jemursari,(FULL) TB 2 WF 18:10 / 2550 - 2617 (PTM 2608) NEW ARTICLE,Activated,TBV32-2-160-A-090126-90-S27MS217,16,09/01/2026,2602,2617,09/01/2026,29/04/2026,Classroom,Trailblazers 3.0,18:00,17:57,2
Sby Jemursari,NEW TB 3 WF 16:30 / 2550 - 2617 (PTM 2608),Activated,TBV33-2-160-A-090126-133-S38MS711,6,09/01/2026,2602,2617,09/01/2026,29/04/2026,Classroom,Trailblazers 3.0,12:40,12:44,3
Sby Jemursari,HF H WF 16:30 / 2602 - 2620 (PTM 2610),Activated,HFV2H-2-160-A-070126-103-S17MS91,9,07/01/2026,2602,2620,07/01/2026,15/05/2026,Classroom,High Flyers 2.0,10:00,10:01,H
Sby Jemursari,TB 2 SAT 14:00 / 2602 - 2625 (PTM 2615),Activated,TBV32-1-120-A-100126-40-S50MS655,15,10/01/2026,2602,2615,10/01/2026,04/07/2026,Classroom,Trailblazers 3.0,15:30,15:30,2
Sby Jemursari,HF C WF 18:10 / 2545 - 2611 (PTM 2603) NEW ARTICLE,Activated,HFV2C-2-160-A-140126-131-S52MS654,10,14/01/2026,2603,2611,14/01/2026,13/03/2026,Classroom,High Flyers 2.0,11:00,10:56,C
Sby Jemursari,TB 8 SAT 14:00 / 2609 - 2633 (PTM 2621),Activated,TBV38-1-120-A-280226-28-S33MS372,11,28/02/2026,2609,2633,28/02/2026,15/08/2026,Classroom,Trailblazers 3.0,14:10,14:12,8
Sby Jemursari,TB 6 WF 18:10 / 2602 - 2620 (PTM 2610),Activated,TBV36-2-160-A-070126-104-S59MS395,8,07/01/2026,2602,2620,07/01/2026,20/05/2026,Classroom,Trailblazers 3.0,11:50,11:53,6
Sby Jemursari,HF E WF 15:00 / 2552 - 2618 (PTM 2610),Activated,HFV2E-2-160-A-241225-141-S57MS730,7,24/12/2025,2552,2618,24/12/2025,13/05/2026,Classroom,High Flyers 2.0,16:30,16:30,E
Sby Jemursari,TB 4 SAT 14:00 / 2604 - 2628 (PTM 2619),Activated,TBV34-1-120-A-240126-35-S41MS610,9,24/01/2026,2604,2628,24/01/2026,18/07/2026,Classroom,Trailblazers 3.0,14:20,14:19,4
Sby Jemursari,HF D SAT 09:15 / 2551 - 2624 (PTM 2611),Activated,HFV2D-1-120-A-201225-34-S33MS815,7,20/12/2025,2551,2624,20/12/2025,20/06/2026,Classroom,High Flyers 2.0,19:00,19:02,D
Sby Jemursari,FR 12 (BOOK 2.0) TTH 18:10 / 2551 - 2618 (PTM 2609),Activated,FRV212-2-160-A-161225-02-S53MS141,4,16/12/2025,2551,2618,16/12/2025,05/05/2026,Classroom,Frontrunner 2.0,19:30,19:30,12
Sby Jemursari,HF I SAT 11:30 / 2550 - 2623 (PTM 2610),Activated,HFV2I-1-120-A-131225-16-S9MS583,5,13/12/2025,2550,2623,13/12/2025,13/06/2026,Classroom,High Flyers 2.0,19:30,19:31,I
Sby Jemursari,TB 7 TTH 16:30 / 2550 - 2617 (PTM 2608),Activated,TBV37-2-160-A-091225-87-S27MS739,11,09/12/2025,2550,2617,09/12/2025,23/04/2026,Classroom,Trailblazers 3.0,10:50,10:52,7
Sby Jemursari,TB 8 WF 18:10 / 2551 - 2618 (PTM 2609),Activated,TBV38-2-160-A-171225-122-S14MS34,13,17/12/2025,2551,2618,17/12/2025,29/04/2026,Classroom,Trailblazers 3.0,18:10,18:08,8
Sby Jemursari,(FULL) HF C SAT 09:15 / 2551 - 2624 (PTM 2611),Activated,HFV2C-1-120-A-201225-36-S45MS395,12,20/12/2025,2551,2624,20/12/2025,13/06/2026,Classroom,High Flyers 2.0,19:40,19:37,C
Sby Jemursari,FR 10 (BOOK 2.0) TTH 18:10 / 2549 - 2616 (PTM 2607),Activated,FRV210-2-160-A-021225-06-S10MS627,5,02/12/2025,2549,2616,02/12/2025,16/04/2026,Classroom,Frontrunner 2.0,18:20,18:18,10
Sby Jemursari,HF F SAT 09:15 / 2548 - 2620 (PTM 2609),Activated,HFV2F-1-120-A-291125-32-S27MS602,10,29/11/2025,2548,2620,29/11/2025,23/05/2026,Classroom,High Flyers 2.0,10:20,10:18,F
Sby Jemursari,HF F TTH 16:30 / 2547 - 2614 (PTM 2605),Activated,HFV2F-2-160-A-181125-150-S3MS64,15,18/11/2025,2547,2614,18/11/2025,02/04/2026,Classroom,High Flyers 2.0,12:40,12:42,F
Sby Jemursari,HF J TTH 15:00 / 2547 - 2614 (PTM 2605),Activated,HFV2J-2-160-A-181125-81-S45MS987,8,18/11/2025,2547,2613,18/11/2025,07/04/2026,Classroom,High Flyers 2.0,10:10,10:06,J
Sby Jemursari,HF H SAT 14:00 / 2547 - 2620 ( PTM 2607 ),Activated,HFV2H-1-120-A-221125-17-S22MS736,7,22/11/2025,2547,2620,22/11/2025,23/05/2026,Classroom,High Flyers 2.0,19:30,19:26,H
Sby Jemursari,(FULL) HF D TTH 18:10 / 2547 - 2614 (PTM 2605),Activated,HFV2D-2-160-A-181125-134-S42MS176,13,18/11/2025,2547,2613,18/11/2025,02/04/2026,Classroom,High Flyers 2.0,19:50,19:54,D
Sby Jemursari,(FULL) TB 2 WF 18:10 / 2547 - 2614 (PTM 2605),Activated,TBV32-2-160-A-191125-87-S28MS148,15,19/11/2025,2547,2613,19/11/2025,03/04/2026,Classroom,Trailblazers 3.0,19:50,19:47,2
Sby Jemursari,(FULL) SS 4 SAT 11:30 / 2533 - 2615 (PTM 2549),Activated,SSV34-2-120-A-160825-130-S7MS151,12,16/08/2025,2533,2613,16/08/2025,11/04/2026,Classroom,Small Stars 3.0,13:40,13:44,4
Sby Jemursari,SS 3 TTH 15:00 / 2531 - 2611 (PTM 2547),Activated,SSV33-2-120-A-290725-94-S10MS75,6,29/07/2025,2531,,29/07/2025,12/03/2026,Classroom,Small Stars 3.0,13:00,12:56,3
Sby Jemursari,(FULL) SS 2 WF 16:30 2538 - 2619 (PTM 2551),Activated,SSV32-2-120-A-170925-84-S47MS482,8,17/09/2025,2538,2619,17/09/2025,13/05/2026,Classroom,Small Stars 3.0,19:00,19:00,2
Sby Jemursari,SS 1 WF 15:00 / 2538 - 2619 (PTM 2603),Activated,SSV31-2-120-A-170925-41-S39MS708,7,17/09/2025,2538,2617,17/09/2025,15/05/2026,Classroom,Small Stars 3.0,18:30,18:26,1
Sby Jemursari,TB 5 SAT 09:15 / 2543 - 2615 (PTM 2603),Activated,TBV35-1-120-A-251025-49-S36MS321,6,25/10/2025,2543,2615,25/10/2025,25/04/2026,Classroom,Trailblazers 3.0,19:10,19:06,5
Sby Jemursari,SS 1 TTH 15:00 / 2547 - 2627 (PTM 2612),Activated,SSV31-2-120-A-181125-42-S4MS921,6,18/11/2025,2547,2627,18/11/2025,14/07/2026,Classroom,Small Stars 3.0,12:50,12:46,1
Sby Jemursari,TB 3 SAT 09:15 / 2545 - 2618 (PTM 2607),Activated,TBV33-1-120-A-081125-38-S34MS306,9,08/11/2025,2545,2618,08/11/2025,02/05/2026,Classroom,Trailblazers 3.0,20:00,19:56,3
Sby Jemursari,TB 5 WF 18:10 / 2547-2614 (PTM 2605),Activated,TBV35-2-160-A-191125-107-S5MS778,12,19/11/2025,2547,2613,19/11/2025,08/04/2026,Classroom,Trailblazers 3.0,17:50,17:51,5
Sby Jemursari,SS 4 WF 15:00 / 2547 - 2629 (PTM 2611),Activated,SSV34-2-120-A-191125-131-S48MS516,6,19/11/2025,2547,2629,19/11/2025,17/07/2026,Classroom,Small Stars 3.0,16:00,15:55,4
Sby Jemursari,TB 3 TTH 16:30 / 2546 - 2613 (PTM 2604),Activated,TBV33-2-160-A-111125-130-S23MS325,12,11/11/2025,2546,2611,11/11/2025,26/03/2026,Classroom,Trailblazers 3.0,17:20,17:24,3
Sby Jemursari,HF F TTH 15:00 / 2545 - 2611 (PTM 2603),Activated,HFV2F-2-160-A-041125-149-S48MS447,4,04/11/2025,2545,2610,04/11/2025,12/03/2026,Classroom,High Flyers 2.0,10:10,10:05,F
Sby Jemursari,HF D SAT 14:00 / 2545 - 2618 (PTM 2606),Activated,HFV2D-1-120-A-081125-33-S3MS401,10,08/11/2025,2546,2616,08/11/2025,09/05/2026,Classroom,High Flyers 2.0,11:40,11:38,D
Sby Jemursari,SS 2 TTH 15:00 / 2541 - 2622 (PTM 2606),Activated,SSV32-2-120-A-071025-85-S9MS499,7,07/10/2025,2541,2620,07/10/2025,04/06/2026,Classroom,Small Stars 3.0,12:00,11:57,2
Sby Jemursari,TB 1 SAT 09:15 / 2541 - 2614 (PTM 2551),Activated,TBV31-1-120-A-111025-16-S14MS213,6,11/10/2025,2541,2601,11/10/2025,04/04/2026,Classroom,Trailblazers 3.0,14:20,14:20,1
Sby Jemursari,TB 7 SAT 09:15 / 2540 - 2613 (PTM 2551),Activated,TBV37-1-120-A-041025-32-S41MS759,7,04/10/2025,2540,2613,04/10/2025,28/03/2026,Classroom,Trailblazers 3.0,17:40,17:37,7
Sby Jemursari,(FULL) TB 3 WF 18:10 / 2546 - 2613 (PTM 2602)*,Activated,TBV33-2-160-A-121125-131-S13MS940,13,12/11/2025,25,2613,12/11/2025,27/03/2026,Classroom,Trailblazers 3.0,11:20,11:21,3
Sby Jemursari,HF J SAT 14:00 / 2540 - 2613 (PTM 2551),Activated,HFV2J-1-120-A-041025-11-S58MS434,5,04/10/2025,2540,2613,04/10/2025,28/03/2026,Classroom,High Flyers 2.0,12:50,12:53,J
Sby Jemursari,SS 2 TTH 18:10 / 2602 - 2635 (PTM 2618),Activated,SSV32-2-120-A-060126-86-S32MS300,5,06/01/2026,2606,2635,06/01/2026,27/08/2026,Classroom,Small Stars 3.0,19:00,19:02,2
Sby Jemursari,SS 4 TTH 15:00 / 2612 - 2643 (PTM 2628),Activated,SSV34-2-120-A-170326-136-S33MS465,4,17/03/2026,2612,2643,17/03/2026,05/11/2026,Classroom,Small Stars 3.0,14:40,14:36,4
Sby Jemursari,HF J WF 16:30 / 2550 - 2617 (PTM 2608) New Article,Activated,HFV2J-2-160-A-180326-85-S45MS796,11,18/03/2026,2550,,18/03/2026,29/04/2026,Classroom,High Flyers 2.0,19:50,19:49,J
Sby Jemursari,HF D WF 18:10 / 2612 - 2630 (PTM 2622),Activated,HFV2D-2-160-A-180326-139-S36MS486,10,18/03/2026,2612,2630,18/03/2026,29/07/2026,Classroom,High Flyers 2.0,13:10,13:10,D
Sby Jemursari,HF G TTH 15:00 / 2612 - 2630 (PTM 2621),Activated,HFV2G-2-160-A-170326-126-S19MS470,4,17/03/2026,2612,2630,17/03/2026,28/07/2026,Classroom,High Flyers 2.0,16:40,16:43,G
Sby Jemursari,FR 5 (BOOK 2.0) TTH 19:40 / 2611 - 2629 (PTM 2620),Activated,FRV25-2-160-A-100326-07-S38MS214,4,10/03/2026,2611,2629,10/03/2026,21/07/2026,Classroom,Frontrunner 2.0,16:20,16:19,5
Sby Jemursari,FR 12 (BOOK 2.0) WF 19:40 / 2611 - 2628 (PTM 2620),Activated,FRV212-2-160-A-110326-05-S42MS32,5,11/03/2026,2611,,11/03/2026,22/07/2026,Classroom,Frontrunner 2.0,19:50,19:47,12
Sby Jemursari,SS 3 WF 15:00 / 2610 - 2642 (PTM 2626),Activated,SSV33-2-120-A-040326-100-S26MS4,6,04/03/2026,2610,2642,04/03/2026,23/10/2026,Classroom,Small Stars 3.0,16:50,16:46,3
Sby Jemursari,HF C TTH 16:30 / 2610 - 2628 (PTM 2619),Activated,HFV2C-2-160-A-030326-134-S21MS703,9,03/03/2026,2610,2628,03/03/2026,09/07/2026,Classroom,High Flyers 2.0,17:00,17:01,C
Sby Jemursari,SS 4 WF 16:30 / 2610 - 2642 (PTM 2626),Activated,SSV34-2-120-A-040326-134-S5MS810,8,04/03/2026,2610,,04/03/2026,23/10/2026,Classroom,Small Stars 3.0,19:50,19:53,4
Sby Jemursari,TB 8 WF 15:00 / 2610 - 2628 (PTM 2620),Activated,TBV38-2-160-A-040326-125-S20MS711,6,04/03/2026,2610,2628,04/03/2026,15/07/2026,Classroom,Trailblazers 3.0,19:10,19:07,8
Sby Jemursari,SS 4 SAT 11:30 / 2609 - 2641 (PTM 2626),Activated,SSV34-2-120-A-280226-133-S55MS914,7,28/02/2026,2609,,28/02/2026,10/10/2026,Classroom,Small Stars 3.0,17:00,16:56,4
Sby Jemursari,SS 2 TTH 18:10 / 2609 - 2642 (PTM 2626) NEW ARTICLE,Activated,SSV32-2-120-A-240226-88-S3MS661,5,24/02/2026,2609,2642,24/02/2026,22/10/2026,Classroom,Small Stars 3.0,14:20,14:22,2
Sby Jemursari,FR 8 (BOOK 2.0) TTH 19:40 / 2609 - 2627 (PTM 2619),Activated,FRV28-2-160-A-240226-03-S24MS362,7,24/02/2026,2609,2627,24/02/2026,07/07/2026,Classroom,Frontrunner 2.0,17:40,17:43,8
Sby Jemursari,HF C WF 15:00 / 2609 - 2627 (PTM 2618),Activated,HFV2C-2-160-A-250226-133-S1MS521,9,25/02/2026,2609,,25/02/2026,15/07/2026,Classroom,High Flyers 2.0,12:30,12:33,C
Sby Jemursari,HF H SAT 11:30 / 2609 - 2633 (PTM 2621),Activated,HFV2H-1-120-A-280226-18-S26MS99,7,28/02/2026,2609,2633,28/02/2026,15/08/2026,Classroom,High Flyers 2.0,19:50,19:48,H
Sby Jemursari,FR 13 (BOOK 1.0) TTH 18:10 / 2608 - 2625 (PTM 2617),Activated,FRV113-2-160-A-170226-23-S42MS409,5,17/02/2026,2608,,17/02/2026,30/06/2026,Classroom,Frontrunner 1.0,11:50,11:45,13
Sby Jemursari,SS 3 BNC SAT 11:30 / 2608 - 2639 (PTM 2623),Activated,SSV33-2-120-A-210226-99-S43MS967,6,21/02/2026,2608,2639,21/02/2026,10/10/2026,Classroom,Small Stars 3.0,14:20,14:19,3
Sby Jemursari,TB 5 WF 16:30 / 2608 - 2625 (PTM 2617),Activated,TBV35-2-160-A-180226-112-S48MS617,4,18/02/2026,2608,2625,18/02/2026,01/07/2026,Classroom,Trailblazers 3.0,17:20,17:24,5
Sby Jemursari,TB 8 WF 18:10 / 2607 - 2626 (PTM 2517),Activated,TBV38-2-160-A-110226-124-S28MS613,8,11/02/2026,2607,2626,11/02/2026,26/06/2026,Classroom,Trailblazers 3.0,15:10,15:14,8
Sby Jemursari,HF C TTH 15:00 / 2607 - 2626 (PTM 2617),Activated,HFV2C-2-160-A-100226-132-S7MS355,5,10/02/2026,2607,2625,10/02/2026,25/06/2026,Classroom,High Flyers 2.0,14:00,13:59,C
Sby Jemursari,TB 5 SAT 09:15 / 2545 - 2619 (PTM 2607),Activated,TBV35-1-120-A-140226-50-S31MS762,13,14/02/2026,2545,2619,14/02/2026,09/05/2026,Classroom,Trailblazers 3.0,12:20,12:22,5
Sby Jemursari,FR 7 (BOOK 2.0) WF 19:40 / 2607 - 2625 (PTM 2616),Activated,FRV27-2-160-A-110226-05-S2MS455,12,11/02/2026,2607,2625,11/02/2026,24/06/2026,Classroom,Frontrunner 2.0,14:20,14:16,7
Sby Jemursari,FR 9 (BOOK 2.0) TTH 16:30 / 2607 - 2626 (PTM 2616),Activated,FRV29-2-160-A-100226-09-S50MS114,12,10/02/2026,2607,2626,10/02/2026,25/06/2026,Classroom,Frontrunner 2.0,14:20,14:21,9
Sby Jemursari,HF G SAT 14:00 / 2606 - 2631 (PTM 2619),Activated,HFV2G-1-120-A-070226-24-S30MS593,9,07/02/2026,2606,2627,07/02/2026,01/08/2026,Classroom,High Flyers 2.0,15:50,15:48,G
Sby Jemursari,HF D SAT 11:30 / 2606 - 2629 (PTM 2618),Activated,HFV2D-1-120-A-070226-37-S18MS42,11,07/02/2026,2606,2629,07/02/2026,01/08/2026,Classroom,High Flyers 2.0,14:20,14:16,D
Sby Jemursari,TB 5 TTH 16:30 / 2546 - 2613 (PTM 2604) (NEW ARTICLE),Activated,TBV35-2-160-A-030226-111-S49MS88,6,03/02/2026,2606,2613,03/02/2026,26/03/2026,Classroom,Trailblazers 3.0,11:20,11:16,5
Sby Jemursari,HF G TTH 16:30 / 2547 - 2614 (PTM 2605) NEW ARTICLE,Activated,HFV2G-2-160-A-030226-125-S41MS493,13,03/02/2026,2606,2614,03/02/2026,07/04/2026,Classroom,High Flyers 2.0,12:40,12:38,G
Sby Jemursari,BNC SS 1 WF 15:00 NEW ARTICLE / 2611 - 2643 (PTM 2627),Activated,SSV31-2-120-A-110326-44-S35MS131,5,11/03/2026,2610,,11/03/2026,30/10/2026,Classroom,Small Stars 3.0,14:30,14:30,1
Sby Jemursari,HF J TTH 18:10 / 2605 - 2624 (PTM 2614),Activated,HFV2J-2-160-A-270126-84-S55MS180,10,27/01/2026,2605,2624,27/01/2026,11/06/2026,Classroom,High Flyers 2.0,19:40,19:35,J
Sby Jemursari,(SPLIT) TB 6 SAT 11:30 / 2605 - 2629 (PTM 2620) NEW ARTICLE,Activated,TBV36-1-120-A-310126-30-S3MS27,9,31/01/2026,2605,2629,31/01/2026,25/07/2026,Classroom,Trailblazers 3.0,17:20,17:19,6
Sby Pakuwon Mall,HF F1-2607 / F2-2621 END-2633,Activated,HFV2F-1-120-A-150226-41-S59MS154,8,15/02/2026,2607,2633,15/02/2026,16/08/2026,Classroom,High Flyers 2.0,13:20,13:17,F
Sby Pakuwon Mall,TB 4A-2607 / 4B-2621 END-2633,Activated,TBV34-1-120-A-150226-43-S40MS371,6,15/02/2026,2607,2633,15/02/2026,16/08/2026,Classroom,Trailblazers 3.0,12:40,12:37,4
Sby Pakuwon Mall,HF E1-2612 / E2-2623 END-2631,Activated,HFV2E-2-160-A-180326-154-S52MS723,7,18/03/2026,2612,2631,18/03/2026,31/07/2026,Classroom,High Flyers 2.0,15:50,15:48,E
Sby Pakuwon Mall,FR 10A-2605 / 10B-2618 END-2629,Activated,FRV210-1-120-A-310126-03-S35MS537,3,31/01/2026,2605,2629,31/01/2026,18/07/2026,Classroom,Frontrunner 2.0,10:50,10:46,10
Sby Pakuwon Mall,TB 3A-2607 / 3B-2620 END-2631,Activated,TBV33-1-120-A-140226-49-S23MS97,10,14/02/2026,2607,2631,14/02/2026,01/08/2026,Classroom,Trailblazers 3.0,10:40,10:40,3
Sby Pakuwon Mall,TB 3A-2606 / 3B-2619 END-2630,Activated,TBV33-1-120-A-070226-48-S45MS616,7,07/02/2026,2606,2630,07/02/2026,25/07/2026,Classroom,Trailblazers 3.0,18:20,18:15,3
Sby Pakuwon Mall,HF F1-2606 / F2-2616 END-2625,Activated,HFV2F-2-160-A-040226-153-S55MS430,7,04/02/2026,2606,2625,04/02/2026,19/06/2026,Classroom,High Flyers 2.0,17:40,17:36,F
Sby Pakuwon Mall,FR 9A-2605 / 9B-2615 END-2624,Activated,FRV29-2-160-A-280126-10-S20MS949,3,28/01/2026,2605,2624,28/01/2026,12/06/2026,Classroom,Frontrunner 2.0,18:10,18:11,9
Sby Pakuwon Mall,HF C1-2611 / C2-2620 END-2629,Activated,HFV2C-2-160-A-100326-136-S26MS729,11,10/03/2026,2611,2629,10/03/2026,16/07/2026,Classroom,High Flyers 2.0,15:50,15:47,C
Sby Pakuwon Mall,[NEW] HF C1-2552 / C2-2610 END-2620,Activated,HFV2C-2-160-A-230126-135-S51MS274,9,23/01/2026,2552,2620,23/01/2026,15/05/2026,Classroom,High Flyers 2.0,12:40,12:44,C
Sby Pakuwon Mall,HF J1-2604 / J2-2615 END-2623,Activated,HFV2J-2-160-A-220126-87-S47MS665,4,22/01/2026,2604,2623,22/01/2026,04/06/2026,Classroom,High Flyers 2.0,17:40,17:35,J
Sby Pakuwon Mall,FR 9A-2605 / 9B-2618 END-2629,Activated,FRV29-1-120-A-310126-06-S9MS293,8,31/01/2026,2605,2629,31/01/2026,18/07/2026,Classroom,Frontrunner 2.0,16:10,16:06,9
Sby Pakuwon Mall,[NEW] HF G1-2551 / G2-2613 END-2624,Activated,HFV2G-1-120-A-240126-38-S14MS613,5,24/01/2026,2551,2624,24/01/2026,13/06/2026,Classroom,High Flyers 2.0,17:00,16:57,G
Sby Pakuwon Mall,[NEW] TB 5A-2548 / 5B-2609 END-2623,Activated,TBV35-1-120-A-250126-52-S14MS204,6,25/01/2026,2548,2623,25/01/2026,07/06/2026,Classroom,Trailblazers 3.0,16:50,16:50,5
Sby Pakuwon Mall,SS 1A-2607 / 1B-2624 END-2639,Activated,SSV31-2-120-A-150226-71-S41MS151,6,15/02/2026,2607,2639,15/02/2026,11/10/2026,Classroom,Small Stars 3.0,20:00,19:56,1
Sby Pakuwon Mall,[NEW] SS 3A-2548 / 3B-2614 END-2630,Activated,SSV33-2-120-A-210126-135-S32MS826,6,21/01/2026,2548,2630,21/01/2026,24/07/2026,Classroom,Small Stars 3.0,14:10,14:08,3
Sby Pakuwon Mall,1to1 Steven TB7 2604 - 2625 (32 Meetings),Activated,TBV37-2-160-A-200126-90-S37MS753,1,20/01/2026,2604,2622,20/01/2026,18/06/2026,Classroom,Trailblazers 3.0,11:30,11:26,7
Sby Pakuwon Mall,FR 7A-2605 / 7B-2618 END-2629,Activated,FRV27-1-120-A-310126-05-S48MS639,10,31/01/2026,2605,2629,31/01/2026,18/07/2026,Classroom,Frontrunner 2.0,11:50,11:54,7
Sby Pakuwon Mall,SS 4A-2603 / 4B-2620 END-2636,Activated,SSV34-2-120-A-150126-156-S30MS719,10,15/01/2026,2603,2636,15/01/2026,03/09/2026,Classroom,Small Stars 3.0,11:40,11:35,4
Sby Pakuwon Mall,FR 9A-2540 / 9B-2601 END-2613,Activated,FRV29-1-120-A-100126-05-S45MS416,10,10/01/2026,2602,2613,10/01/2026,28/03/2026,Classroom,Frontrunner 2.0,10:50,10:49,9
Sby Pakuwon Mall,[FULL] TB 3A-2609 / 3B-2619 END-2628,Activated,TBV33-2-160-A-250226-135-S38MS897,16,25/02/2026,2609,2628,25/02/2026,10/07/2026,Classroom,Trailblazers 3.0,12:40,12:36,3
Sby Pakuwon Mall,HF G1-2605 / G2-2619 END-2631,Activated,HFV2G-1-120-A-010226-37-S29MS266,7,01/02/2026,2605,2629,01/02/2026,02/08/2026,Classroom,High Flyers 2.0,11:10,11:10,G
Sby Pakuwon Mall,SS 3A-2603 / 3B-2620 END-2636,Activated,SSV33-2-120-A-130126-134-S11MS885,8,13/01/2026,2603,2636,13/01/2026,03/09/2026,Classroom,Small Stars 3.0,20:00,19:56,3
Sby Pakuwon Mall,HF E1-2602 / E2-2611 END-2621 (2),Activated,HFV2E-2-160-A-070126-152-S18MS627,10,07/01/2026,2602,2621,07/01/2026,22/05/2026,Classroom,High Flyers 2.0,15:40,15:43,E
Sby Pakuwon Mall,HF E1-2602 / E2-2611 END-2621 (1),Activated,HFV2E-2-160-A-070126-151-S9MS887,6,07/01/2026,2601,2626,07/01/2026,22/05/2026,Classroom,High Flyers 2.0,19:50,19:45,E
Sby Pakuwon Mall,HF G1-2602 / G2-2615 END-2626,Activated,HFV2G-1-120-A-100126-36-S58MS218,11,10/01/2026,2602,2626,10/01/2026,27/06/2026,Classroom,High Flyers 2.0,19:40,19:41,G
Sby Pakuwon Mall,HF I1-2602 / I2-2615 END-2626,Activated,HFV2I-1-120-A-100126-17-S19MS119,7,10/01/2026,2602,2626,10/01/2026,27/06/2026,Classroom,High Flyers 2.0,18:00,18:00,I
Sby Pakuwon Mall,FR 3A-2602 / 3B-2615 END-2626,Activated,FRV23-1-120-A-100126-04-S37MS718,12,10/01/2026,2602,2619,10/01/2026,27/06/2026,Classroom,Frontrunner 2.0,18:10,18:11,3
Sby Pakuwon Mall,[FULL] HF C1-2606 / C2-2619 END-2630,Activated,HFV2C-1-120-A-070226-53-S48MS365,13,07/02/2026,2606,2630,07/02/2026,25/07/2026,Classroom,High Flyers 2.0,18:40,18:42,C
Sby Pakuwon Mall,TB 7A-2604 / 7B-2615 END-2623,Activated,TBV37-2-160-A-220126-89-S15MS909,6,22/01/2026,2604,2623,22/01/2026,04/06/2026,Classroom,Trailblazers 3.0,14:10,14:10,7
Sby Pakuwon Mall,SS 4A-2551 / 4B-2617 END-2632,Activated,SSV34-2-120-A-201225-154-S41MS534,6,20/12/2025,2551,2632,20/12/2025,08/08/2026,Classroom,Small Stars 3.0,12:40,12:44,4
Sby Pakuwon Mall,IELTS 3A-2550 / 3B-2611 END-2623 [Band 6.5 - 7.5],Activated,IEV13-2-160-A-131225-04-S5MS151,5,13/12/2025,2550,2623,13/12/2025,06/06/2026,Classroom,IELTS 1.0,10:30,10:28,3
Sby Pakuwon Mall,FR 14A-2551 / 14B-2609 END-2619,Activated,FRV114-2-160-A-171225-20-S37MS456,8,17/12/2025,2551,2619,17/12/2025,08/05/2026,Classroom,Frontrunner 1.0,14:00,13:58,14
Sby Pakuwon Mall,HF I1-2607 / I2-2618 END-2626,Activated,HFV2I-2-160-A-120226-82-S52MS340,5,12/02/2026,2607,2626,12/02/2026,25/06/2026,Classroom,High Flyers 2.0,13:50,13:54,I
Sby Pakuwon Mall,TB 3A-2548 / 3B-2609 END-2621,Activated,TBV33-1-120-A-291125-46-S15MS680,11,29/11/2025,2548,2621,29/11/2025,23/05/2026,Classroom,Trailblazers 3.0,15:50,15:49,3
Sby Pakuwon Mall,TB 8A-2548 / 8B-2606 END-2616,Activated,TBV38-2-160-A-251125-121-S4MS449,6,25/11/2025,2548,2616,25/11/2025,16/04/2026,Classroom,Trailblazers 3.0,16:00,16:01,8
Sby Pakuwon Mall,FR 10A-2548 / 10B-2606 END-2616,Activated,FRV210-2-160-A-251125-11-S37MS888,4,25/11/2025,2548,2616,25/11/2025,16/04/2026,Classroom,Frontrunner 2.0,18:00,17:55,10
Sby Pakuwon Mall,[FULL] HF G1-2603 / G2-2616 END-2627,Activated,HFV2G-1-120-A-170126-33-S20MS374,14,17/01/2026,2603,2627,17/01/2026,04/07/2026,Classroom,High Flyers 2.0,11:40,11:36,G
Sby Pakuwon Mall,HF C1-2603 / C2-2613 END-2622,Activated,HFV2C-2-160-A-150126-134-S24MS566,6,15/01/2026,2603,2622,15/01/2026,28/05/2026,Classroom,High Flyers 2.0,17:10,17:09,C
Sby Pakuwon Mall,FR 11A-2602 / 11B-2611 END-2621,Activated,FRV211-2-160-A-070126-06-S46MS42,4,07/01/2026,2602,2621,07/01/2026,22/05/2026,Classroom,Frontrunner 2.0,16:30,16:30,11
Sby Pakuwon Mall,TB 4A-2552 / 4B-2610 END-2620,Activated,TBV34-2-160-A-241225-128-S56MS279,8,24/12/2025,2552,2620,24/12/2025,15/05/2026,Classroom,Trailblazers 3.0,13:20,13:20,4
Sby Pakuwon Mall,TB 8A-2549 / 8B-2610 END-2622,Activated,TBV38-1-120-A-061225-29-S13MS421,7,06/12/2025,2549,2622,06/12/2025,30/05/2026,Classroom,Trailblazers 3.0,17:30,17:33,8
Sby Pakuwon Mall,[2.0] FR 10A-2552 / 10B-2610 END-2620,Activated,FRV210-2-160-A-231225-10-S10MS176,8,23/12/2025,2552,2620,23/12/2025,14/05/2026,Classroom,Frontrunner 2.0,13:50,13:48,10
Sby Pakuwon Mall,FR 9A-2548 / 9B-2606 END-2616,Activated,FRV29-2-160-A-251125-09-S14MS976,8,25/11/2025,2548,2616,25/11/2025,16/04/2026,Classroom,Frontrunner 2.0,15:30,15:33,9
Sby Pakuwon Mall,HF C1-2549 / C2-2610 END-2622,Activated,HFV2C-1-120-A-061225-01-S35MS826,10,06/12/2025,2549,2622,06/12/2025,30/05/2026,Classroom,High Flyers 2.0,11:10,11:12,C
Sby Pakuwon Mall,FR 9A-2601 / 9B-2614 END-2625,Activated,FRV29-1-120-A-030126-04-S6MS601,5,03/01/2026,2601,2625,03/01/2026,20/06/2026,Classroom,Frontrunner 2.0,12:40,12:43,9
Sby Pakuwon Mall,SS 2A-2613 / 2B-2629 END-2644,Activated,SSV32-2-120-A-280326-109-S28MS493,3,28/03/2026,2613,2644,28/03/2026,31/10/2026,Classroom,Small Stars 3.0,15:20,15:15,2
Sby Pakuwon Mall,[FULL] SS 2A-2549 / 2B-2615 END-2630,Activated,SSV32-2-120-A-061225-106-S31MS354,10,06/12/2025,2549,2630,06/12/2025,25/07/2026,Classroom,Small Stars 3.0,15:20,15:24,2
Sby Pakuwon Mall,HF C1-2545 / C2-2606 END-2618,Activated,HFV2C-1-120-A-081125-50-S10MS639,11,08/11/2025,2545,2618,08/11/2025,02/05/2026,Classroom,High Flyers 2.0,18:40,18:40,C
Sby Pakuwon Mall,SS 4A-2548 / 4B-2614 END-2629,Activated,SSV34-2-120-A-291125-150-S35MS588,7,29/11/2025,2548,2629,29/11/2025,18/07/2026,Classroom,Small Stars 3.0,17:40,17:37,4
Sby Pakuwon Mall,FR 5A-2541 / 5B-2602 END-2614,Activated,FRV25-1-120-A-121025-02-S34MS300,4,12/10/2025,2541,2614,12/10/2025,05/04/2026,Classroom,Frontrunner 2.0,10:10,10:05,5
Sby Pakuwon Mall,SS 4A-2545 / 4B-2610 END-2626,Activated,SSV34-2-120-A-081125-149-S37MS204,11,08/11/2025,2545,2626,08/11/2025,27/06/2026,Classroom,Small Stars 3.0,18:00,17:56,4
Sby Pakuwon Mall,SS 3A-2531 / 3B-2549 END-2614,Activated,SSV33-2-120-A-030825-127-S20MS723,5,03/08/2025,2531,2614,03/08/2025,05/04/2026,Classroom,Small Stars 3.0,19:40,19:39,3
Sby Pakuwon Mall,SS 2A-2534 / 2B-2550 END-2616,Activated,SSV32-2-120-A-190825-105-S40MS758,8,19/08/2025,2534,2616,19/08/2025,16/04/2026,Classroom,Small Stars 3.0,11:00,10:56,2
Sby Pakuwon Mall,SS 3A-2540 / 3B-2605 END-2622,Activated,SSV33-2-120-A-300925-124-S45MS132,9,30/09/2025,2540,2622,30/09/2025,28/05/2026,Classroom,Small Stars 3.0,19:40,19:38,3
Sby Pakuwon Mall,SS 2A-2535 / 2B-2551 END-2616,Activated,SSV32-2-120-A-270825-104-S12MS925,6,27/08/2025,2535,2616,27/08/2025,17/04/2026,Classroom,Small Stars 3.0,16:50,16:50,2
Sby Pakuwon Mall,[FULL] SS 4A-2532 / 4B-2548 END-2613,Activated,SSV34-2-120-A-060825-145-S56MS235,12,06/08/2025,2532,2613,06/08/2025,27/03/2026,Classroom,Small Stars 3.0,14:20,14:16,4
Sby Pakuwon Mall,[FULL] SS 1A-2532 / 1B-2548 END-2614,Activated,SSV31-2-120-A-050825-66-S46MS514,7,05/08/2025,2532,2614,05/08/2025,02/04/2026,Classroom,Small Stars 3.0,12:20,12:22,1
Sby Pakuwon Mall,TB 4A-2540 / 4B-2601 END-2613,Activated,TBV34-1-120-A-041025-40-S9MS22,12,04/10/2025,2540,2613,04/10/2025,28/03/2026,Classroom,Trailblazers 3.0,14:00,14:00,4
Sby Pakuwon Mall,TB 4A-2551 / 4B-2613 END-2624,Activated,TBV34-1-120-A-201225-42-S48MS382,8,20/12/2025,2551,2624,20/12/2025,13/06/2026,Classroom,Trailblazers 3.0,16:40,16:44,4
Sby Pakuwon Mall,TB 2A-2550 / 2B-2608 END-2618,Activated,TBV32-2-160-A-091225-80-S39MS325,12,09/12/2025,2550,2618,09/12/2025,30/04/2026,Classroom,Trailblazers 3.0,12:20,12:19,2
Sby Pakuwon Mall,TB 4A-2545 / 4B-2606 END-2618,Activated,TBV34-1-120-A-081125-41-S55MS999,3,08/11/2025,2545,2618,08/11/2025,02/05/2026,Classroom,Trailblazers 3.0,19:10,19:13,4
Sby Pakuwon Mall,HF H1-2548 / H2-2609 END-2621,Activated,HFV2H-1-120-A-291125-26-S42MS451,5,29/11/2025,2548,2621,29/11/2025,23/05/2026,Classroom,High Flyers 2.0,17:30,17:29,H
Sby Pakuwon Mall,HF D1-2550 / D2-2608 END-2618,Activated,HFV2D-2-160-A-091225-143-S3MS747,11,09/12/2025,2550,2618,09/12/2025,30/04/2026,Classroom,High Flyers 2.0,18:40,18:37,D
Sby Pakuwon Mall,IELTS 3A-2541 / 3B-2602 END-2615 [Band 6.5 - 7.5],Activated,IEV13-2-160-A-071025-03-S31MS558,6,07/10/2025,2541,2615,07/10/2025,09/04/2026,Classroom,IELTS 1.0,12:10,12:14,3
Sby Pakuwon Mall,FR 11A-2545 / 11B-2606 END-2618,Activated,FRV211-1-120-A-081125-03-S55MS9,4,08/11/2025,2545,2618,08/11/2025,02/05/2026,Classroom,Frontrunner 2.0,17:30,17:30,11
Sby Pakuwon Mall,[FULL] SS 4A-2546 / 4B-2611 END-2629,Activated,SSV34-2-120-A-111125-152-S48MS942,12,11/11/2025,2546,2629,11/11/2025,16/07/2026,Classroom,Small Stars 3.0,17:40,17:42,4
Sby Pakuwon Mall,HF G1-2545 / G2-2603 END-2613,Activated,HFV2G-2-160-A-041125-129-S29MS143,4,04/11/2025,2545,2613,04/11/2025,26/03/2026,Classroom,High Flyers 2.0,13:00,12:58,G
Sby Pakuwon Mall,HF G1-2545 / G2-2603 END-2613,Activated,HFV2G-2-160-A-041125-128-S36MS20,11,04/11/2025,2545,2613,04/11/2025,26/03/2026,Classroom,High Flyers 2.0,13:30,13:29,G
Sby Pakuwon Mall,[FULL] FR 7A-2547 / 7B-2605 END-2614,Activated,FRV27-2-160-A-191125-03-S54MS295,16,19/11/2025,2547,2614,19/11/2025,03/04/2026,Classroom,Frontrunner 2.0,17:50,17:46,7
Sby Pakuwon Mall,FR 12A-2547 / 12B-2608 END-2620,Activated,FRV212-1-120-A-221125-02-S20MS659,4,22/11/2025,2547,2620,22/11/2025,16/05/2026,Classroom,Frontrunner 2.0,10:20,10:24,12
Sby Pakuwon Mall,TB 6A-2545 / 6B-2606 END-2618,Activated,TBV36-1-120-A-081125-30-S44MS948,8,08/11/2025,2545,2618,08/11/2025,02/05/2026,Classroom,Trailblazers 3.0,13:20,13:21,6
Sby Pakuwon Mall,SS 3A-2551 / 3B-2618 END-2634,Activated,SSV33-2-120-A-211225-132-S16MS846,4,21/12/2025,2551,2634,21/12/2025,23/08/2026,Classroom,Small Stars 3.0,13:10,13:13,3
Sby Pakuwon Mall,SS 3A-2551 / 3B-2617 END-2632,Activated,SSV33-2-120-A-201225-131-S3MS107,8,20/12/2025,2551,2632,20/12/2025,08/08/2026,Classroom,Small Stars 3.0,11:50,11:49,3
Sby Pakuwon Mall,[FULL] HF H1-2547 / H2-2608 END-2620,Activated,HFV2H-1-120-A-221125-25-S20MS519,15,22/11/2025,2547,2620,22/11/2025,16/05/2026,Classroom,High Flyers 2.0,18:00,18:02,H
Sby Pakuwon Mall,SS 4A-2546 / 4B-2611 END-2629,Activated,SSV34-2-120-A-161125-151-S54MS88,7,16/11/2025,2546,2629,16/11/2025,19/07/2026,Classroom,Small Stars 3.0,19:10,19:14,4
Sby Pakuwon Mall,SS 3A-2544 / 3B-2609 END-2626,Activated,SSV33-2-120-A-281025-130-S42MS261,6,28/10/2025,2544,2626,28/10/2025,25/06/2026,Classroom,Small Stars 3.0,14:40,14:36,3
Sby Pakuwon Mall,TB 6A-2545 / 6B-2606 END-2618,Activated,TBV36-1-120-A-081125-29-S34MS820,9,08/11/2025,2545,2618,08/11/2025,02/05/2026,Classroom,Trailblazers 3.0,18:10,18:09,6
Sby Pakuwon Mall,TB 6A-2542 / 6B-2603 END-2615,Activated,TBV36-1-120-A-181025-28-S11MS281,11,18/10/2025,2542,2615,18/10/2025,11/04/2026,Classroom,Trailblazers 3.0,16:50,16:46,6
Sby Pakuwon Mall,HF D1-2541 / D2-2602 END-2614,Activated,HFV2D-1-120-A-121025-53-S33MS335,10,12/10/2025,2541,2614,12/10/2025,05/04/2026,Classroom,High Flyers 2.0,11:40,11:36,D
Sby Pakuwon Mall,HF G1-2541 / G2-2602 END-2614,Activated,HFV2G-1-120-A-111025-32-S6MS149,9,11/10/2025,2541,2614,11/10/2025,04/04/2026,Classroom,High Flyers 2.0,15:20,15:17,G
Sby Pakuwon Mall,FR 8A-2542 / 8B-2603 END-2615,Activated,FRV28-1-120-A-191025-03-S21MS488,9,19/10/2025,2542,2615,19/10/2025,12/04/2026,Classroom,Frontrunner 2.0,13:40,13:40,8
Sby Pakuwon Mall,TB 8A-2542 / 8B-2603 END-2615,Activated,TBV38-1-120-A-181025-28-S33MS768,9,18/10/2025,2542,2615,18/10/2025,11/04/2026,Classroom,Trailblazers 3.0,13:00,13:03,8
Sby Pakuwon Mall,HF G1-2548 / G2-2606 END-2615,Activated,HFV2G-2-160-A-261125-126-S9MS273,9,26/11/2025,2548,2615,26/11/2025,10/04/2026,Classroom,High Flyers 2.0,10:20,10:22,G
Sby Pakuwon Mall,TB 7A-2549 / 7B-2607 END-2616,Activated,TBV37-2-160-A-031225-88-S24MS589,11,03/12/2025,2549,2616,03/12/2025,17/04/2026,Classroom,Trailblazers 3.0,19:40,19:43,7
Sby Pakuwon Mall,HF J1-2551 / J2-2609 END-2619,Activated,HFV2J-2-160-A-161225-83-S20MS130,8,16/12/2025,2551,2619,16/12/2025,07/05/2026,Classroom,High Flyers 2.0,14:50,14:52,J
Sby Pakuwon Mall,HF E1-2547 / E2-2605 END-2615,Activated,HFV2E-2-160-A-181125-145-S57MS602,2,18/11/2025,2547,2615,18/11/2025,09/04/2026,Classroom,High Flyers 2.0,10:20,10:15,E
Sby Pakuwon Mall,[NEW] SS 1A-2541 / 1B-2606 END-2623,Activated,SSV31-2-120-A-150326-75-S2MS882,5,15/03/2026,2611,2623,15/03/2026,07/06/2026,Classroom,Small Stars 3.0,11:50,11:45,1
Sby Pakuwon Mall,HF E1-2611 / E2-2624 END-2635,Activated,HFV2E-1-120-A-140326-47-S38MS466,11,14/03/2026,2611,2635,14/03/2026,29/08/2026,Classroom,High Flyers 2.0,16:30,16:30,E
Sby Pakuwon Mall,TB 8A-2610 / 8B-2625 END-2636,Activated,TBV38-1-120-A-080326-30-S18MS718,8,08/03/2026,2610,2636,08/03/2026,06/09/2026,Classroom,Trailblazers 3.0,18:00,17:59,8
Sby Pakuwon Mall,[NEW] SS 1A-2545 / 1B-2610 END-2627,Activated,SSV31-2-120-A-040326-74-S50MS517,6,04/03/2026,2545,2627,04/03/2026,03/07/2026,Classroom,Small Stars 3.0,18:50,18:54,1
Sby Pakuwon Mall,[FULL] NEW SS 2A-2602 / 2B-2620 END-2635,Activated,SSV32-2-120-A-200226-111-S13MS386,9,20/02/2026,2602,2635,20/02/2026,28/08/2026,Classroom,Small Stars 3.0,16:10,16:08,2
Sby Pakuwon Mall,HF D1-2613 / D2-2627 END-2638,Activated,HFV2D-1-120-A-290326-57-S24MS446,5,29/03/2026,2613,2638,29/03/2026,20/09/2026,Classroom,High Flyers 2.0,15:50,15:47,D
Sby Pakuwon Mall,HF G1-2611 / G2-2624 END-2635,Activated,HFV2G-1-120-A-140326-39-S53MS568,11,14/03/2026,2611,2635,14/03/2026,29/08/2026,Classroom,High Flyers 2.0,15:20,15:21,G
Sby Pakuwon Mall,TB 6A-2609 / 6B-2619 END-2628,Activated,TBV36-2-160-A-250226-106-S39MS449,4,25/02/2026,2609,2628,25/02/2026,10/07/2026,Classroom,Trailblazers 3.0,15:30,15:33,6
Sby Pakuwon Mall,HF D1-2609 / D2-2619 END-2627,Activated,HFV2D-2-160-A-240226-145-S53MS870,10,24/02/2026,2609,2627,24/02/2026,02/07/2026,Classroom,High Flyers 2.0,18:10,18:06,D
Sby Pakuwon Mall,FR 3A-2612 / 3B-2622 END-2630,Activated,FRV23-2-160-A-170326-02-S53MS46,3,17/03/2026,2612,2630,17/03/2026,23/07/2026,Classroom,Frontrunner 2.0,14:30,14:33,3
Sby Pakuwon Mall,HF F1-2608 / F2-2621 END-2632 (1),Activated,HFV2F-1-120-A-210226-43-S14MS689,10,21/02/2026,2608,2632,21/02/2026,08/08/2026,Classroom,High Flyers 2.0,14:10,14:08,F
Sby Pakuwon Mall,HF G1-2607 / G2-2618 END-2626,Activated,HFV2G-2-160-A-120226-132-S33MS222,6,12/02/2026,2607,2626,12/02/2026,25/06/2026,Classroom,High Flyers 2.0,18:20,18:18,G
Sby Pakuwon Mall,TB 2A-2608 / 2B-2623 END-2634,Activated,TBV32-1-120-A-220226-38-S11MS953,9,22/02/2026,2608,2632,22/02/2026,23/08/2026,Classroom,Trailblazers 3.0,19:30,19:30,2
Sby Pakuwon Mall,HF F1-2608 / F2-2621 END-2632 (2) (LOW),Activated,HFV2F-1-120-A-210226-42-S43MS918,12,21/02/2026,2608,2632,21/02/2026,08/08/2026,Classroom,High Flyers 2.0,13:10,13:14,F
Sby Pakuwon Mall,HF F1-2611 / F2-2620 END-2629,Activated,HFV2F-2-160-A-100326-154-S40MS235,5,10/03/2026,2611,2629,10/03/2026,16/07/2026,Classroom,High Flyers 2.0,16:20,16:18,F
Sby Pakuwon Mall,FR 11A-2610 / 11B-2620 END-2629,Activated,FRV211-2-160-A-040326-07-S45MS505,5,04/03/2026,2610,2629,04/03/2026,17/07/2026,Classroom,Frontrunner 2.0,15:20,15:22,11
Sby Pakuwon Mall,HF H1-2607 / H2-2617 END-2626,Activated,HFV2H-2-160-A-110226-107-S39MS499,4,11/02/2026,2507,2626,11/02/2026,26/06/2026,Classroom,High Flyers 2.0,12:00,11:56,H
Sby Pakuwon Mall,SS 4A-2610 / 4B-2628 END-2643,Activated,SSV34-2-120-A-040326-158-S39MS199,10,04/03/2026,2610,2643,04/03/2026,23/10/2026,Classroom,Small Stars 3.0,11:00,10:57,4
Sby Pakuwon Mall,TB 6A-2607 / 6B-2620 END-2631,Activated,TBV36-1-120-A-140226-32-S13MS414,5,14/02/2026,2607,2631,14/02/2026,01/08/2026,Classroom,Trailblazers 3.0,12:20,12:16,6
Sby Pakuwon Mall,[NEW] HF C1-2547 / C2-2605 END-2614,Activated,HFV2C-2-160-A-040226-138-S42MS849,9,04/02/2026,2547,2614,04/02/2026,03/04/2026,Classroom,High Flyers 2.0,19:30,19:26,C
Sby Pakuwon Mall,[NEW] TB 5A-2546 / 5B-2604 END-2614,Activated,TBV35-2-160-A-030226-113-S23MS483,11,03/02/2026,2546,2614,03/02/2026,02/04/2026,Classroom,Trailblazers 3.0,11:00,10:57,5
Sby Pakuwon Mall,[NEW] TB 1A-2549 / 1B-2610 END-2622,Activated,TBV31-1-120-A-070226-18-S35MS510,6,07/02/2026,2549,2622,07/02/2026,30/05/2026,Classroom,Trailblazers 3.0,11:30,11:29,1
Sby Pakuwon Mall,[NEW] HF H1-2602 / H2-2611 END-2621,Activated,HFV2H-2-160-A-040226-106-S56MS172,6,04/02/2026,2602,2621,04/02/2026,22/05/2026,Classroom,High Flyers 2.0,16:40,16:42,H
Sby Pakuwon Mall,TB 4A-2606 / 4B-2619 END-2630,Activated,TBV34-1-120-A-070226-44-S57MS270,16,07/02/2026,2606,2630,07/02/2026,25/07/2026,Classroom,Trailblazers 3.0,15:40,15:39,4
Sby Pakuwon Mall,[NEW] HF E1-2548 / E2-2606 END-2615,Activated,HFV2E-2-160-A-040226-155-S9MS942,15,04/02/2026,2548,2615,04/02/2026,10/04/2026,Classroom,High Flyers 2.0,11:40,11:43,E
Sby Pakuwon Mall,[NEW] HF E1-2541 / E2-2602 END-2614,Activated,HFV2E-1-120-A-310126-45-S6MS570,8,31/01/2026,2541,2614,31/01/2026,04/04/2026,Classroom,High Flyers 2.0,14:30,14:30,E
Sby Pakuwon Mall,[NEW] FR 4A-2548 / 4B-2606 END-2616,Activated,FRV24-2-160-A-050226-04-S4MS716,11,05/02/2026,2548,2616,05/02/2026,16/04/2026,Classroom,Frontrunner 2.0,15:30,15:30,4
Sby Pakuwon Mall,TB 7A-2607 / 7B-2617 END-2626,Activated,TBV37-2-160-A-110226-91-S47MS587,9,11/02/2026,2607,2626,11/02/2026,26/06/2026,Classroom,Trailblazers 3.0,15:20,15:21,7
Sby Pakuwon Mall,[NEW] TB 5A-2545 / 5B-2603 END-2613,Activated,TBV35-2-160-A-290126-112-S7MS140,11,29/01/2026,2545,2613,29/01/2026,26/03/2026,Classroom,Trailblazers 3.0,19:20,19:18,5
Sby Pakuwon Mall,HF G1-2607 / G2-2617 END-2626,Activated,HFV2G-2-160-A-110226-131-S52MS752,12,11/02/2026,2607,2626,11/02/2026,26/06/2026,Classroom,High Flyers 2.0,10:50,10:52,G
Sby Pakuwon Mall,TB 3A-2610 / 3B-2623 END-2634,Activated,TBV33-1-120-A-070326-50-S13MS250,13,07/03/2026,2610,2634,07/03/2026,22/08/2026,Classroom,Trailblazers 3.0,13:50,13:50,3
Sby Pakuwon Mall,TB 4A-2607 / 4B-2617 END-2626,Activated,TBV34-2-160-A-110226-130-S38MS872,11,11/02/2026,2607,2626,11/02/2026,26/06/2026,Classroom,Trailblazers 3.0,16:00,15:59,4
Sby Pakuwon Mall,[NEW] HF D1-2547 / D2-2608 END-2620,Activated,HFV2D-1-120-A-310126-56-S43MS868,14,31/01/2026,2547,2620,31/01/2026,16/05/2026,Classroom,High Flyers 2.0,11:20,11:16,D
Madiun,HF E (2545 - end 2618) PTM 2606,Activated,HFV2E-1-120-A-081125-27-S34MS880,8,08/11/2025,2545,2618,08/11/2025,02/05/2026,Classroom,High Flyers 2.0,18:10,18:07,E
Madiun,SS 4 (2545 - 2628) PTM 2610,Activated,SSV34-2-120-A-051125-133-S29MS344,9,05/11/2025,2545,2628,05/11/2025,10/07/2026,Classroom,Small Stars 3.0,11:40,11:39,4
Madiun,SS 4 (2545 - end 2627) PTM 2610,Activated,SSV34-2-120-A-081125-132-S22MS41,11,08/11/2025,2545,2627,08/11/2025,04/07/2026,Classroom,Small Stars 3.0,10:50,10:51,4
Madiun,FR 5 ( 2545 - end 2613 ) PTM 2602,Activated,FRV25-2-160-A-041125-04-S12MS111,4,04/11/2025,2545,2613,04/11/2025,26/03/2026,Classroom,Frontrunner 2.0,11:40,11:44,5
Madiun,HF E (2545 - end 2613) PTM 2503,Activated,HFV2E-2-160-A-041125-146-S33MS440,10,04/11/2025,2545,2613,04/11/2025,26/03/2026,Classroom,High Flyers 2.0,13:10,13:11,E
Madiun,HF E (2545 end 2613) PTM 2503,Activated,HFV2E-2-160-A-041125-145-S26MS481,12,04/11/2025,2545,2613,04/11/2025,26/03/2026,Classroom,High Flyers 2.0,13:10,13:14,E
Madiun,TB 6 (2544 - end 2617) PTM 2607,Activated,TBV36-1-120-A-011125-20-S15MS50,6,01/11/2025,2544,2617,01/11/2025,25/04/2026,Classroom,Trailblazers 3.0,12:30,12:28,6
Madiun,HF H (2544 - end 2617) PTM 2605,Activated,HFV2H-1-120-A-011125-08-S20MS989,4,01/11/2025,2544,2617,01/11/2025,25/04/2026,Classroom,High Flyers 2.0,13:00,13:00,H
Madiun,FR 7 (2544 - end 2516) PTM 2606,Activated,FRV27-1-120-A-011125-01-S29MS537,9,01/11/2025,2544,2516,01/11/2025,25/04/2026,Classroom,Frontrunner 2.0,13:00,13:03,7
Madiun,TB 5 (2544 - end 2617 ) PTM 2607,Activated,TBV35-1-120-A-011125-43-S9MS583,10,01/11/2025,2544,2617,01/11/2025,25/04/2026,Classroom,Trailblazers 3.0,11:50,11:45,5
Madiun,HF G (2544 - end 2617  ) PTM 2605,Activated,HFV2G-1-120-A-011125-18-S16MS146,7,01/11/2025,2544,2617,01/11/2025,25/04/2026,Classroom,High Flyers 2.0,19:00,18:56,G
Madiun,HF C ( 2543 - end 2616 ) PTM 2604,Activated,HFV2C-1-120-A-251025-39-S14MS380,13,25/10/2025,2543,2616,25/10/2025,18/04/2026,Classroom,High Flyers 2.0,17:10,17:07,C
Madiun,SS 2 ( 2543 - end 2626 ) PTM 2609,Activated,SSV32-2-120-A-211025-85-S0MS636,7,21/10/2025,2543,2626,21/10/2025,25/06/2026,Classroom,Small Stars 3.0,13:00,13:00,2
Madiun,SS 3 (2543 - end 2626) PTM 2608,Activated,SSV33-2-120-A-221025-97-S37MS465,6,22/10/2025,2543,2626,22/10/2025,26/06/2026,Classroom,Small Stars 3.0,13:40,13:36,3
Madiun,HF C ( 2540 - end 2613  ) PTM 2601,Activated,HFV2C-1-120-A-041025-38-S56MS419,14,04/10/2025,2540,2613,04/10/2025,28/03/2026,Classroom,High Flyers 2.0,11:30,11:25,C
Madiun,SS 4 (2538 - end 2621) PTM 2603,Activated,SSV34-2-120-A-160925-130-S57MS991,7,16/09/2025,2538,2621,16/09/2025,21/05/2026,Classroom,Small Stars 3.0,15:10,15:12,4
Madiun,TB 1 OLD (2540 - end 2513) PTM 2603,Activated,TBV31-1-120-A-041025-14-S19MS698,0,04/10/2025,2540,2513,04/10/2025,28/03/2026,Classroom,Trailblazers 3.0,14:30,14:33,1
Madiun,TB 2 NEW (2549 - end 2617) PTM 2609,Activated,TBV32-2-160-A-180326-94-S43MS953,16,18/03/2026,2549,2617,18/03/2026,24/04/2026,Classroom,Trailblazers 3.0,15:10,15:09,2
Madiun,HF H NEW (2612 - end 2631) PTM 2622,Activated,HFV2H-2-160-A-170326-97-S34MS964,5,17/03/2026,2612,2631,17/03/2026,30/07/2026,Classroom,High Flyers 2.0,14:30,14:34,H
Madiun,TB 5 NEW (2611 - end 2635) PTM 2626,Activated,TBV35-1-120-A-140326-44-S42MS534,6,14/03/2026,2611,2635,14/03/2026,29/08/2026,Classroom,Trailblazers 3.0,15:30,15:34,5
Madiun,HF D (2611 - end 2630) PTM 2621,Activated,HFV2D-2-160-A-100326-151-S48MS525,5,10/03/2026,2611,2630,10/03/2026,23/07/2026,Classroom,High Flyers 2.0,17:20,17:23,D
Madiun,TB 4 (2611 - end 2630) PTM 2622,Activated,TBV34-2-160-A-110326-126-S24MS472,3,11/03/2026,2611,2630,11/03/2026,24/07/2026,Classroom,Trailblazers 3.0,18:30,18:27,4
Madiun,HF D (2610 - end 2629) PTM 2621,Activated,HFV2D-2-160-A-040326-150-S14MS565,9,04/03/2026,2610,2629,04/03/2026,17/07/2026,Classroom,High Flyers 2.0,18:50,18:45,D
Madiun,HF D (2610 - end 2621) PTM 2629,Activated,HFV2D-2-160-A-040326-149-S59MS178,7,04/03/2026,2610,2629,04/03/2026,17/07/2026,Classroom,High Flyers 2.0,11:30,11:30,D
Madiun,HF E (2608 - end 2632 ) PTM 2621,Activated,HFV2E-1-120-A-210226-28-S36MS946,6,21/02/2026,2608,2632,21/02/2026,15/08/2026,Classroom,High Flyers 2.0,14:40,14:38,E
Madiun,TB 2 (2608- end 2627) PTM 2619,Activated,TBV32-2-160-A-180226-92-S32MS758,6,18/02/2026,2608,2627,18/02/2026,03/07/2026,Classroom,Trailblazers 3.0,11:20,11:24,2
Madiun,SS 4 (2608 - end 2643) PTM 2626,Activated,SSV34-2-120-A-190226-136-S11MS809,6,19/02/2026,2608,2643,19/02/2026,20/10/2026,Classroom,Small Stars 3.0,17:10,17:08,4
Madiun,FR 3 (2608- end 2627 ) PTM 2618,Activated,FRV23-2-160-A-190226-07-S37MS890,7,19/02/2026,2608,2627,19/02/2026,02/07/2026,Classroom,Frontrunner 2.0,12:40,12:35,3
Madiun,TB 3 (2607 - end 2631) PTM 2622,Activated,TBV33-1-120-A-140226-31-S8MS643,8,14/02/2026,2607,2631,14/02/2026,01/08/2026,Classroom,Trailblazers 3.0,12:20,12:23,3
Madiun,TB 1 NEW (2540 - End 2613) PTM 2603,Activated,TBV31-1-120-A-070226-17-S43MS706,7,07/02/2026,2540,2613,07/02/2026,28/03/2026,Classroom,Trailblazers 3.0,10:00,10:01,1
Madiun,TB 4 (2606 - end 2629 ) PTM 2621,Activated,TBV34-1-120-A-070226-30-S3MS156,13,07/02/2026,2606,2629,07/02/2026,01/08/2026,Classroom,Trailblazers 3.0,16:10,16:14,4
Madiun,TB 1 (2606 - end 2630) PTM 2621,Activated,TBV31-1-120-A-070226-16-S1MS233,12,07/02/2026,2606,2630,07/02/2026,25/07/2026,Classroom,Trailblazers 3.0,10:00,10:04,1
Madiun,TB 8 (2606 - end 2625) PTM 2616,Activated,TBV38-2-160-A-040226-112-S44MS719,6,04/02/2026,2606,2625,04/02/2026,19/06/2026,Classroom,Trailblazers 3.0,13:30,13:34,8
Madiun,TB 5 (2606 - end 2625) PTM 2616,Activated,TBV35-2-160-A-040226-106-S55MS518,9,04/02/2026,2606,2625,04/02/2026,19/06/2026,Classroom,Trailblazers 3.0,12:40,12:36,5
Madiun,HF G NEW (2544 - end 2611) PTM 2602,Activated,HFV2G-2-160-A-150126-123-S36MS359,5,15/01/2026,2544,2611,15/01/2026,12/03/2026,Classroom,High Flyers 2.0,13:10,13:13,G
Madiun,HF H NEW (2549 - end 2617 ) PTM 2607,Activated,HFV2H-2-160-A-290126-96-S58MS123,5,29/01/2026,2549,2617,29/01/2026,23/04/2026,Classroom,High Flyers 2.0,13:00,13:04,H
Madiun,SS 3 NEW (2551 - end 2632) PTM 2617,Activated,SSV33-2-120-A-100126-99-S0MS783,8,10/01/2026,2551,2632,10/01/2026,08/08/2026,Classroom,Small Stars 3.0,19:10,19:06,3
Madiun,HF E NEW (2546 - End 2615) PTM 2605,Activated,HFV2E-2-160-A-300126-148-S29MS551,11,30/01/2026,2346,2515,30/01/2026,10/04/2026,Classroom,High Flyers 2.0,13:40,13:44,E
Madiun,SS 2 (2605 - end 2622) PTM 2637,Activated,SSV32-2-120-A-310126-86-S14MS71,10,31/01/2026,2605,2637,31/01/2026,12/09/2026,Classroom,Small Stars 3.0,14:20,14:19,2
Madiun,HF G (2605 - end 2623) PTM 2617,Activated,HFV2G-2-160-A-280126-122-S38MS741,10,28/01/2026,2605,2623,28/01/2026,10/06/2026,Classroom,High Flyers 2.0,11:20,11:17,G
Madiun,FR 2 NEW (2551 - end 2619) PTM 2610,Activated,FRV22-2-160-A-270126-08-S54MS953,7,27/01/2026,2605,2619,27/01/2026,07/05/2026,Classroom,Frontrunner 2.0,12:20,12:23,2
Madiun,TB 2 NEW (2550 - end 2619) PTM 2608,Activated,TBV32-2-160-A-280126-91-S32MS838,15,28/01/2026,2605,2619,28/01/2026,08/05/2026,Classroom,Trailblazers 3.0,10:50,10:46,2
Madiun,SS 4 NEW (2548 - end 2630) PTM 2615,Activated,SSV34-2-120-A-310126-135-S10MS302,8,31/01/2026,2605,2630,31/01/2026,25/07/2026,Classroom,Small Stars 3.0,10:00,10:01,4
Madiun,TB 3 (2603 - end 2623) PTM 2614,Activated,TBV33-2-160-A-140126-131-S37MS886,3,14/01/2026,2603,2623,14/01/2026,05/06/2026,Classroom,Trailblazers 3.0,16:00,16:03,3
Madiun,SS 1 (2606 - End 2638 ) PTM 2622,Activated,SSV31-2-120-A-040226-44-S15MS639,7,04/02/2026,2606,,04/02/2026,02/10/2026,Classroom,Small Stars 3.0,16:20,16:15,1
Madiun,TB 6 (2603 - end 2623) PTM 2614,Activated,TBV36-2-160-A-140126-95-S18MS635,10,14/01/2026,2603,2623,14/01/2026,05/06/2026,Classroom,Trailblazers 3.0,12:00,11:56,6
Madiun,FR 12 (2603 - end 2623) PTM 2614,Activated,FRV212-2-160-A-140126-02-S30MS43,2,14/01/2026,2603,2623,14/01/2026,05/06/2026,Classroom,Frontrunner 2.0,11:50,11:50,12
Madiun,FR 9 (2603 - end 2621) PTM 2615,Activated,FRV29-2-160-A-140126-03-S12MS511,8,14/01/2026,2603,2621,14/01/2026,05/06/2026,Classroom,Frontrunner 2.0,15:00,15:04,9
Madiun,TB 8 (2603 - end 2621) PTM 2615,Activated,TBV38-2-160-A-140126-111-S33MS474,9,14/01/2026,2603,2621,14/01/2026,05/06/2026,Classroom,Trailblazers 3.0,16:00,16:03,8
Madiun,TB 7 (2603 - end 2621) PTM 2615,Activated,TBV37-2-160-A-140126-82-S7MS703,7,14/01/2026,2603,2621,14/01/2026,05/06/2026,Classroom,Trailblazers 3.0,15:30,15:30,7
Madiun,HF I (2603 - end 2621) PTM 2615,Activated,HFV2I-2-160-A-140126-71-S32MS796,4,14/01/2026,2603,2621,14/01/2026,05/06/2026,Classroom,High Flyers 2.0,14:00,14:01,I
Madiun,FR 8 (2603 - end 2622) PTM 2614,Activated,FRV28-2-160-A-130126-03-S55MS724,8,13/01/2026,2603,2622,13/01/2026,28/05/2026,Classroom,Frontrunner 2.0,19:20,19:21,8
Madiun,TB 5 (2603 - end 2622) PTM 2614,Activated,TBV35-2-160-A-130126-105-S16MS196,8,13/01/2026,2603,2622,13/01/2026,28/05/2026,Classroom,Trailblazers 3.0,17:40,17:35,5
Madiun,FR 11 (2603 - end 2623) PTM 2614,Activated,FRV211-2-160-A-140126-03-S33MS431,7,14/01/2026,2603,2623,14/01/2026,05/06/2026,Classroom,Frontrunner 2.0,16:20,16:15,11
Madiun,FR 7 (2603 - end 2621) PTM 2612,Activated,FRV27-2-160-A-130126-06-S9MS243,3,13/01/2026,2603,2621,13/01/2026,28/05/2026,Classroom,Frontrunner 2.0,11:20,11:17,7
Madiun,TB 4 (2603 - end 2621) PTM 2612,Activated,TBV34-2-160-A-130126-125-S40MS647,11,13/01/2026,2603,2621,13/01/2026,28/05/2026,Classroom,Trailblazers 3.0,19:40,19:37,4
Madiun,TB 3 (2603 - end 2622) PTM 2613,Activated,TBV33-2-160-A-130126-130-S47MS996,13,13/01/2026,2603,2621,13/01/2026,28/05/2026,Classroom,Trailblazers 3.0,16:40,16:44,3
Madiun,TB 3 (2603 - end 2622) PTM 2613,Activated,TBV33-2-160-A-130126-129-S23MS861,8,13/01/2026,2603,2622,13/01/2026,28/05/2026,Classroom,Trailblazers 3.0,11:40,11:38,3
Madiun,HF J (2603 - end 2621 ) PTM 2612,Activated,HFV2J-2-160-A-130126-74-S41MS775,4,13/01/2026,2603,2621,13/01/2026,28/05/2026,Classroom,High Flyers 2.0,17:30,17:32,J
Madiun,FR 3 (2603 - end 2622) PTM 2614,Activated,FRV23-2-160-A-130126-06-S8MS781,10,13/01/2026,2603,2622,13/01/2026,28/05/2026,Classroom,Frontrunner 2.0,18:00,17:55,3
Madiun,HF F (2603 - end 2622) PTM 2612,Activated,HFV2F-2-160-A-130126-152-S41MS270,7,13/01/2026,2603,2622,13/01/2026,28/05/2026,Classroom,High Flyers 2.0,17:40,17:35,F
Madiun,TB 7 (2603 - end 2622) PTM 2614,Activated,TBV37-2-160-A-130126-81-S1MS245,5,13/01/2026,2603,2622,13/01/2026,28/05/2026,Classroom,Trailblazers 3.0,10:10,10:06,7
Madiun,HF C (2603 - end 2622) PTM 2614,Activated,HFV2C-2-160-A-130126-139-S11MS677,11,13/01/2026,2603,2622,13/01/2026,28/05/2026,Classroom,High Flyers 2.0,18:10,18:07,C
Madiun,HF D (2602 - end 2626) PTM 2615,Activated,HFV2D-1-120-A-100126-37-S48MS578,9,10/01/2026,2602,2626,10/01/2026,27/06/2026,Classroom,High Flyers 2.0,18:50,18:46,D
Madiun,HF C (2602 - end 2621) PTM 2611,Activated,HFV2C-2-160-A-070126-138-S35MS76,8,07/01/2026,2602,2621,07/01/2026,22/05/2026,Classroom,High Flyers 2.0,18:40,18:41,C
Madiun,TB 1 (2603 - end 2623) PTM 2614,Activated,TBV31-2-160-A-140126-75-S47MS238,7,14/01/2026,2603,2623,14/01/2026,05/06/2026,Classroom,Trailblazers 3.0,16:20,16:21,1
Madiun,FR 5 (2551 - end 2619 ) PTM 2609,Activated,FRV25-2-160-A-171225-05-S16MS845,6,17/12/2025,2551,2619,17/12/2025,08/05/2026,Classroom,Frontrunner 2.0,10:20,10:15,5
Madiun,HF F (2551 - end 2624) PTM 2615 SPLIT,Activated,HFV2F-1-120-A-201225-28-S9MS447,8,20/12/2025,2551,,20/12/2025,13/06/2026,Classroom,High Flyers 2.0,14:10,14:05,F
Madiun,HF F (2551 - end 2624) PTM 2615,Activated,HFV2F-1-120-A-201225-27-S44MS779,8,20/12/2025,2551,2624,20/12/2025,13/06/2026,Classroom,High Flyers 2.0,19:10,19:12,F
Madiun,HF G (2549 - end 2617) PTM 2607,Activated,HFV2G-2-160-A-021225-121-S3MS365,12,02/12/2025,2549,2617,02/12/2025,23/04/2026,Classroom,High Flyers 2.0,19:00,18:57,G
Madiun,TB 2 OLD (2549 - end 2617) PTM 2609,Activated,TBV32-2-160-A-031225-89-S20MS521,0,03/12/2025,2549,2617,03/12/2025,24/04/2026,Classroom,Trailblazers 3.0,15:20,15:22,2
Madiun,FR 6 (2547 - end 2615 ) PTM 2605,Activated,FRV26-2-160-A-191125-04-S57MS585,5,19/11/2025,2547,2615,19/11/2025,10/04/2026,Classroom,Frontrunner 2.0,10:50,10:54,6
Madiun,HF D ( 2547 - end 2615 ) PTM 2605,Activated,HFV2D-2-160-A-191125-148-S55MS467,9,19/11/2025,2547,2615,19/11/2025,10/04/2026,Classroom,High Flyers 2.0,14:10,14:12,D
Madiun,HF D SPLIT ( 2547 - end 2615 ) PTM 2605,Activated,HFV2D-2-160-A-191125-147-S14MS238,8,19/11/2025,2547,2615,19/11/2025,10/04/2026,Classroom,High Flyers 2.0,15:10,15:06,D
Madiun,SS 3 (2542 - end 2624) PTM 2607,Activated,SSV33-2-120-A-141025-96-S57MS272,3,14/10/2025,2542,2624,14/10/2025,11/06/2026,Classroom,Small Stars 3.0,16:40,16:44,3
Bali Gianyar,HF E - 2605,Activated,HFV2E-2-160-A-280126-142-S55MS13,15,28/01/2026,2605,2624,28/01/2026,13/06/2026,Classroom,High Flyers 2.0,18:30,18:30,E
Bali Gianyar,SS 3 - 2605,Activated,SSV33-2-120-A-310126-90-S41MS376,10,31/01/2026,2605,2639,31/01/2026,26/09/2026,Classroom,Small Stars 3.0,10:50,10:45,3
Bali Gianyar,FR 2 - 2605,Activated,FRV22-2-160-A-270126-09-S10MS968,15,27/01/2026,2605,2623,27/01/2026,06/06/2026,Classroom,Frontrunner 2.0,12:40,12:43,2
Bali Gianyar,FR 3 - 2605,Activated,FRV23-2-160-A-270126-11-S7MS43,14,27/01/2026,2605,2623,27/01/2026,06/06/2026,Classroom,Frontrunner 2.0,13:30,13:30,3
Bali Gianyar,FR 4 - 2605,Activated,FRV24-2-160-A-270126-12-S36MS543,16,27/01/2026,2605,2623,27/01/2026,06/06/2026,Classroom,Frontrunner 2.0,19:30,19:28,4
Bali Gianyar,SS 2 - 2608,Activated,SSV32-2-120-A-160226-82-S19MS254,8,16/02/2026,2608,2641,16/02/2026,10/10/2026,Classroom,Small Stars 3.0,10:20,10:16,2
Bali Gianyar,TB 4 - 2551,Activated,TBV34-2-160-A-210126-126-S31MS838,12,21/01/2026,2604,2619,21/01/2026,09/05/2026,Classroom,Trailblazers 3.0,14:10,14:07,4
Bali Gianyar,HF D - 2604 Sat,Activated,HFV2D-1-120-A-240126-30-S8MS226,8,24/01/2026,2604,2629,24/01/2026,18/07/2026,Classroom,High Flyers 2.0,11:00,11:04,D
Bali Gianyar,SS 3 - 2604,Activated,SSV33-2-120-A-200126-89-S47MS764,10,20/01/2026,2604,2637,20/01/2026,12/09/2026,Classroom,Small Stars 3.0,15:00,14:58,3
Bali Gianyar,SS 4 - 2604,Activated,SSV34-2-120-A-200126-130-S55MS300,9,20/01/2026,2604,2637,20/01/2026,12/09/2026,Classroom,Small Stars 3.0,15:50,15:48,4
Bali Gianyar,FR 4 - 2604,Activated,FRV24-2-160-A-210126-11-S15MS0,12,21/01/2026,2604,2623,21/01/2026,06/06/2026,Classroom,Frontrunner 2.0,18:50,18:50,4
Bali Gianyar,FR 1 - 2550,Activated,FRV21-2-160-A-150126-09-S20MS805,12,15/01/2026,2603,2617,15/01/2026,25/04/2026,Classroom,Frontrunner 2.0,10:30,10:31,1
Bali Gianyar,HF F - 2604,Activated,HFV2F-2-160-A-200126-142-S0MS615,9,20/01/2026,2604,2622,20/01/2026,30/05/2026,Classroom,High Flyers 2.0,14:50,14:53,F
Bali Gianyar,HF C - 2602,Activated,HFV2C-2-160-A-190126-130-S52MS901,11,19/01/2026,2604,2619,19/01/2026,09/05/2026,Classroom,High Flyers 2.0,17:20,17:18,C
Bali Gianyar,HF E - 2603,Activated,HFV2E-2-160-A-120126-141-S16MS8,11,12/01/2026,2603,2621,12/01/2026,23/05/2026,Classroom,High Flyers 2.0,15:40,15:39,E
Bali Gianyar,SS 4 - 2603,Activated,SSV34-2-120-A-140126-129-S27MS862,11,14/01/2026,2603,2637,14/01/2026,12/09/2026,Classroom,Small Stars 3.0,18:10,18:13,4
Bali Gianyar,TB 2 - 2604,Activated,TBV32-2-160-A-190126-87-S5MS689,16,19/01/2026,2604,2621,19/01/2026,23/05/2026,Classroom,Trailblazers 3.0,19:00,18:59,2
Bali Gianyar,SS 2 - 2602,Activated,SSV32-2-120-A-050126-81-S9MS882,10,05/01/2026,2602,2635,05/01/2026,29/08/2026,Classroom,Small Stars 3.0,18:20,18:20,2
Bali Gianyar,HF F - 2552,Activated,HFV2F-2-160-A-221225-141-S5MS421,10,22/12/2025,2552,2619,22/12/2025,09/05/2026,Classroom,High Flyers 2.0,18:30,18:29,F
Bali Gianyar,HF D - 2551,Activated,HFV2D-1-120-A-201225-29-S45MS969,9,20/12/2025,2551,2624,20/12/2025,13/06/2026,Classroom,High Flyers 2.0,12:10,12:11,D
Bali Gianyar,HF D - 2551,Activated,HFV2D-2-160-A-161225-136-S52MS802,14,16/12/2025,2551,2618,16/12/2025,02/05/2026,Classroom,High Flyers 2.0,18:10,18:11,D
Bali Gianyar,TB 4 - 2550,Activated,TBV34-2-160-A-081225-124-S21MS856,9,08/12/2025,2550,2617,08/12/2025,25/04/2026,Classroom,Trailblazers 3.0,19:20,19:24,4
Bali Gianyar,TB 1 - 2606,Activated,TBV31-2-160-A-020226-66-S11MS76,16,02/02/2026,2606,2624,02/02/2026,13/06/2026,Classroom,Trailblazers 3.0,10:50,10:52,1
Bali Gianyar,TB 2 - 2549,Activated,TBV32-2-160-A-021225-86-S44MS354,14,02/12/2025,2549,2616,02/12/2025,18/04/2026,Classroom,Trailblazers 3.0,16:40,16:39,2
Bali Gianyar,SS 4 - 2551,Activated,SSV34-2-120-A-151225-128-S22MS593,8,15/12/2025,2551,2632,15/12/2025,08/08/2026,Classroom,Small Stars 3.0,12:20,12:15,4
Bali Gianyar,HF G - 2549,Activated,HFV2G-2-160-A-011225-113-S52MS706,7,01/12/2025,2549,2615,01/12/2025,11/04/2026,Classroom,High Flyers 2.0,11:00,10:57,G
Bali Gianyar,HF D - 2548,Activated,HFV2D-2-160-A-261125-135-S39MS645,13,26/11/2025,2548,2615,26/11/2025,11/04/2026,Classroom,High Flyers 2.0,19:30,19:31,D
Bali Gianyar,FR 6 - 2547,Activated,FRV26-2-160-A-181125-04-S22MS244,6,18/11/2025,2547,2614,18/11/2025,04/04/2026,Classroom,Frontrunner 2.0,12:50,12:45,6
Bali Gianyar,FR 4 - 2547,Activated,FRV24-2-160-A-211125-09-S9MS85,10,21/11/2025,2547,2615,21/11/2025,11/04/2026,Classroom,Frontrunner 2.0,18:00,18:03,4
Bali Gianyar,HF F - 2547,Activated,HFV2F-2-160-A-181125-140-S51MS636,11,18/11/2025,2547,2614,18/11/2025,04/04/2026,Classroom,High Flyers 2.0,12:00,11:55,F
Bali Gianyar,FR 3 - 2547,Activated,FRV23-2-160-A-171125-10-S10MS659,7,17/11/2025,2547,2613,17/11/2025,30/03/2026,Classroom,Frontrunner 2.0,12:30,12:29,3
Bali Gianyar,SS 1 - 2539,Activated,SSV31-2-120-A-230925-39-S58MS869,5,23/09/2025,2539,2620,23/09/2025,16/05/2026,Classroom,Small Stars 3.0,11:40,11:44,1
Bali Gianyar,SS 4 - 2533,Activated,SSV34-2-120-A-120825-126-S9MS485,10,12/08/2025,2533,2615,12/08/2025,11/04/2026,Classroom,Small Stars 3.0,13:40,13:43,4
Bali Gianyar,SS 1 - 2532,Activated,SSV31-2-120-A-050825-38-S32MS987,7,05/08/2025,2532,2613,05/08/2025,28/03/2026,Classroom,Small Stars 3.0,10:10,10:12,1
Bali Gianyar,SS 4 - 2531,Activated,SSV34-2-120-A-290725-125-S4MS432,10,29/07/2025,2531,2613,29/07/2025,28/03/2026,Classroom,Small Stars 3.0,15:40,15:36,4
Bali Gianyar,SS 3 - 2531,Activated,SSV33-2-120-A-300725-86-S52MS81,10,30/07/2025,2531,2613,30/07/2025,28/03/2026,Classroom,Small Stars 3.0,19:40,19:35,3
Bali Gianyar,SS 2 - 2529,Activated,SSV32-2-120-A-190725-78-S29MS588,8,19/07/2025,2529,2611,19/07/2025,14/03/2026,Classroom,Small Stars 3.0,18:40,18:35,2
Bali Gianyar,TB 2 - 2546 Sat,Activated,TBV32-1-120-A-151125-28-S25MS297,12,15/11/2025,2546,2620,15/11/2025,16/05/2026,Classroom,Trailblazers 3.0,18:20,18:23,2
Bali Gianyar,FR 9 - 2546,Activated,FRV29-2-160-A-121125-01-S6MS918,7,12/11/2025,2546,2613,12/11/2025,28/03/2026,Classroom,Frontrunner 2.0,18:50,18:52,9
Bali Gianyar,HF D - 2545,Activated,HFV2D-1-120-A-081125-28-S19MS583,7,08/11/2025,2545,2619,08/11/2025,09/05/2026,Classroom,High Flyers 2.0,16:20,16:20,D
Bali Gianyar,HF C - 2545,Activated,HFV2C-1-120-A-081125-26-S25MS508,11,08/11/2025,2545,2620,08/11/2025,16/05/2026,Classroom,High Flyers 2.0,15:40,15:43,C
Bali Gianyar,SS 1 - 2548,Activated,SSV31-2-120-A-261125-40-S43MS361,6,26/11/2025,2547,2631,26/11/2025,01/08/2026,Classroom,Small Stars 3.0,13:50,13:53,1
Bali Gianyar,TB 4 - 2545,Activated,TBV34-2-160-A-051125-122-S42MS103,13,05/11/2025,2545,2611,05/11/2025,14/03/2026,Classroom,Trailblazers 3.0,19:00,18:58,4
Bali Gianyar,TB 3 - 2545,Activated,TBV33-2-160-A-031125-126-S13MS383,16,03/11/2025,2545,2611,03/11/2025,14/03/2026,Classroom,Trailblazers 3.0,18:20,18:20,3
Bali Gianyar,HF D - 2544,Activated,HFV2D-1-120-A-011125-27-S16MS855,9,01/11/2025,2544,2618,01/11/2025,02/05/2026,Classroom,High Flyers 2.0,11:20,11:23,D
Bali Gianyar,TB 7 - 2544,Activated,TBV37-2-160-A-281025-77-S33MS100,10,28/10/2025,2544,2611,28/10/2025,14/03/2026,Classroom,Trailblazers 3.0,16:50,16:49,7
Bali Gianyar,TB 6 - 2545,Activated,TBV36-2-160-A-031125-92-S22MS256,14,03/11/2025,2545,2611,03/11/2025,14/03/2026,Classroom,Trailblazers 3.0,12:10,12:10,6
Bali Gianyar,FR 7 - 2545,Activated,FRV27-2-160-A-041125-01-S51MS890,12,04/11/2025,2545,2612,04/11/2025,21/03/2026,Classroom,Frontrunner 2.0,10:10,10:10,7
Bali Gianyar,HF E - 2541,Activated,HFV2E-1-120-A-111025-23-S33MS950,6,11/10/2025,2541,2615,11/10/2025,11/04/2026,Classroom,High Flyers 2.0,12:40,12:40,E
Bali Gianyar,SS 3 - 2547,Activated,SSV33-2-120-A-221125-88-S54MS826,9,22/11/2025,2547,2630,22/11/2025,25/07/2026,Classroom,Small Stars 3.0,19:50,19:48,3
Bali Gianyar,SS 3 - 2540,Activated,SSV33-2-120-A-011025-87-S43MS628,10,01/10/2025,2540,2622,01/10/2025,30/05/2026,Classroom,Small Stars 3.0,10:20,10:20,3
Bali Gianyar,SS 2 - 2540,Activated,SSV32-2-120-A-300925-80-S51MS919,7,30/09/2025,2540,2622,30/09/2025,30/05/2026,Classroom,Small Stars 3.0,11:10,11:07,2
Bali Gianyar,TB 1 - 2551,Activated,TBV31-1-120-A-201225-11-S36MS546,16,20/12/2025,2551,2625,20/12/2025,13/06/2026,Classroom,Trailblazers 3.0,17:20,17:24,1
Bali Gianyar,SS 4 - 2541,Activated,SSV34-2-120-A-061025-127-S46MS338,4,06/10/2025,2541,2621,06/10/2025,23/05/2026,Classroom,Small Stars 3.0,15:20,15:22,4
Bali Gianyar,SS 3 - 2613,Activated,SSV33-2-120-A-280326-92-S46MS458,8,28/03/2026,2613,2646,28/03/2026,14/11/2026,Classroom,Small Stars 3.0,10:40,10:43,3
Bali Gianyar,TB 7 - 2612,Activated,TBV37-2-160-A-160326-78-S20MS883,13,16/03/2026,2612,2630,16/03/2026,25/07/2026,Classroom,Trailblazers 3.0,15:20,15:20,7
Bali Gianyar,HF G - 2612,Activated,HFV2G-2-160-A-160326-116-S18MS8,9,16/03/2026,2612,2630,16/03/2026,25/07/2026,Classroom,High Flyers 2.0,14:50,14:45,G
Bali Gianyar,TB 4 - 2612,Activated,TBV34-2-160-A-160326-128-S56MS429,13,16/03/2026,2612,2630,16/03/2026,25/07/2026,Classroom,Trailblazers 3.0,16:10,16:14,4
Bali Gianyar,TB 2 - 2612,Activated,TBV32-2-160-A-170326-89-S16MS400,9,17/03/2026,2612,2630,17/03/2026,25/07/2026,Classroom,Trailblazers 3.0,15:40,15:36,2
Bali Gianyar,FR 5 - 2611,Activated,FRV25-2-160-A-100326-09-S2MS640,5,10/03/2026,2611,2629,10/03/2026,18/07/2026,Classroom,Frontrunner 2.0,17:10,17:06,5
Bali Gianyar,FR 6 - 2611,Activated,FRV26-2-160-A-100326-05-S30MS505,12,10/03/2026,2611,2629,10/03/2026,18/07/2026,Classroom,Frontrunner 2.0,19:10,19:14,6
Bali Gianyar,TB 8 - 2612,Activated,TBV38-2-160-A-170326-110-S44MS96,8,17/03/2026,2612,2630,17/03/2026,25/07/2026,Classroom,Trailblazers 3.0,11:20,11:20,8
Bali Gianyar,HF G - 2612,Activated,HFV2G-2-160-A-170326-115-S21MS969,11,17/03/2026,2612,2630,17/03/2026,25/07/2026,Classroom,High Flyers 2.0,10:30,10:28,G
Bali Gianyar,SS 3 - 2611,Activated,SSV33-2-120-A-090326-91-S10MS455,5,09/03/2026,2611,2644,09/03/2026,31/10/2026,Classroom,Small Stars 3.0,17:40,17:42,3
Bali Gianyar,HF D - 2610,Activated,HFV2D-2-160-A-020326-140-S35MS380,12,02/03/2026,2610,2628,02/03/2026,11/07/2026,Classroom,High Flyers 2.0,17:10,17:14,D
Bali Gianyar,HF F - 2610,Activated,HFV2F-2-160-A-030326-143-S24MS697,9,03/03/2026,2610,2628,03/03/2026,11/07/2026,Classroom,High Flyers 2.0,16:50,16:51,F
Bali Gianyar,TB 3 - 2610,Activated,TBV33-2-160-A-030326-131-S40MS683,15,03/03/2026,2610,2628,03/03/2026,11/07/2026,Classroom,Trailblazers 3.0,10:40,10:36,3
Bali Gianyar,HF F - 2610,Activated,HFV2F-1-120-A-070326-23-S34MS922,10,07/03/2026,2610,2635,07/03/2026,29/08/2026,Classroom,High Flyers 2.0,14:10,14:09,F
Bali Gianyar,HF E - 2609,Activated,HFV2E-1-120-A-280226-25-S2MS968,12,28/02/2026,2609,2634,28/02/2026,22/08/2026,Classroom,High Flyers 2.0,13:00,12:58,E
Bali Gianyar,TB 6 - 2610,Activated,TBV36-2-160-A-030326-95-S42MS457,8,03/03/2026,2610,2628,03/03/2026,11/07/2026,Classroom,Trailblazers 3.0,14:40,14:40,6
Bali Gianyar,HF I - 2610,Activated,HFV2I-2-160-A-020326-69-S43MS913,6,02/03/2026,2610,2628,02/03/2026,11/07/2026,Classroom,High Flyers 2.0,11:50,11:49,I
Bali Gianyar,FR 2 - 2609,Activated,FRV22-2-160-A-250226-10-S33MS334,11,25/02/2026,2609,2628,25/02/2026,11/07/2026,Classroom,Frontrunner 2.0,10:30,10:25,2
Bali Gianyar,HF H - 2609,Activated,HFV2H-2-160-A-250226-93-S56MS446,8,25/02/2026,2609,2628,25/02/2026,11/07/2026,Classroom,High Flyers 2.0,11:40,11:43,H
Bali Gianyar,TB 6 - 2609,Activated,TBV36-2-160-A-230226-94-S39MS394,11,23/02/2026,2609,2627,23/02/2026,04/07/2026,Classroom,Trailblazers 3.0,10:30,10:26,6
Bali Gianyar,FR 3 - 2608,Activated,FRV23-2-160-A-180226-12-S54MS6,16,18/02/2026,2608,2627,18/02/2026,04/07/2026,Classroom,Frontrunner 2.0,19:30,19:34,3
Bali Gianyar,FR 5 - 2608,Activated,FRV25-2-160-A-160226-08-S40MS951,9,16/02/2026,2608,2626,16/02/2026,27/06/2026,Classroom,Frontrunner 2.0,17:00,17:01,5
Bali Gianyar,HF G - 2608,Activated,HFV2G-2-160-A-170226-114-S22MS294,11,17/02/2026,2608,2626,17/02/2026,27/06/2026,Classroom,High Flyers 2.0,11:40,11:35,G
Bali Gianyar,TB 6 - 2608,Activated,TBV36-2-160-A-180226-93-S22MS903,7,18/02/2026,2608,2627,18/02/2026,04/07/2026,Classroom,Trailblazers 3.0,12:30,12:32,6
Bali Gianyar,TB 3 - 2607,Activated,TBV33-2-160-A-090226-129-S7MS533,12,09/02/2026,2607,2625,09/02/2026,20/06/2026,Classroom,Trailblazers 3.0,12:20,12:24,3
Bali Gianyar,TB 5 - 2607,Activated,TBV35-2-160-A-100226-99-S5MS48,10,10/02/2026,2607,2625,10/02/2026,20/06/2026,Classroom,Trailblazers 3.0,13:20,13:15,5
Bali Gianyar,HF D - 2606,Activated,HFV2D-2-160-A-030226-139-S58MS84,16,03/02/2026,2606,2624,03/02/2026,13/06/2026,Classroom,High Flyers 2.0,16:10,16:10,D
Bali Gianyar,TB 2 - 2606,Activated,TBV32-2-160-A-040226-88-S24MS530,15,04/02/2026,2606,2625,04/02/2026,20/06/2026,Classroom,Trailblazers 3.0,12:00,12:03,2
Bali Gianyar,HF D - 2606,Activated,HFV2D-2-160-A-020226-137-S36MS726,13,02/02/2026,2606,2624,02/02/2026,13/06/2026,Classroom,High Flyers 2.0,11:50,11:52,D
Bali Gianyar,HF C - 2552,Activated,HFV2C-2-160-A-290126-131-S11MS517,8,29/01/2026,2605,2619,29/01/2026,09/05/2026,Classroom,High Flyers 2.0,11:20,11:18,C
Bali Gianyar,TB 3 - 2605,Activated,TBV33-2-160-A-270126-128-S57MS734,16,27/01/2026,2605,2623,27/01/2026,06/06/2026,Classroom,Trailblazers 3.0,11:00,11:00,3
Bandung Kopo,HF C1-2545 / C2-2604 (END 2613),Activated,HFV2C-2-160-A-041125-163-S41MS410,8,04/11/2025,2545,2613,04/11/2025,26/03/2026,Classroom,High Flyers 2.0,19:30,19:34,C
Bandung Kopo,FR 1A-2549 / 1B-2607 (END 2616),Activated,FRV21-2-160-A-011225-01-S47MS339,3,01/12/2025,2549,2616,01/12/2025,24/04/2026,Classroom,Frontrunner 2.0,14:10,14:11,1
Bandung Kopo,SS 2A-2542 / 2B-2608 (END 2623),Activated,SSV32-2-120-A-131025-268-S27MS585,4,13/10/2025,2542,2623,13/10/2025,08/06/2026,Classroom,Small Stars 3.0,19:00,19:03,2
Bandung Kopo,SS 1A-2542 / 1B-2607 (END 2624),Activated,SSV31-2-120-A-131025-110-S6MS768,6,13/10/2025,2542,2624,13/10/2025,10/06/2026,Classroom,Small Stars 3.0,11:40,11:38,1
Bandung Kopo,SS 3A-2540 / 3B-2605 (END 2622),Activated,SSV33-2-120-A-300925-363-S47MS933,6,30/09/2025,2540,2622,30/09/2025,02/06/2026,Classroom,Small Stars 3.0,18:00,18:01,3
Bandung Kopo,TB 6A-2548 / 6B-2610 (END 2621),Activated,TBV36-1-120-A-291125-19-S24MS423,3,29/11/2025,2548,2621,29/11/2025,23/05/2026,Classroom,Trailblazers 3.0,14:10,14:14,6
Bandung Kopo,SS 4A-2543 / 4B-2609 (END 2624),Activated,SSV34-2-120-A-251025-299-S8MS467,10,25/10/2025,2543,2624,25/10/2025,13/06/2026,Classroom,Small Stars 3.0,11:10,11:10,4
Bandung Kopo,HF C1-2545 / C2-2606 (END 2619),Activated,HFV2C-1-120-A-081125-231-S22MS850,10,08/11/2025,2545,2619,08/11/2025,09/05/2026,Classroom,High Flyers 2.0,19:30,19:27,C
Bandung Kopo,FR 9A-2611 / 9B-2625 (END 2636),Activated,FRV29-1-120-A-140326-01-S25MS811,4,14/03/2026,2611,2636,14/03/2026,05/09/2026,Classroom,Frontrunner 2.0,18:20,18:18,9
Bandung Kopo,HF E1-2611 / E2-2624 (END 2634),Activated,HFV2E-1-120-A-070326-236-S27MS43,3,07/03/2026,2610,2634,07/03/2026,22/08/2026,Classroom,High Flyers 2.0,19:40,19:39,E
Bandung Kopo,TB 4A-2610 / 4B-2620 (END 2029),Activated,TBV34-2-160-A-030326-166-S8MS122,6,03/03/2026,2610,2029,03/03/2026,21/07/2026,Classroom,Trailblazers 3.0,16:10,16:06,4
Bandung Kopo,TB 5A-2608 / 5B-2521 (END 2632),Activated,TBV35-1-120-A-210226-56-S1MS663,8,21/02/2026,2608,2632,21/02/2026,08/08/2026,Classroom,Trailblazers 3.0,16:00,15:55,5
Bandung Kopo,HF F1-2607 / F2-2620 (END 2631),Activated,HFV2F-1-120-A-140226-161-S11MS896,7,14/02/2026,2607,2631,14/02/2026,01/08/2026,Classroom,High Flyers 2.0,19:20,19:15,F
Bandung Kopo,FR 4A-2606 / 4B-2617 (END 2627),Activated,FRV24-2-160-A-050226-22-S55MS915,6,05/02/2026,2606,2627,05/02/2026,30/06/2026,Classroom,Frontrunner 2.0,18:20,18:20,4
Bandung Kopo,TB 3A-2606 / 3B-2619 (END 2630),Activated,TBV33-1-120-A-070226-76-S21MS915,11,07/02/2026,2606,2630,07/02/2026,25/07/2026,Classroom,Trailblazers 3.0,16:50,16:51,3
Bandung Kopo,HF E1-2606 / E2-2617 (END-2625),Activated,HFV2E-2-160-A-050226-193-S12MS871,10,05/02/2026,2606,2625,05/02/2026,18/06/2026,Classroom,High Flyers 2.0,19:40,19:43,E
Bandung Kopo,HF D1-2607 / D2-2619 (END 2631),Activated,HFV2D-1-120-A-140226-241-S29MS970,15,14/02/2026,2607,2631,14/02/2026,08/08/2026,Classroom,High Flyers 2.0,18:00,18:04,D
Bandung Kopo,TB 2A-2607 / 2B-2622 (END 2631),Activated,TBV32-1-120-A-140226-82-S40MS457,11,14/02/2026,2607,2631,14/02/2026,08/08/2026,Classroom,Trailblazers 3.0,17:20,17:19,2
Bandung Kopo,TB 3A-2605 / 3B-2616 (END 2624),Activated,TBV33-2-160-A-290126-192-S59MS476,7,29/01/2026,2605,2624,29/01/2026,11/06/2026,Classroom,Trailblazers 3.0,12:40,12:36,3
Bandung Kopo,TB 3A-2604 / 3B-2615 (END 2623),Activated,TBV33-2-160-A-220126-191-S38MS942,10,22/01/2026,2604,2623,22/01/2026,04/06/2026,Classroom,Trailblazers 3.0,16:00,15:59,3
Bandung Kopo,[FULL] TB 3A-2551 / 3B-2610 (END 2620),Activated,TBV33-2-160-A-210126-190-S56MS134,16,21/01/2026,2551,2620,21/01/2026,13/05/2026,Classroom,Trailblazers 3.0,19:30,19:28,3
Bandung Kopo,HF D1-2601 / D2-2610 (END 2619),Activated,HFV2D-2-160-A-140126-198-S6MS147,8,14/01/2026,2601,2619,14/01/2026,15/05/2026,Classroom,High Flyers 2.0,15:00,14:58,D
Bandung Kopo,HF D1-2602 / D2-2611 (END 2620),Activated,HFV2D-2-160-A-140126-197-S53MS886,13,14/01/2026,2602,2620,14/01/2026,13/05/2026,Classroom,High Flyers 2.0,16:50,16:46,D
Bandung Kopo,[FULL] TB 2A-2604 / 2B-2613 (END 2623),Activated,TBV32-2-160-A-210126-123-S41MS408,16,21/01/2026,2604,2623,21/01/2026,05/06/2026,Classroom,Trailblazers 3.0,18:40,18:35,2
Bandung Kopo,FR 9A-2604 / 9B-2615 (END 2625),Activated,FRV29-2-160-A-210126-36-S58MS774,7,21/01/2026,2604,2625,21/01/2026,17/06/2026,Classroom,Frontrunner 2.0,17:00,17:03,9
Bandung Kopo,[FULL] SS 1A-2604 / 1B-2622 (END 2639),Activated,SSV31-2-120-A-190126-112-S8MS440,6,19/01/2026,2604,2639,19/01/2026,25/09/2026,Classroom,Small Stars 3.0,10:10,10:09,1
Bandung Kopo,SS 3A-2607 / 3B-2625 (END 2641),Activated,SSV33-2-120-A-090226-365-S41MS990,6,09/02/2026,2607,2641,09/02/2026,07/10/2026,Classroom,Small Stars 3.0,15:50,15:54,3
Bandung Kopo,SS 4A-2603 / 4B-2620 (END 2636),Activated,SSV34-2-120-A-120126-301-S38MS548,10,12/01/2026,2603,2636,12/01/2026,31/08/2026,Classroom,Small Stars 3.0,16:10,16:06,4
Bandung Kopo,TB 7A-2601 / 7B-2611 (END 2621),Activated,TBV37-2-160-A-070126-77-S48MS483,11,07/01/2026,2601,2621,07/01/2026,20/05/2026,Classroom,Trailblazers 3.0,17:50,17:45,7
Bandung Kopo,SS 2A-2602 / 2B-2619 (END 2634),Activated,SSV32-2-120-A-100126-271-S19MS809,6,10/01/2026,2602,2634,10/01/2026,29/08/2026,Classroom,Small Stars 3.0,14:20,14:22,2
Bandung Kopo,HF C1-2604 / C2-2615 (END-2624),Activated,HFV2C-2-160-A-190126-165-S10MS803,10,19/01/2026,2604,2624,19/01/2026,12/06/2026,Classroom,High Flyers 2.0,19:30,19:33,C
Bandung Kopo,TB 1A-2602 / 1B-2611 (END 2620),Activated,TBV31-2-160-A-090126-87-S55MS387,15,09/01/2026,2602,2620,09/01/2026,18/05/2026,Classroom,Trailblazers 3.0,18:10,18:08,1
Bandung Kopo,HF G1-2601 / G2-2610 (END 2619),Activated,HFV2G-2-160-A-020126-110-S10MS114,12,02/01/2026,2601,2619,02/01/2026,15/05/2026,Classroom,High Flyers 2.0,18:10,18:05,G
Bandung Kopo,HF F1-2601 / F2-2610 (END 2620),Activated,HFV2F-2-160-A-020126-191-S44MS117,12,02/01/2026,2601,2619,02/01/2026,15/05/2026,Classroom,High Flyers 2.0,13:30,13:30,F
Bandung Kopo,FR 6A-2552 / 6B-2610 (END 2620),Activated,FRV26-2-160-A-231225-02-S34MS258,8,23/12/2025,2552,2620,23/12/2025,14/05/2026,Classroom,Frontrunner 2.0,18:00,18:00,6
Bandung Kopo,TB 6A-2552 / 6B-2610 (END 2620),Activated,TBV36-2-160-A-231225-131-S9MS326,6,23/12/2025,2552,2620,23/12/2025,14/05/2026,Classroom,Trailblazers 3.0,20:00,19:55,6
Bandung Kopo,HF E1-2551 / E2-2610 (END 2619),Activated,HFV2E-2-160-A-191225-192-S54MS957,10,19/12/2025,2551,2619,19/12/2025,08/05/2026,Classroom,High Flyers 2.0,10:00,10:02,E
Bandung Kopo,HF D1-2551 / D2-2610 (END 2619),Activated,HFV2D-2-160-A-191225-194-S59MS224,9,19/12/2025,2551,2619,19/12/2025,08/05/2026,Classroom,High Flyers 2.0,11:20,11:17,D
Bandung Kopo,HF D1-2551 / D2-2610 (END 2619),Activated,HFV2D-2-160-A-161225-193-S42MS987,7,16/12/2025,2551,2619,16/12/2025,07/05/2026,Classroom,High Flyers 2.0,10:40,10:35,D
Bandung Kopo,TB 5A-2551 / 5B-2610 (END 2619),Activated,TBV35-2-160-A-161225-150-S37MS174,12,16/12/2025,2551,2609,16/12/2025,07/05/2026,Classroom,Trailblazers 3.0,15:20,15:23,5
Bandung Kopo,HF F1-2551 / F2-2610 (END 2619),Activated,HFV2F-2-160-A-161225-190-S5MS626,11,16/12/2025,2551,2619,16/12/2025,07/05/2026,Classroom,High Flyers 2.0,13:20,13:22,F
Bandung Kopo,TB 5A-2604 / 5B-2613 (END 2622),Activated,TBV35-2-160-A-210126-143-S15MS118,5,21/01/2026,2604,2622,21/01/2026,03/06/2026,Classroom,Trailblazers 3.0,19:50,19:52,5
Bandung Kopo,[FULL] SS 2A-2606 / 2B-2623 (END 2640),Activated,SSV32-2-120-A-030226-269-S39MS560,7,03/02/2026,2606,2640,03/02/2026,29/09/2026,Classroom,Small Stars 3.0,16:50,16:47,2
Bandung Kopo,[FULL] [Y] SS 2A-2533 / 2B-2549 (END 2615),Activated,SSV32-2-120-A-120825-267-S47MS814,8,12/08/2025,2533,2615,12/08/2025,07/04/2026,Classroom,Small Stars 3.0,17:10,17:14,2
Bandung Kopo,FR 3A-2539 / 3B-2551 (END 2611),Activated,FRV23-1-120-A-270925-04-S11MS355,9,27/09/2025,2539,2611,27/09/2025,14/03/2026,Classroom,Frontrunner 2.0,16:50,16:51,3
Bandung Kopo,SS 4A-2534 / 4B-2550 (END 2616),Activated,SSV34-2-120-A-230825-284-S55MS342,8,23/08/2025,2534,2616,23/08/2025,18/04/2026,Classroom,Small Stars 3.0,19:10,19:08,4
Bandung Kopo,SS 3A-2535 / 3B-2551 (END 2617),Activated,SSV33-2-120-A-300825-360-S33MS7,7,30/08/2025,2535,2617,30/08/2025,25/04/2026,Classroom,Small Stars 3.0,11:30,11:34,3
Bandung Kopo,SS 1A-2540 / 1B-2606 (END 2622),Activated,SSV31-2-120-A-041025-109-S30MS198,3,04/10/2025,2540,2622,04/10/2025,30/05/2026,Classroom,Small Stars 3.0,15:40,15:38,1
Bandung Kopo,[FULL] SS 2A-2535 / 2B-2551 (END 2618),Activated,SSV32-2-120-A-270825-267-S4MS134,8,27/08/2025,2535,2618,27/08/2025,29/04/2026,Classroom,Small Stars 3.0,11:50,11:53,2
Bandung Kopo,SS 4A-2535 / 4B-2551 (END 2618),Activated,SSV34-2-120-A-270825-298-S52MS977,11,27/08/2025,2535,2618,27/08/2025,29/04/2026,Classroom,Small Stars 3.0,19:10,19:13,4
Bandung Kopo,SS 3A-2534 / 3B-2550 (END 2617),Activated,SSV33-2-120-A-200825-362-S5MS865,9,20/08/2025,2534,2617,20/08/2025,22/04/2026,Classroom,Small Stars 3.0,19:30,19:28,3
Bandung Kopo,[FULL] SS 1A-2534 / 1B-2550 (END 2616),Activated,SSV31-2-120-A-190825-108-S3MS462,8,19/08/2025,2534,2616,19/08/2025,16/04/2026,Classroom,Small Stars 3.0,10:40,10:37,1
Bandung Kopo,[FULL] [X] SS 2A-2533 / 2B-2549 (END 2615),Activated,SSV32-2-120-A-120825-266-S29MS456,7,12/08/2025,2533,2615,12/08/2025,09/04/2026,Classroom,Small Stars 3.0,11:00,11:03,2
Bandung Kopo,[FULL] SS 4A-2533 / 4B-2550 (END 2615),Activated,SSV34-2-120-A-120825-294-S30MS407,12,12/08/2025,2533,2615,12/08/2025,09/04/2026,Classroom,Small Stars 3.0,15:00,14:58,4
Bandung Kopo,SS 1A-2536 / 1B 2602 (END 2618),Activated,SSV31-2-120-A-020925-107-S21MS723,6,02/09/2025,2536,2618,02/09/2025,30/04/2026,Classroom,Small Stars 3.0,10:30,10:29,1
Bandung Kopo,SS 3A-2533 / 3B-2549 (END 2616),Activated,SSV33-2-120-A-120825-361-S59MS743,8,12/08/2025,2533,2616,12/08/2025,14/04/2026,Classroom,Small Stars 3.0,12:10,12:10,3
Bandung Kopo,SS 3A-2536 / 3B-2552 (END 2618),Activated,SSV33-2-120-A-020925-360-S17MS756,7,02/09/2025,2536,2618,02/09/2025,30/04/2026,Classroom,Small Stars 3.0,11:00,11:02,3
Bandung Summarecon,HF E 1-2549 / 2-2610 (END CLASS 2623),Activated,HFV2E-1-120-A-061225-22-S44MS888,11,06/12/2025,2549,,06/12/2025,06/06/2026,Classroom,High Flyers 2.0,11:00,11:01,E
Bandung Summarecon,SS 2 1-2549 / 2- (END CLASS),Activated,SSV32-2-120-A-061225-71-S30MS52,7,06/12/2025,2549,,06/12/2025,01/08/2026,Classroom,Small Stars 3.0,11:50,11:48,2
Bandung Summarecon,HF D 1-2549 / 2- 2607 (END CLASS 2618),Activated,HFV2D-2-160-A-021225-119-S49MS443,16,02/12/2025,2549,2618,02/12/2025,28/04/2026,Classroom,High Flyers 2.0,14:50,14:46,D
Bandung Summarecon,TB 1 1-2549 / 2- (END CLASS),Activated,TBV31-2-160-A-021225-54-S9MS3,15,02/12/2025,2549,,02/12/2025,28/04/2026,Classroom,Trailblazers 3.0,12:50,12:46,1
Bandung Summarecon,SS 4 1-2549 / 2- (END CLASS),Activated,SSV34-2-120-A-021225-112-S32MS984,11,02/12/2025,2549,,02/12/2025,13/08/2026,Classroom,Small Stars 3.0,10:30,10:29,4
Bandung Summarecon,SS 3 1-2549 / 2- (END CLASS),Activated,SSV33-2-120-A-011225-79-S16MS71,11,01/12/2025,2549,,01/12/2025,05/08/2026,Classroom,Small Stars 3.0,16:40,16:43,3
Bandung Summarecon,HF C 1-2548 / C 2-2609 (END CLASS 2621),Activated,HFV2C-1-120-A-291125-23-S16MS938,12,29/11/2025,2548,2621,29/11/2025,30/05/2026,Classroom,High Flyers 2.0,17:50,17:46,C
Bandung Summarecon,SS 1 1-2548 / 2- 2615 (END CLASS 2631),Activated,SSV31-2-120-A-291125-30-S49MS327,8,29/11/2025,2548,2631,29/11/2025,01/08/2026,Classroom,Small Stars 3.0,11:40,11:40,1
Bandung Summarecon,SS 4 1-2548 / 2-2616 (END CLASS 2633),Activated,SSV34-2-120-A-261125-111-S12MS252,12,26/11/2025,2548,,26/11/2025,07/08/2026,Classroom,Small Stars 3.0,19:00,18:55,4
Bandung Summarecon,HF D 1-2548 / 2 - 2606 (END CLASS 2616),Activated,HFV2D-2-160-A-241125-118-S14MS841,10,24/11/2025,2548,,24/11/2025,08/04/2026,Classroom,High Flyers 2.0,10:30,10:34,D
Bandung Summarecon,SS 2 1-2548 / 2-2615 (END CLASS 2632),Activated,SSV32-2-120-A-251125-70-S35MS88,10,25/11/2025,2548,,25/11/2025,06/08/2026,Classroom,Small Stars 3.0,19:50,19:51,2
Bandung Summarecon,TB 2 1-2547 / 2-2611 (END 2621),Activated,TBV32-1-120-A-221125-28-S56MS651,14,22/11/2025,2547,,22/11/2025,23/05/2026,Classroom,Trailblazers 3.0,16:20,16:22,2
Bandung Summarecon,SS 3 1-2547 / 2-2615 (END 2631),Activated,SSV33-2-120-A-191125-78-S45MS537,12,19/11/2025,2547,,19/11/2025,31/07/2026,Classroom,Small Stars 3.0,15:50,15:45,3
Bandung Summarecon,HF C1-2547 / C2-2605 (END 2615),Activated,HFV2C-2-160-A-171125-107-S36MS656,12,17/11/2025,2547,2615,17/11/2025,01/04/2026,Classroom,High Flyers 2.0,16:20,16:24,C
Bandung Summarecon,TB 1 1-2610 / 2- (END CLASS),Activated,TBV31-2-160-A-020326-55-S35MS896,7,02/03/2026,2610,,02/03/2026,13/07/2026,Classroom,Trailblazers 3.0,15:30,15:31,1
Bandung Summarecon,SS 3 1-2608 / 2-6 (END CLASS),Activated,SSV33-2-120-A-210226-80-S15MS510,11,21/02/2026,2608,,21/02/2026,10/10/2026,Classroom,Small Stars 3.0,10:20,10:24,3
Bandung Summarecon,HF D 1-2606 / 2-6 (END CLASS),Activated,HFV2D-1-120-A-070226-27-S0MS303,8,07/02/2026,2606,,07/02/2026,01/08/2026,Classroom,High Flyers 2.0,15:20,15:17,D
Bandung Summarecon,TB 2 1-2602 / 2- (END CLASS),Activated,TBV32-2-160-A-040226-74-S54MS303,10,04/02/2026,2606,,04/02/2026,18/05/2026,Classroom,Trailblazers 3.0,14:40,14:39,2
Bandung Summarecon,TB 4 1-2606 / 2- (END CLASS),Activated,TBV34-2-160-A-020226-115-S2MS920,4,02/02/2026,2606,,02/02/2026,22/06/2026,Classroom,Trailblazers 3.0,10:20,10:20,4
Bandung Summarecon,TB 6 1-2549 / 2-2607 (END CLASS 2618),Activated,TBV36-2-160-A-030226-90-S55MS768,7,03/02/2026,2606,2618,03/02/2026,28/04/2026,Classroom,Trailblazers 3.0,13:40,13:39,6
Bandung Summarecon,HF C 1-2605 / 2- (END CLASS),Activated,HFV2C-2-160-A-270126-109-S11MS270,11,27/01/2026,2605,,27/01/2026,18/06/2026,Classroom,High Flyers 2.0,15:10,15:11,C
Bandung Summarecon,SS 4 - 1-2602 / 1-26 (END CLASS),Activated,SSV34-2-120-A-240126-114-S10MS42,12,24/01/2026,,,24/01/2026,29/08/2026,Classroom,Small Stars 3.0,10:00,10:01,4
Bandung Summarecon,HF C 1-2603 / 2- (END CLASS),Activated,HFV2C-1-120-A-240126-01-S14MS781,11,24/01/2026,2605,,24/01/2026,11/07/2026,Classroom,High Flyers 2.0,14:20,14:21,C
Bandung Summarecon,TB 2 1-2603 / 2-2613 (END CLASS 2624),Activated,TBV32-2-160-A-140126-73-S29MS912,12,14/01/2026,2603,,14/01/2026,10/06/2026,Classroom,Trailblazers 3.0,16:30,16:29,2
Bandung Summarecon,HF G 1-2603 / 2- (END CLASS),Activated,HFV2G-2-160-A-140126-110-S37MS975,6,14/01/2026,2603,,14/01/2026,10/06/2026,Classroom,High Flyers 2.0,18:00,18:00,G
Bandung Summarecon,FR 3 1-2603 / 2-6 (END CLASS),Activated,FRV23-2-160-A-130126-01-S44MS780,9,13/01/2026,2603,,13/01/2026,28/05/2026,Classroom,Frontrunner 2.0,12:30,12:33,3
Bandung Summarecon,SS 2 1-2603 / 2-6 (END CLASSS),Activated,SSV32-2-120-A-130126-73-S28MS404,10,13/01/2026,2603,,13/01/2026,15/09/2026,Classroom,Small Stars 3.0,14:00,13:58,2
Bandung Summarecon,TB 4 1-2602 / 2- (END CLASS),Activated,TBV34-2-160-A-060126-114-S18MS598,12,06/01/2026,2602,,06/01/2026,26/05/2026,Classroom,Trailblazers 3.0,18:00,18:01,4
Bandung Summarecon,HF F F1-2602 / F2- (END CLASS),Activated,HFV2F-2-160-A-050126-131-S9MS242,12,05/01/2026,2602,,05/01/2026,18/05/2026,Classroom,High Flyers 2.0,10:00,10:02,F
Bandung Summarecon,HF D 1-2550 / 2- (END CLASS),Activated,HFV2D-1-120-A-131225-26-S57MS271,12,13/12/2025,2550,,13/12/2025,13/06/2026,Classroom,High Flyers 2.0,18:20,18:21,D
Bandung Summarecon,SS 2 1-2550 / 2-2617 (END CLASS 2634),Activated,SSV32-2-120-A-101225-72-S39MS133,10,10/12/2025,2550,,10/12/2025,21/08/2026,Classroom,Small Stars 3.0,12:00,12:02,2
Bandung Summarecon,SS 1 1-2550 / 2- (END CLASS),Activated,SSV31-2-120-A-091225-32-S48MS551,8,09/12/2025,2550,,09/12/2025,20/08/2026,Classroom,Small Stars 3.0,16:50,16:47,1
Bandung Summarecon,HF C 1-2550 / 2- (END CLASS),Activated,HFV2C-2-160-A-091225-108-S26MS792,12,09/12/2025,2550,,09/12/2025,05/05/2026,Classroom,High Flyers 2.0,10:30,10:31,C
Bandung Summarecon,FR 6 1-2550 / 2-2608 (END CLASS 2618),Activated,FRV26-2-160-A-081225-01-S56MS180,5,08/12/2025,2550,2618,08/12/2025,27/04/2026,Classroom,Frontrunner 2.0,11:30,11:30,6
Bandung Summarecon,SS 1 1-2550 / 2-2616 (END CLASS 2633),Activated,SSV31-2-120-A-081225-31-S43MS734,7,08/12/2025,2550,,08/12/2025,12/08/2026,Classroom,Small Stars 3.0,12:10,12:14,1
Bandung Summarecon,TB 2 1-2550 / 2-2608 (END CLASS 2618),Activated,TBV32-2-160-A-081225-71-S16MS403,15,08/12/2025,2550,,08/12/2025,27/04/2026,Classroom,Trailblazers 3.0,12:00,11:55,2
Bali Gatsu Barat,FR 6 - 2610,Activated,FRV26-2-160-A-030326-01-S18MS421,12,03/03/2026,2610,2628,03/03/2026,09/07/2026,Classroom,Frontrunner 2.0,15:20,15:15,6
Bali Gatsu Barat,TB 2 - 2610,Activated,TBV32-2-160-A-040326-71-S3MS902,15,04/03/2026,2610,2629,04/03/2026,17/07/2026,Classroom,Trailblazers 3.0,17:20,17:22,2
Bali Gatsu Barat,HF E - 2610,Activated,HFV2E-2-160-A-030326-125-S44MS686,13,03/03/2026,2610,2628,03/03/2026,09/07/2026,Classroom,High Flyers 2.0,14:50,14:47,E
Bali Gatsu Barat,HF 1A - 2610,Activated,HFV41A-2-160-A-020326-03-S19MS322,15,02/03/2026,2610,2628,02/03/2026,10/07/2026,Classroom,High Flyers 4.0,17:20,17:24,1A
Bali Gatsu Barat,SS 2 - 2610,Activated,SSV32-2-120-A-030326-73-S28MS478,8,03/03/2026,2610,2642,03/03/2026,15/10/2026,Classroom,Small Stars 3.0,19:00,18:59,2
Bali Gatsu Barat,SS 4 - 2610,Activated,SSV34-2-120-A-030326-112-S6MS169,10,03/03/2026,2610,2642,03/03/2026,15/10/2026,Classroom,Small Stars 3.0,16:50,16:53,4
Bali Gatsu Barat,SS 2 - 2610,Activated,SSV32-2-120-A-040326-72-S33MS535,6,04/03/2026,2610,2643,04/03/2026,23/10/2026,Classroom,Small Stars 3.0,16:00,15:56,2
Bali Gatsu Barat,TB 3 - 2609,Activated,TBV33-2-160-A-240226-114-S41MS862,12,24/02/2026,2609,2627,24/02/2026,02/07/2026,Classroom,Trailblazers 3.0,15:10,15:13,3
Bali Gatsu Barat,TB 1 - 2609,Activated,TBV31-2-160-A-250226-55-S0MS91,14,25/02/2026,2609,2628,25/02/2026,10/07/2026,Classroom,Trailblazers 3.0,12:50,12:54,1
Bali Gatsu Barat,HF 1B - 2609,Activated,HFV41B-2-160-A-250226-01-S45MS874,14,25/02/2026,2609,2628,25/02/2026,10/07/2026,Classroom,High Flyers 4.0,17:50,17:49,1B
Bali Gatsu Barat,HF 1A - 2609,Activated,HFV41A-2-160-A-240226-02-S30MS720,13,24/02/2026,2609,2627,24/02/2026,02/07/2026,Classroom,High Flyers 4.0,19:20,19:17,1A
Bali Gatsu Barat,SS 4 - 2609,Activated,SSV34-2-120-A-250226-111-S32MS699,9,25/02/2026,2609,2642,25/02/2026,16/10/2026,Classroom,Small Stars 3.0,17:20,17:20,4
Bali Gatsu Barat,SS 2 - 2609,Activated,SSV32-2-120-A-240226-71-S31MS607,7,24/02/2026,2609,2641,24/02/2026,08/10/2026,Classroom,Small Stars 3.0,16:30,16:32,2
Bali Gatsu Barat,SS 2  - 2609,Activated,SSV32-2-120-A-250226-70-S17MS623,8,25/02/2026,2609,2642,25/02/2026,16/10/2026,Classroom,Small Stars 3.0,19:20,19:18,2
Bali Gatsu Barat,SS 3 - 2609,Activated,SSV33-2-120-A-240226-77-S26MS699,10,24/02/2026,2609,2641,24/02/2026,08/10/2026,Classroom,Small Stars 3.0,11:10,11:14,3