Center,Group: Group Name,Status,Group Code,Active Students,Start Date,Start Week,End Week,First Session Start Date,Last Session Start Date,Group Type,Program,Session Days,Time,
Sby Purimas,HF D new new (T1-2550/T2-2607) END 2617,Activated,HFV2D-2-160-A-170226-146-S7MS5,7,17-02-26,2550,2617,17-02-26,28-04-26,Classroom,High Flyers 2.0,Thu Sat,11:00,CONTOH
Sby Purimas,FR 10 (T1-2623 / T2-2632) END 2640,Activated,FRV210-2-160-A-020626-04-S38MS47,13,2-6-2026,2623,2640,2-6-2026,1-10-2026,Classroom,Frontrunner 2.0,Tue Thu,18:10,
Sby Purimas,FR 11 New (T1 2625/T2 2633) END 2642,Activated,FRV211-2-160-A-170626-05-S6MS100,9,17-6-2026,2625,2642,17-6-2026,21-10-2026,Classroom,Frontrunner 2.0,Wed Fri,18:10,
Sby Purimas,FR 12 (T1 2629/ T2 2640) END 2701,Activated,FRV212-1-120-A-180726-01-S23MS362,7,18-7-2026,2629,2652,18-7-2026,2-1-2027,Classroom,Frontrunner 2.0,Sat,11:30,
Sby Purimas,FR 13 (T1-2633 / T2-2642) END 2651,Activated,FRV212-2-160-A-080426-04-S6MS647,3,8-4-2026,2633,2651,8-4-2026,18-12-2026,Classroom,Frontrunner 1.0,Wed Fri,19:40,
Sby Purimas,FR 14 (T1-2634 / T2 2643) END 2702,Activated,FRV113-2-160-A-140426-22-S13MS819,3,14-4-2026,2634,2701,14-4-2026,7-1-2027,Classroom,Frontrunner 1.0,Tue Thu,16:30,
Sby Purimas,FR 2 (T1 2619 / T2 2628) END 2636,Activated,FRV21-2-160-A-060526-01-S17MS53,5,6-5-2026,2619,2636,6-5-2026,9-9-2026,Classroom,Frontrunner 2.0,Wed Fri,18:10,
Sby Purimas,FR 1 (Forming) (T1 2638),Created ,,0,15-9-2026,2638,,15-9-2026,,Classroom,Frontrunner 2.0,Tue Thu,19:40,
Sby Purimas,FR 4 (T1 2625 / T2 2634) END 2643,Activated,FRV24-2-160-A-170626-06-S3MS183,7,17-6-2026,2625,2643,17-6-2026,23-10-2026,Classroom,Frontrunner 2.0,Wed Fri,19:40,
Sby Purimas,FR 8 (T1-2624 / T2-2633) END 2641,Activated,FRV28-2-160-A-090626-03-S1MS680,7,9-6-2026,2624,2641,9-6-2026,8-10-2026,Classroom,Frontrunner 2.0,Tue Thu,19:40,
Sby Purimas,FR 9 (T1-2623 / T2-2632) END 2641,Activated,FRV29-2-160-A-030626-07-S12MS757,5,3-6-2026,2623,2641,3-6-2026,9-10-2026,Classroom,Frontrunner 2.0,Wed Fri,18:10,
Sby Purimas,FR 9 (T1-2629/T2-2641) END 2701,Activated,FRV29-1-120-A-180726-02-S26MS866,6,18-7-2026,2926,2701,18-7-2026,2-1-2027,Classroom,Frontrunner 2.0,Sat,11:30,
Sby Purimas,TB 1 (Forming) (T1 2638),Created ,,0,19-9-2026,2638,,19-9-2026,,Classroom,Trailblazers 3.0,Sat,9:15,
Sby Purimas,HF 4.0 1A (Forming) (T1 2638),Created ,,3,16-9-2026,2638,,16-9-2026,,Classroom,High Flyers 4.0,Wed Fri,18:10,
Sby Purimas,HF 4.0 Foundation (Forming) (T1 2638),Created ,,0,16-9-2026,2638,,16-9-2026,,Classroom,High Flyers 4.0,Wed Fri,15:00,
Sby Purimas,HF 1A (T1 2624 / T2-2633) END 2641,Activated,HFV41A-2-160-A-090626-02-S2MS410,4,9-6-2026,2624,2641,9-6-2026,9-10-2026,Classroom,High Flyers 4.0,Tue Thu,15:00,
Sby Purimas,HF 1B 4.0 ( T1 2636/T2 2645) END 2702,Activated,HFV41A-2-160-A-280426-01-S4MS598,7,28-4-2026,2636,2702,28-4-2026,7-1-2027,Classroom,High Flyers 4.0,Tue Thu,15:00,
Sby Purimas,HF 1B 4.0 (T1-2622 / T2-2634) END 2646,Activated,HFV41B-1-120-A-300526-01-S54MS312,14,30-5-2026,2622,2646,30-5-2026,14-11-2026,Classroom,High Flyers 4.0,Sat,9:15,
Sby Purimas,HF 1B 4.0 (T1 2633 / T2 2642) END 2651,Activated,HFV2C-2-160-A-070426-136-S55MS3,14,7-4-2026,2633,2651,7-4-2026,17-12-2026,Classroom,High Flyers 4.0,Tue Thu,18:10,
Sby Purimas,HF 1B (T1-2635 / T2 - 2647) END 2708,Activated,HFV2C-1-120-A-070326-01-S45MS501,16,7-3-2026,2635,2708,7-3-2026,20-2-2027,Classroom,High Flyers 4.0,Sat,9:15,
Sby Purimas,HF 2A (T1-2630 / T2-2639) END 2647,Activated,HFV42A-2-160-P-210726-01-S44MS256,8,10-3-2026,2630,2647,10-3-2026,19-11-2026,Classroom,High Flyers 4.0,Tue Thu,16:30,
Sby Purimas,HF 2A (T1-2639 / T2-2648) END 2706,Activated,HFV2D-2-160-A-130526-148-S46MS7,11,13-5-2026,2639,2706,13-5-2026,5-2-2027,Classroom,High Flyers 4.0,Wed Fri,15:00,
Sby Purimas,HF 2B (T1 2641 / T2-2650) END 2708,Activated,HFV2E-2-160-A-020626-148-S37MS247,10,2-6-2026,2641,2708,2-6-2026,18-2-2027,Classroom,High Flyers 4.0,Tue Thu,18:10,
Sby Purimas,HF 2B (T1 2641 / T2-2650) END 2708,Activated,HFV2E-2-160-A-030626-149-S56MS985,12,3-6-2026,2641,2708,3-6-2026,18-2-2027,Classroom,High Flyers 4.0,Wed Fri,16:30,
Sby Purimas,HF 2B (T1 2636/T2 2645) END 2702,Activated,HFV2E-2-160-A-280426-147-S2MS462,7,28-4-2026,2636,2702,28-4-2026,7-1-2027,Classroom,High Flyers 4.0,Tue Thu,15:00,
Sby Purimas,HF 2A (T1 2633 / T2 - 2645) END 2706,Activated,HFV2E-1-120-A-280226-31-S35MS892,13,28-2-2026,2633,2706,28-2-2026,5-2-2027,Classroom,High Flyers 4.0,Sat,11:30,
Sby Purimas,HF 3A (T1-2643 / T2 - 2648) END 2709,Activated,HFV2F-1-120-A-090526-31-S27MS183,9,9-5-2026,2643,2709,9-5-2026,26-2-2026,Classroom,High Flyers 4.0,Sat,14:00,
Sby Purimas,HF H (T1-2632 / T2 2640) END 2649,Activated,HFV2G-2-160-A-010426-128-S6MS457,7,1-4-2026,2632,2649,1-4-2026,4-12-2026,Classroom,High Flyers 2.0,Wed Fri,15:00,
Sby Purimas,HF H (T1 2632 / T2- 2644) END 2705,Activated,HFV2G-1-120-A-210226-21-S45MS503,15,21-2-2026,2632,2705,21-2-2026,29-1-2027,Classroom,High Flyers 2.0,Sat,9:15,
Sby Purimas,HF G New (T1 2629/ T2 2638) END 2646,Activated,HFV2G-2-160-A-140726-130-S10MS282,10,14-7-2026,2629,2646,14-7-2026,12-11-2026,Classroom,High Flyers 2.0,Tue Thu,18:10,
Sby Purimas,HF G New (T1 2629/T2 2638) END 2646,Activated,HFV2G-2-160-A-140726-129-S47MS944,8,14-7-2026,2629,2646,14-7-2026,12-11-2026,Classroom,High Flyers 2.0,Tue Thu,15:00,
Sby Purimas,HF I (T1 2633 / T2 - 2645) END 2706,Activated,HFV2H-1-120-A-210226-17-S31MS529,6,21-2-2026,2633,2706,21-2-2026,5-2-2027,Classroom,High Flyers 2.0,Sat,14:00,
Sby Purimas,HF I New (T1 2638 / T2 2647) END 2704,Activated,HFV2H-2-160-A-050526-105-S17MS124,6,5-5-2026,2638,2704,5-5-2026,21-1-2027,Classroom,High Flyers 2.0,Tue Thu,18:10,
Sby Purimas,HF I (T1-2620 / T2-2629) END 2638,Activated,HFV2I-2-160-A-120526-81-S50MS392,7,12-5-2026,2620,2638,12-5-2026,17-9-2026,Classroom,High Flyers 2.0,Tue Thu,18:10,
Sby Purimas,HF I (T1-2627/T2-2636) END 2644,Activated,HFV2I-2-160-A-010726-82-S24MS594,8,1-7-2026,2627,2644,1-7-2026,30-10-2026,Classroom,High Flyers 2.0,Wed Fri,16:30,
Sby Purimas,HF J (T1-2629/T2-2638) END 2646,Activated,HFV2J-2-160-A-140726-82-S30MS800,5,14-7-2026,2629,2646,14-7-2026,12-11-2026,Classroom,High Flyers 2.0,Tue Thu,15:00,
Sby Purimas,SS 1 (Forming) (T1 2638),Created ,,0,16-9-2026,2638,,16-9-2026,,Classroom,Small Stars 3.0,Wed Fri,15:00,
Sby Purimas,SS 2 (T1-2639 / T2 2648) END 2705,Activated,SSV31-2-120-A-270126-47-S37MS943,6,22-9-2026,2639,2705,22-9-2026,28-1-2026,Classroom,Small Stars 3.0,Tue Thu,16:30,
Sby Purimas,SS 3 (T1 2633 / T2 2649) END 2714,Activated,SSV32-2-120-A-101225-89-S17MS96,7,12-8-2026,2633,2714,12-8-2026,2-4-2027,Classroom,Small Stars 3.0,Wed Fri,15:00,
Sby Purimas,SS 3 (T1 2633 / T2 2649) END 2714,Activated,SSV32-2-120-A-101225-87-S9MS299,10,12-8-2026,2633,2714,12-8-2026,2-4-2027,Classroom,Small Stars 3.0,Wed Fri,13:30,
Sby Purimas,SS 2 (T1 2617 / T2 2633) END 2649,Activated,SSV32-2-120-A-250426-259-S52MS521,6,25-4-2026,2617,2649,25-4-2026,5-12-2026,Classroom,Small Stars 3.0,Sat,9:15,
Sby Purimas,SS 2 (T1 2622 / T2 2638) END 2702,Activated,SSV32-2-120-A-270526-260-S54MS712,4,27-5-2026,2622,2701,27-5-2026,8-1-2027,Classroom,Small Stars 3.0,Wed Fri,13:30,
Sby Purimas,SS 2 (T1 2628 / T2 2644) END 2708,Activated,SSV32-2-120-A-110726-262-S27MS954,5,11-7-2026,2628,2708,11-7-2026,20-2-2026,Classroom,Small Stars 3.0,Sat,11:30,
Sby Purimas,SS 2 (T1 2629 / T2 2645) END 2708,Activated,SSV32-2-120-A-150726-263-S54MS243,9,15-7-2026,2629,2708,15-7-2026,19-2-2027,Classroom,Small Stars 3.0,Wed Fri,16:30,
Sby Purimas,SS 3 (T1 2621/ T2 2637) END 2702,Activated,SSV33-2-120-A-200526-96-S31MS379,8,20-5-2026,2621,2652,20-5-2026,8-1-2027,Classroom,Small Stars 3.0,Wed Fri,15:00,
Sby Purimas,SS 4 (T1 2611 / T2 2628) END 2644,Activated,SSV34-2-120-A-140326-135-S14MS706,10,14-3-2026,2611,2644,14-3-2026,31-10-2026,Classroom,Small Stars 3.0,Sat,9:15,
Sby Purimas,SS 4 (Forming),Created ,,0,15-9-2026,2638,,15-9-2026,,Classroom,Small Stars 3.0,Tue Thu,15:00,
Sby Purimas,HF 1A (T1 2640 / T2 2649) END 2707,Forming,SSV34-2-120-A-110226-134-S13MS593,9,30-9-2026,2640,2707,30-9-2026,12-2-2027,Classroom,High Flyers 4.0,Wed Fri,16:30,
Sby Purimas,SS 4 (T1-2629/T2-2645) END 2709,Activated,SSV34-2-120-A-180726-137-S36MS575,10,18-7-2026,2629,2709,18-7-2026,26-2-2027,Classroom,Small Stars 3.0,Sat,11:30,
Sby Purimas,TB 1 (T1 2629/ T2 2637) END 2646,Activated,TBV31-2-160-A-140726-68-S27MS495,11,14-7-2026,2629,2646,14-7-2026,12-11-2026,Classroom,Trailblazers 3.0,Tue Thu,18:10,
Sby Purimas,TB 3 (T1-2639 / T2-2651) END 2712,Activated,TBV32-1-120-A-110426-37-S36MS769,6,26-9-2026,2639,2712,26-9-2026,19-3-2027,Classroom,Trailblazers 3.0,Sat,14:00,
Sby Purimas,TB 2 (T1-2623/T2-2635) END 2646,Activated,TBV32-1-120-A-060626-38-S7MS419,10,6-6-2026,2623,2646,6-6-2026,14-11-2026,Classroom,Trailblazers 3.0,Sat,9:15,
Sby Purimas,TB 3 (T1 2632 / T2- 2644) END 2705,Activated,TBV32-1-120-A-210226-35-S0MS83,14,8-7-2026,2632,2705,8-7-2026,30-1-2027,Classroom,Trailblazers 3.0,Sat,11:30,
Sby Purimas,TB 4 (T1 2638 / T2 2647) END 2705,Activated,TBV33-2-160-A-200526-180-S26MS571,10,16-9-2026,2638,2705,16-9-2026,29-1-2027,Classroom,Trailblazers 3.0,Wed Fri,18:10,
Sby Purimas,TB 4 (T1-2634 / T2-2643)END 2702,Activated,TBV31-2-160-A-150426-67-S9MS24,6,19-8-2026,2634,2701,19-8-2026,8-1-2027,Classroom,Trailblazers 3.0,Wed Fri,15:00,
Sby Purimas,TB 3 (T1-2624 / T2-2636) END 2647,Activated,TBV33-1-120-A-130626-32-S2MS357,10,13-6-2026,2624,2647,13-6-2026,21-11-2026,Classroom,Trailblazers 3.0,Sat,14:00,
Sby Purimas,TB 3 (T1-2627/ T2-2636) END 2644,Activated,TBV33-2-160-A-300626-182-S1MS355,16,30-6-2026,2627,2644,30-6-2026,29-10-2026,Classroom,Trailblazers 3.0,Tue Thu,18:10,
Sby Purimas,TB 3 New ( T1 2623/ T2 2631) END 2640,Activated,TBV33-2-160-A-020626-181-S23MS702,13,2-6-2026,2623,2640,2-6-2026,1-10-2026,Classroom,Trailblazers 3.0,Tue Thu,16:30,
Sby Purimas,TB 5 New (T1 2633 / T2 2642) END 2651,Activated,TBV34-2-160-A-080426-128-S25MS809,11,12-8-2026,2633,2651,12-8-2026,18-12-2026,Classroom,Trailblazers 3.0,Wed Fri,18:10,
Sby Purimas,TB 5 (T1-2620/ T2-2629) END 2638,Activated,TBV35-2-160-A-120526-106-S56MS467,6,12-5-2026,2620,2642,12-5-2026,17-9-2026,Classroom,Trailblazers 3.0,Tue Thu,15:00,
Sby Purimas,TB 5 (T1-2625 / T2-2634) END 2642,Activated,TBV35-2-160-A-160626-108-S7MS495,10,16-6-2026,2625,2642,16-6-2026,15-10-2026,Classroom,Trailblazers 3.0,Tue Thu,16:30,
Sby Purimas,TB 5 (T1-2626 / T2-2638) END 2649,Activated,TBV35-1-120-A-270626-51-S59MS744,10,27-6-2026,2626,2649,27-6-2026,5-12-2026,Classroom,Trailblazers 3.0,Sat,11:30,
Sby Purimas,TB 5 New (T1 2623/ T2 2631) END 2640,Activated,TBV35-2-160-A-020626-107-S50MS953,8,2-6-2026,2623,2640,2-6-2026,1-10-2026,Classroom,Trailblazers 3.0,Tue Thu,16:30,
Sby Purimas,TB 6 (T1 2626/ T2 2635) END 2643,Activated,TBV36-2-160-A-230626-102-S45MS780,6,23-6-2026,2626,2643,23-6-2026,22-10-2026,Classroom,Trailblazers 3.0,Tue Thu,16:30,
Sby Purimas,TB 7 (T1 2633 / T2 - 2645) END 2706,Activated,TBV36-1-120-A-280226-24-S8MS436,9,12-8-2026,2633,2706,12-8-2026,5-2-2027,Classroom,Trailblazers 3.0,Sat,14:00,
Sby Purimas,TB 6 (T1-2620/ T2-2629) END 2638,Activated,TBV36-2-160-A-130526-101-S54MS807,10,13-5-2026,2620,2638,13-5-2026,13-11-2026,Classroom,Trailblazers 3.0,Wed Fri,18:10,
Sby Purimas,TB 6 (T1-2622 / T2-2634) END 2646,Activated,TBV36-1-120-A-300526-29-S33MS550,7,30-5-20263,2622,2646,30-5-20263,14-11-2026,Classroom,Trailblazers 3.0,Sat,14:00,
Sby Purimas,TB 8 (T1-2634 / T2-2646) END 2707,Activated,TBV37-1-120-A-280226-32-S56MS916,9,22-8-2026,2634,2707,22-8-2026,12-2-2027,Classroom,Trailblazers 3.0,Sat,14:00,
Sby Purimas,TB 8 (T1-2631 / T2- 2640) END 2649,Activated,TBV37-2-160-A-170326-84-S30MS997,7,28-7-2026,2631,2649,28-7-2026,3-12-2026,Classroom,Trailblazers 3.0,Tue Thu,18:10,
Sby Purimas,TB 7 (T1-2622 / T2-2631) END 2639,Activated,TBV37-2-160-A-270526-85-S11MS140,5,27-5-2026,2622,2639,27-5-2026,25-9-2026,Classroom,Trailblazers 3.0,Wed Fri,16:30,
Sby Purimas,SS 1 (Forming) (T1 2638),Created ,,1,15-9-2026,2638,,15-9-2026,,Classroom,Small Stars 3.0,Sat,14:00,
Sby Plaza,HF F1-2636 / E2-2648 (END 2706),Pending,HFV2F-1-120-P-050926-35-S24MS489,11,9/5/2026,2636,2706,05/09/2026,20/02/2027,Classroom,High Flyers 2.0,Sat,13:45,
Sby Plaza,FR 10A-2631 / 10B-2640 (END 2648) *FR2.0*,Pending,FRV210-2-160-P-290726-13-S51MS403,8,7/29/2026,2631,2648,29/07/2026,02/12/2026,Classroom,Frontrunner 2.0,Wed Fri,19:40,
Sby Plaza,FR 12A-2633 / 12B-2642 (END 2650) *FR2.0*,Pending,FRV212-2-160-P-110826-04-S54MS564,9,8/11/2026,2633,2650,11/08/2026,15/12/2026,Classroom,Frontrunner 2.0,Tue Thu,18:10,
Sby Plaza,FR 11A-2633 / 11B-2642 (END 2650) *FR2.0*,Pending,FRV211-2-160-P-120826-07-S23MS50,7,8/12/2026,2633,2650,12/08/2026,16/12/2026,Classroom,Frontrunner 2.0,Wed Fri,18:10,
Sby Plaza,HF 1B T1-2633 / T2-2641 (END 2650) TISHA,Pending,HFV41B-2-160-P-110826-02-S4MS922,0,8/11/2026,2633,,11/08/2026,15/12/2026,Classroom,High Flyers 4.0,Tue Thu,15:00,
Sby Plaza,TB 7A-2633 / 7B-2646 (END 2703) TISHA,Pending,TBV37-1-120-P-150826-36-S18MS370,7,8/15/2026,2633,,15/08/2026,30/01/2027,Classroom,Trailblazers 3.0,Sat,9:15,
Sby Plaza,HF H1-2631 / G2-2640 (END 2648),Pending,HFV2H-2-160-P-290726-113-S0MS993,7,7/29/2026,2631,,29/07/2026,02/12/2026,Classroom,High Flyers 2.0,Wed Fri,15:00,
Sby Plaza,TB 5A-2630 / TB 5B-2639 (END 2647) TISHA,Pending,TBV35-2-160-P-220726-119-S13MS352,6,7/22/2026,2630,,22/07/2026,25/11/2026,Classroom,Trailblazers 3.0,Wed Fri,16:30,
Sby Plaza,IELTS Prep Band 5.5-6.5 term 2 2632 (2632-2643),Pending,IEV1IELTSB2-2-160-P-040826-07-S17MS956,6,8/4/2026,2632,2643,05/08/2026,23/10/2026,Classroom,IELTS 1.0,Wed Fri,16:30,
Sby Plaza,TB 3A-2633 / 3B-2641 (END 2650),Pending,TBV33-2-160-P-110826-183-S5MS242,6,8/11/2026,2633,2650,11/08/2026,15/12/2026,Classroom,Trailblazers 3.0,Tue Thu,16:30,
Sby Plaza,FR 10A-2635 / 9B-2644 (END 2652) (2.0),Pending,FRV210-2-160-P-260826-14-S4MS159,7,8/26/2026,2635,2652,26/08/2026,30/12/2026,Classroom,Frontrunner 2.0,Wed Fri,16:30,
Sby Plaza,FR 14A-2636 / 14B-2648 (END 2706),Pending,FRV114-1-120-P-050926-13-S16MS167,5,9/5/2026,2636,2706,05/09/2026,20/02/2027,Classroom,Frontrunner 1.0,Sat,16:00,
Sby Plaza,TB 5A - 2630 / 5B -2639 (END 2647),Pending,TBV35-2-160-P-220726-117-S14MS482,10,7/22/2026,2630,2647,22/07/2026,25/11/2026,Classroom,Trailblazers 3.0,Wed Fri,18:10,
Sby Plaza,HF F1-2633 / F2-2642 (END 2650),Pending,HFV2F-2-160-P-110826-161-S41MS196,10,8/11/2026,2633,2650,11/08/2026,15/12/2026,Classroom,High Flyers 2.0,Tue Thu,18:10,
Sby Plaza,TB 4A-2636 / 4B-2648 (END 2708),Pending,TBV34-1-120-P-050926-39-S33MS193,11,9/5/2026,2636,2708,05/09/2026,20/02/2027,Classroom,Trailblazers 3.0,Sat,11:30,
Sby Plaza,FR 6A-2636 / 6B-2648 (END 2708),Created,FRV26-1-120-C-050926-03-S52MS252,8,9/5/2026,2636,2708,,,Classroom,Frontrunner 2.0,Sat,11:30,
Sby Plaza,FORMING PATHFINDERS TTh 19.40,Created,PEV13A-2-160-C-080726-01-S11MS483,1,7/8/2026,2637,,,,Classroom,Pathfinder English 1.0,Tue Thu,19:40,
Sby Plaza,HF G1-2630/G2- 2639 (END 2647),Created,HFV2G-2-160-C-220726-136-S53MS794,6,7/22/2026,2630,2647,,,Classroom,High Flyers 2.0,Wed Fri,18:10,
Sby Plaza,FORMING HF (4.0) 1A SAT 9.15,Created,HFV41A-1-120-C-190926-01-S23MS449,0,9/19/2026,2638,,,,Classroom,High Flyers 4.0,Sat,9:15,
Sby Plaza,FORMING TB 1A SAT 16:00,Created,TBV31-1-120-C-050926-18-S50MS544,2,9/5/2026,2636,,,,Classroom,Trailblazers 3.0,Sat,16:00,
Sby Plaza,FORMING SS 1 SAT 09.15,Created,SSV31-1-60-C-010826-06-S28MS487,2,8/1/2026,2631,2701,,,Classroom,Small Stars 3.0,Sat,9:15,
Sby Plaza,FORMING FL IELTS prep TTH 19:40,Created,,1,9/1/2026,2636,,,,Classroom,IELTS 1.0,Tue Thu,19:40,
Sby Plaza,FORMING TB 1/2 TTh 18:10,Created,TBV31-2-160-C-010926-69-S23MS376,2,9/1/2026,2636,,,,Classroom,Trailblazers 3.0,Tue Thu,18:10,
Sby Plaza,FORMING SS2 WF 16:30,Created,SSV32-2-120-C-260826-258-S41MS830,2,8/26/2026,2635,2715,,,Classroom,Small Stars 3.0,Wed Fri,16:30,
Sby Plaza,HF 1B (4.0) T1-2631 / T2-2643 (END 2703),Created,HFV41B-1-120-C-010826-02-S44MS867,1,8/1/2026,2631,2703,,,Classroom,High Flyers 4.0,Sat,13:45,
Sby Plaza,TB 5A-2632/5B-2644 (END 2703),Created,TBV35-1-120-C-080826-54-S39MS355,9,8/8/2026,2632,2703,,,Classroom,Trailblazers 3.0,Sat,16:00,
Sby Plaza,FR 14A - 2633/13B - 2642 (END 2650),Created,FRV114-2-160-C-110826-26-S8MS526,13,8/11/2026,2633,2650,,,Classroom,Frontrunner 1.0,Tue Thu,16:30,
Sby Plaza,TB 8A 2642/ 8B 2651 (END 2707),Created,TBV38-2-160-C-131026-144-S30MS854,8,10/13/2026,2642,2707,,,Classroom,Trailblazers 3.0,Tue Thu,18:10,
Sby Plaza,FR 11A-2636/11B-2648 (END 2707) *FR 2.0*,Created,FRV211-1-120-C-050926-03-S50MS603,10,9/5/2026,2636,2707,,,Classroom,Frontrunner 2.0,Sat,13:45,
Sby Plaza,FR 9A-2636 / 9B-2648 (END 2708),Created,FRV29-1-120-C-050926-08-S49MS144,9,9/5/2026,2636,2708,,,Classroom,Frontrunner 2.0,Sat,11:30,
Sby Plaza,TB 6A-2631 / 6B-2643 (END 2703),Created,TBV36-1-120-C-010826-29-S38MS919,9,8/1/2026,2631,2703,,,Classroom,Trailblazers 3.0,Sat,13:45,
Sby Plaza,FR 4A-2639 / 4B - 2648 (END 2706) (2.0),Created,FRV24-2-160-C-230926-06-S12MS764,11,9/23/2026,2639,2706,,,Classroom,Frontrunner 2.0,Wed Fri,18:10,
Sby Plaza,TB 6A-2635 / 6B-2644 (END 2701),Created,TBV36-2-160-C-250826-115-S59MS53,12,8/25/2026,2635,2701,,,Classroom,Trailblazers 3.0,Tue Thu,18:10,
Sby Plaza,HF 4.0 FOUND (F1-2630/F2-2639) END-2647,Activated,HFV4Foundation-2-120-A-220726-01-S7MS635,1,7/22/2026,2630,2647,22/07/2026,08/01/2027,Classroom,High Flyers 4.0,Wed Fri,16:30,
Sby Plaza,HF (4.0) Foundation A (2629) - B (2640) (END 2701),Activated,HFV4Foundation-1-120-A-180726-01-S16MS772,3,7/18/2026,2629,2701,18/07/2026,02/01/2027,Classroom,High Flyers 4.0,Sat,11:30,
Sby Plaza,FR 11A-2625 / FR 11B-2634 (END 2642) *FR2.0*,Activated,FRV211-2-160-A-160626-06-S53MS716,3,6/16/2026,2625,2642,16/06/2026,15/10/2026,Classroom,Frontrunner 2.0,Tue Thu,16:30,
Sby Plaza,TB 4A-2628 / 4B-2637 (END 2645),Activated,TBV34-2-160-A-070726-140-S58MS757,4,7/7/2026,2628,2645,07/07/2026,10/11/2026,Classroom,Trailblazers 3.0,Tue Thu,16:30,
Sby Plaza,IELTS Prep Band 5.5-6.5 term 1 (2626-2634),Activated,IEV1IELTSB1-1-120-A-270626-03-S38MS733,4,6/27/2026,2626,2634,27/06/2026,12/09/2026,Classroom,IELTS 1.0,Sat,11:30,
Sby Plaza,FR 10A-2626 / 10B-2638 (END 2649) *FR2.0*,Activated,FRV210-1-120-A-270626-05-S53MS86,4,6/27/2026,2626,2649,27/06/2026,12/12/2026,Classroom,Frontrunner 2.0,Sat,9:15,
Sby Plaza,HF E1-2624 / E2-2633 (END 2641),Activated,HFV2E-2-160-A-090626-147-S20MS733,4,6/9/2026,2624,2641,09/06/2026,08/10/2026,Classroom,High Flyers 2.0,Tue Thu,15:00,
Sby Plaza,FR 12A-2626 / FR 12B-2636 (END 2643) *FR2.0*,Activated,FRV212-2-160-A-240626-03-S59MS564,4,6/24/2026,2626,2643,24/06/2026,28/10/2026,Classroom,Frontrunner 2.0,Wed Fri,16:30,
Sby Plaza,SS 2A-2616 / 2B-2632 (END 2647) ADIN,Activated,SSV32-4-240-A-180426-06-S31MS203,4,4/18/2026,2616,2647,18/04/2026,28/11/2026,Classroom,Small Stars 3.0,Sat,9:15,
Sby Plaza,HF J1-2627 / J2-2636 (END 2644),Activated,HFV2J-2-160-A-300626-94-S13MS565,5,6/30/2026,2627,2644,30/06/2026,03/11/2026,Classroom,High Flyers 2.0,Tue Thu,18:10,
Sby Plaza,HF J1-2615 / J2-2624 (END 2632) NEW,Activated,HFV2J-2-160-A-090626-93-S44MS290,5,6/9/2026,2624,2632,09/06/2026,06/08/2026,Classroom,High Flyers 2.0,Tue Thu,16:30,
Sby Plaza,HF H1-2623 / H2-2632 (END 2640),Activated,HFV2H-2-160-A-030626-111-S6MS340,5,6/3/2026,2623,2640,03/06/2026,07/10/2026,Classroom,High Flyers 2.0,Wed Fri,16:30,
Sby Plaza,IELTS Prep Band 5.5-6.5 term 1 (2620-2631),Activated,IEV1IELTSB1-2-160-A-130526-10-S54MS835,5,5/13/2026,2620,2631,13/05/2026,31/07/2026,Classroom,IELTS 1.0,Wed Fri,16:30,
Sby Plaza,HF H1-2620 / H2-2630 (END 2638),Activated,HFV2H-2-160-A-120526-110-S56MS823,5,5/12/2026,2620,2638,12/05/2026,17/09/2026,Classroom,High Flyers 2.0,Tue Thu,16:30,
Sby Plaza,SS 3A-2619 / 3B-2636 (END 2651),Activated,SSV33-2-120-A-050526-97-S28MS651,5,5/5/2026,2619,2651,05/05/2026,17/12/2026,Classroom,Small Stars 3.0,Tue Thu,16:30,
Sby Plaza,SS 4A-2624 / 4B-2639 (END 2703),Activated,SSV34-2-120-A-130626-132-S19MS930,5,6/13/2026,2624,2703,13/06/2026,23/01/2027,Classroom,Small Stars 3.0,Sat,11:30,
Sby Plaza,FR 12A-2613/FR 12B-2625 (END 2636) *FR 2.0*,Activated,FRV212-1-120-A-280326-03-S36MS682,5,3/28/2026,2613,1636,28/03/2026,05/09/2026,Classroom,Frontrunner 2.0,Sat,13:45,
Sby Plaza,FR 13A-2611/ 13B-2624 (END 2635),Activated,FRV113-1-120-A-140326-09-S0MS330,5,3/14/2026,2611,2635,14/03/2026,29/08/2026,Classroom,Frontrunner 1.0,Sat,16:00,
Sby Plaza,[BNC] SS 3A-2629/3B-2644 (END 2706),Activated,SSV33-1-60-A-180726-01-S48MS147,6,7/18/2026,2629,2706,18/07/2026,16/10/2027,Classroom,Small Stars 3.0,Sat,11:30,
Sby Plaza,HF(4.0) 1A [T1-2630/T2-2639] END-2647,Activated,HFV41A-2-160-A-220726-02-S35MS764,6,7/22/2026,2630,2647,22/07/2026,25/11/2026,Classroom,High Flyers 4.0,Wed Fri,16:30,
Sby Plaza,FR 10A-2629 / 10B-2640 (END 2701) 2.0,Activated,FRV210-1-120-A-180726-06-S8MS52,6,7/18/2026,2629,2701,18/07/2026,02/01/2027,Classroom,Frontrunner 2.0,Sat,16:00,
Sby Plaza,TB 5A-2630/5B-2642 (END 2653),Activated,TBV35-1-120-A-250726-53-S5MS29,6,7/25/2026,2630,2653,25/07/2026,09/01/2027,Classroom,Trailblazers 3.0,Sat,13:45,
Sby Plaza,HF 1B (4.0) T1-2629/T2-2638 (END 2646),Activated,HFV41B-2-160-A-150726-01-S46MS56,6,7/15/2026,2629,2646,15/07/2026,18/11/2026,Classroom,High Flyers 4.0,Wed Fri,15:00,
Sby Plaza,FR 7A- 2628 / 7B-2636 (END 2645),Activated,FRV27-2-160-A-070726-22-S27MS737,6,7/7/2026,2628,2645,07/07/2026,10/11/2026,Classroom,Frontrunner 2.0,Tue Thu,18:10,
Sby Plaza,TB 2A-2627/2B-2639 (END 2650),Activated,TBV32-1-120-A-040726-40-S47MS102,6,7/4/2026,2627,2650,04/07/2026,19/12/2026,Classroom,Trailblazers 3.0,Sat,9:15,
Sby Plaza,Future Leaders 2A-2624 / 2B-2633 (END 2641),Activated,FLV12-2-160-A-090626-02-S11MS539,6,6/9/2026,2624,2633,09/06/2026,08/10/2026,Classroom,Future Leaders 1.0,Tue Thu,19:40,
Sby Plaza,HF F1-2616 / F2-2625 (END 2633) new,Activated,HFV2F-2-160-A-260526-160-S34MS541,6,5/26/2026,2624,2633,26/05/2026,13/08/2026,Classroom,High Flyers 2.0,Tue Thu,16:30,
Sby Plaza,HF F1-2624 / F2-2636 (END 2647),Activated,HFV2F-1-120-A-130626-34-S19MS527,6,6/13/2026,2624,2647,13/06/2026,28/11/2026,Classroom,High Flyers 2.0,Sat,9:15,
Sby Plaza,[FULL] SS 1A-2615 / 1B-2631 (END 2646),Activated,SSV31-2-120-A-070426-45-S38MS541,6,4/7/2026,2615,2646,07/04/2026,12/11/2026,Classroom,Small Stars 3.0,Tue Thu,16:30,
Sby Plaza,TB 8A-2629 / 7B-2641 (END 2701),Activated,TBV38-1-120-A-180726-34-S49MS311,7,7/18/2026,2629,2701,18/07/2026,02/01/2027,Classroom,Trailblazers 3.0,Sat,13:45,
Sby Plaza,HF H1-2625 / G2-2634 (END 2642) ADIN,Activated,HFV2H-2-160-A-170626-112-S57MS185,7,6/17/2026,2625,2642,17/06/2026,21/10/2026,Classroom,High Flyers 2.0,Wed Fri,18:10,
Sby Plaza,TB 6A-2624 / 6B-2633 (END 2642),Activated,TBV36-2-160-A-090626-114-S46MS86,7,6/9/2026,2624,2642,09/06/2026,08/10/2026,Classroom,Trailblazers 3.0,Tue Thu,16:30,
Sby Plaza,HF H1-2619 / H2-2629 (END 2637),Activated,HFV2H-2-160-A-050526-109-S13MS683,7,5/5/2026,2619,2636,05/05/2026,10/09/2026,Classroom,High Flyers 2.0,Tue Thu,18:10,
Sby Plaza,FR 9A-2617/ 9B-2626 (END 2634) (2.0),Activated,FRV29-2-160-A-220426-16-S47MS971,7,4/22/2026,2617,2634,22/04/2026,21/08/2026,Classroom,Frontrunner 2.0,Wed Fri,16:30,
Sby Plaza,HF C1-2615 / C2-2624 (END 2632) TISHA,Activated,HFV2C-2-160-A-070426-135-S47MS357,7,4/7/2026,2615,2632,07/04/2026,06/08/2026,Classroom,High Flyers 2.0,Tue Thu,15:00,
Sby Plaza,FR 10A-2614 / 10B-2624 (END 2632) *FR2.0*,Activated,FRV210-2-160-A-010426-11-S6MS648,7,4/1/2026,2614,2632,01/04/2026,07/08/2026,Classroom,Frontrunner 2.0,Wed Fri,18:10,
Sby Plaza,TB 4A-2620/ 4B-2629 (END 2637),Activated,TBV34-2-160-A-130526-139-S37MS717,7,5/13/2026,2620,2637,13/05/2026,11/09/2026,Classroom,Trailblazers 3.0,Wed Fri,18:10,
Sby Plaza,HF G1-2612 / G2-2623 (END 2631),Activated,HFV2G-2-160-A-180326-135-S56MS284,7,3/18/2026,2612,2631,18/03/2026,31/07/2026,Classroom,High Flyers 2.0,Wed Fri,15:00,
Sby Plaza,FR 5A-2611 / 5B-2624 (END 2635),Activated,FRV25-1-120-A-140326-03-S54MS529,7,3/14/2026,2611,2635,14/03/2026,29/08/2026,Classroom,Frontrunner 2.0,Sat,11:30,
Sby Plaza,TB 6A-2608 / 6B-2621 (END 2632) TISHA,Activated,TBV36-1-120-A-210226-28-S25MS398,7,2/21/2026,2608,2632,21/02/2026,08/08/2026,Classroom,Trailblazers 3.0,Sat,9:15,
Sby Plaza,SS 2A-2609 / 2B-2626 (END 2641),Activated,SSV32-2-120-A-250226-257-S32MS215,7,2/25/2026,2609,2641,25/02/2026,09/10/2026,Classroom,Small Stars 3.0,Wed Fri,18:10,
Sby Plaza,TB 7A 2624/ 6B 2633 (END 2641),Activated,TBV37-2-160-A-090626-100-S20MS823,8,6/9/2026,2624,2634,09/06/2026,08/10/2026,Classroom,Trailblazers 3.0,Tue Thu,18:10,
Sby Plaza,TB 3A-2627 / 3B-2636 (END 2644),Activated,TBV33-2-160-A-010726-181-S44MS612,8,7/1/2026,2627,2644,01/07/2026,30/10/2026,Classroom,Trailblazers 3.0,Wed Fri,16:30,
Sby Plaza,HF I1-2618/HF I2-2630 (END 2641),Activated,HFV2I-1-120-A-020526-13-S31MS827,8,5/2/2026,2618,2642,02/05/2026,10/10/2026,Classroom,High Flyers 2.0,Sat,13:45,
Sby Plaza,TB 5A-2614 / 5B-2626 (END 2637),Activated,TBV35-1-120-A-040426-50-S53MS412,8,4/4/2026,2614,2637,04/04/2026,12/09/2026,Classroom,Trailblazers 3.0,Sat,11:30,
Sby Plaza,FR 9A-2611 / 9B-2621 (END 2630) *FR2.0*,Activated,FRV29-2-160-A-110326-14-S51MS703,8,3/11/2026,2611,2630,11/03/2026,24/07/2026,Classroom,Frontrunner 2.0,Wed Fri,19:40,
Sby Plaza,FR 16A-2628 / 16B-2639 (END 2651) TISHA,Activated,FRV116-1-120-A-110726-04-S55MS7,9,7/11/2026,2628,2651,11/07/2026,19/12/2026,Classroom,Frontrunner 1.0,Sat,11:30,
Sby Plaza,HF G1-2628 / G2-2640 (END 2651) DITA,Activated,HFV2G-1-120-A-110726-129-S58MS596,9,7/11/2026,2628,2651,11/07/2026,26/12/2026,Classroom,High Flyers 2.0,Sat,11:30,
Sby Plaza,HF F1-2625 / F2- 2634 (END 2642),Activated,HFV2F-2-160-A-170626-159-S2MS575,9,6/17/2026,2625,2642,17/06/2026,21/10/2026,Classroom,High Flyers 2.0,Wed Fri,18:10,
Sby Plaza,HF E1-2621 / E2-2630 (END 2638),Activated,HFV2E-2-160-A-190526-146-S28MS967,9,5/19/2026,2621,2638,19/05/2026,17/09/2026,Classroom,High Flyers 2.0,Tue Thu,16:30,
Sby Plaza,FR 11A-2615 / 11B-2624 (END 2632) *FR2.0*,Activated,FRV211-2-160-A-070426-05-S6MS841,9,4/7/2026,2615,2632,07/04/2026,06/08/2026,Classroom,Frontrunner 2.0,Tue Thu,18:10,
Sby Plaza,FR 9A-2615 / 9B-2627 (END 2638) TISHA,Activated,FRV29-1-120-A-110426-07-S59MS251,9,4/11/2026,2615,2638,11/04/2026,19/09/2026,Classroom,Frontrunner 2.0,Sat,13:45,
Sby Plaza,[BRAND NEW] TB 1A - 2624/ 1B -2633 (END 2641),Activated,TBV31-2-160-A-100626-68-S13MS148,9,6/10/2026,2624,2641,10/06/2026,09/10/2026,Classroom,Trailblazers 3.0,Wed Fri,18:10,
Sby Plaza,FR 8A-2611 / 7B-2624 (END 2635) ADIN,Activated,FRV28-1-120-A-140326-03-S49MS34,9,3/14/2026,2611,2635,14/03/2026,29/08/2026,Classroom,Frontrunner 2.0,Sat,11:30,
Sby Plaza,FR 5A-2611 / 5B-2624 (END 2635),Activated,FRV25-1-120-A-140326-04-S42MS570,9,3/14/2026,2611,2635,14/03/2026,29/08/2026,Classroom,Frontrunner 2.0,Sat,13:45,
Sby Plaza,*BRAND NEW* FR 1A-2629 / 1B-2638 (END 2646),Activated,FRV22-2-160-A-140726-06-S24MS441,9,7/14/2026,2626,2643,14/07/2026,17/11/2026,Classroom,Frontrunner 2.0,Tue Thu,18:10,
Sby Plaza,TB 4A-2607 / 4B-2619 (END 2631),Activated,TBV34-1-120-A-140226-37-S7MS630,9,2/14/2026,2607,2630,14/02/2026,01/08/2026,Classroom,Trailblazers 3.0,Sat,16:00,
Sby Plaza,TB 5A-2606 / 5B-2619 (END 2630),Activated,TBV35-1-120-A-070226-49-S38MS747,9,2/7/2026,2606,2630,07/02/2026,25/07/2026,Classroom,Trailblazers 3.0,Sat,13:45,
Sby Plaza,SS 3A-2603 / 3B-2622 (END 2636),Activated,SSV33-2-120-A-280126-95-S18MS362,9,1/28/2026,2604,2636,28/01/2026,04/09/2026,Classroom,Small Stars 3.0,Wed Fri,16:30,
Sby Plaza,FR 10A - 2628/9B - 2637 (END 2645),Activated,FRV210-2-160-A-070726-12-S46MS512,10,7/7/2026,2629,2646,07/07/2026,10/11/2026,Classroom,Frontrunner 2.0,Tue Thu,16:30,
Sby Plaza,FR 10B-2624 (END 2635) *FR 2.0*,Activated,FRV210-1-120-A-130626-04-S33MS927,10,6/13/2026,2624,2635,13/06/2026,29/08/2026,Classroom,Frontrunner 2.0,Sat,13:45,
Sby Plaza,[FULL] SS 4A-2628 / SS 4B-2644 (END 2706),Activated,SSV34-2-120-A-070726-131-S57MS87,10,7/7/2026,2628,2706,07/07/2026,18/02/2027,Classroom,Small Stars 3.0,Tue Thu,16:30,
Sby Plaza,HF I1-2620 / I2-2632 (END 2643),Activated,HFV2I-1-120-A-160526-14-S32MS677,10,5/16/2026,2620,2643,16/05/2026,24/10/2026,Classroom,High Flyers 2.0,Sat,11:30,
Sby Plaza,FR 7A- 2620 / 7B-2629 (END 2637),Activated,FRV27-2-160-A-130526-21-S0MS462,10,5/13/2026,2620,2637,13/05/2026,11/09/2026,Classroom,Frontrunner 2.0,Wed Fri,16:30,
Sby Plaza,FR 9A-2619 / 9B-2628 (END 2636) (2.0),Activated,FRV29-2-160-A-060526-18-S49MS809,10,5/6/2026,2619,2636,06/05/2026,04/09/2026,Classroom,Frontrunner 2.0,Wed Fri,18:10,
Sby Plaza,FR 4A-2618/4B-2627 (END 2635),Activated,FRV24-2-160-A-290426-05-S48MS954,10,4/29/2026,2617,2635,29/04/2026,28/08/2026,Classroom,Frontrunner 2.0,Wed Fri,16:30,
Sby Plaza,HF E1-2615 / E2-2624 (END 2632),Activated,HFV2E-2-160-A-070426-145-S43MS439,10,4/7/2026,2615,2632,07/04/2026,06/08/2026,Classroom,High Flyers 2.0,Tue Thu,18:10,
Sby Plaza,HF H1-2623/ H2-2635 (END 2646),Activated,HFV2H-1-120-A-060626-22-S18MS277,11,6/6/2026,2623,2646,06/06/2026,14/11/2026,Classroom,High Flyers 2.0,Sat,13:45,
Sby Plaza,TB 5A-2617 / 5B-2626 (END 2634),Activated,TBV35-2-160-A-210426-116-S11MS149,11,4/21/2026,2617,2634,21/04/2026,20/08/2026,Classroom,Trailblazers 3.0,Tue Thu,18:10,
Sby Plaza,HF C1-2620 / C2-2630 (END 2638),Activated,HFV2C-2-160-A-120526-133-S52MS89,11,5/12/2026,2620,2638,12/05/2026,17/09/2026,Classroom,High Flyers 2.0,Tue Thu,16:30,
Sby Plaza,HF E1-2611 / E2-2624 (END 2635),Activated,HFV2E-1-120-A-140326-218-S0MS496,11,3/14/2026,2611,2635,14/03/2026,29/08/2026,Classroom,High Flyers 2.0,Sat,13:45,
Sby Plaza,TB 3A-2611 / 3B-2624 (END 2635),Activated,TBV33-1-120-A-140326-71-S28MS552,11,3/14/2026,2611,2635,14/03/2026,29/08/2026,Classroom,Trailblazers 3.0,Sat,11:30,
Sby Plaza,FR 3A-2621 / 3B - 2630 (END 2638) (2.0),Activated,FRV23-2-160-A-200526-13-S35MS868,12,5/20/2026,2621,2638,20/05/2026,18/09/2026,Classroom,Frontrunner 2.0,Wed Fri,18:10,
Sby Plaza,TB 3A - 2620 / 3B - 2629 (END 2637),Activated,TBV33-2-160-A-130526-180-S39MS467,12,5/13/2026,2620,2637,13/05/2026,11/09/2026,Classroom,Trailblazers 3.0,Wed Fri,19:40,
Sby Plaza,HF (4.0) 1B.1-2621-1B.2 2632 (END 2644),Activated,HFV41B-1-120-A-230526-01-S13MS382,12,5/23/2026,2621,2644,23/05/2026,07/11/2026,Classroom,High Flyers 4.0,Sat,11:30,
Sby Plaza,FR 13A - 2615/13B - 2624 (END 2632),Activated,FRV113-2-160-A-070426-28-S12MS721,13,4/7/2026,2615,2632,07/04/2026,06/08/2026,Classroom,Frontrunner 1.0,Tue Thu,16:30,
Sby Plaza,TB 3A-2623 / 3B-2634 (END 2645),Activated,TBV33-1-120-A-060626-72-S40MS653,14,6/6/2026,2623,2643,06/06/2026,14/11/2026,Classroom,Trailblazers 3.0,Sat,13:45,
Sby Plaza,[FULL] TB 2A-2628 / 2B-2640 (END 2651),Activated,TBV32-1-120-A-110726-39-S45MS323,16,7/11/2026,2628,2651,11/07/2026,26/12/2026,Classroom,Trailblazers 3.0,Sat,11:30,
Sby Jemursari,TB 5 SAT 14:00 / 2629 - 2652 (PTM 2640),Activated,TBV35-1-120-P-180726-51-S28MS484,8,7/18/2026,2629,2652,7/18/2026,12/26/2026,Classroom,Trailblazer 3.0,Sat,2:00:00 PM,
Sby Jemursari,BNC SS 1 WF 15:00 / 2611 - 2643 (PTM 2627),Activated,SSV31-2-120-A-110326-44-S35MS131,6,3/11/2026,2611,2643,3/11/2026,10/23/2026,Classroom,Small Stars 3.0,Wed Fri,3:00:00 PM,
Sby Jemursari,BNC TB 1 SAT 09:15 / 2629 - 2652 (PTM 2640),Activated,TBV31-1-120-A-180726-20-S57MS678,7,7/18/2026,2629,2652,7/18/2026,12/26/2026,Classroom,Trailblazer 3.0,Sat,9:15:00 AM,
Sby Jemursari,FR 10 (BOOK 2.0) TTH 16:30 / 2627-2644 (PTM 2635),Activated,FRV210-2-160-A-300626-10-S46MS401,12,6/30/2026,2627,2644,6/30/2026,10/29/2026,Classroom,Frontrunner 2.0,Tue Thu,4:30:00 PM,
Sby Jemursari,FR 11 (BOOK 2.0) TTH 19:40 / 2623 - 2640 (PTM 2631),Activated,FRV211-2-160-A-020626-07-S27MS415,6,6/2/2026,2623,2640,6/2/2026,10/6/2026,Classroom,Frontrunner 2.0,Tue Thu,7:40:00 PM,
Sby Jemursari,FR 13 (BOOK 1.0) WF 16:30 / 2625 - 2642 (PTM 2633),Activated,FRV113-2-160-A-170626-25-S23MS362,7,6/17/2026,2625,2642,6/17/2026,10/21/2026,Classroom,Frontrunner 1.0,Wed Fri,4:30:00 PM,
Sby Jemursari,FR 14 (BOOK 1.0) TTH 18:10 / 2628 - 2645 (PTM 2636),Activated,FRV114-2-160-A-070726-19-S50MS837,8,7/7/2026,2628,2645,7/7/2026,11/5/2026,Classroom,Frontrunner 1.0,Tue Thu,6:10:00 PM,
Sby Jemursari,FR 2 WF 19.40 BNC 2624 - 2641 (PTM 2632),Activated,FRV22-2-160-A-100626-04-S10MS346,8,6/10/2026,2624,2641,6/10/2026,10/9/2026,Classroom,Frontrunner 2.0,Wed Fri,7:40:00 PM,
Sby Jemursari,FR 6 (BOOK 2.0) WF 19:40 / 2626 - 2643 (PTM 2634),Activated,FRV26-2-160-A-240626-04-S7MS561,5,6/24/2026,2626,2643,6/24/2026,10/23/2026,Classroom,Frontrunner 2.0,Wed Fri,7:40:00 PM,
Sby Jemursari,FR 8 (BOOK 2.0) WF 19:40 / 2627 - 2644 (PTM 2635),Activated,FRV28-2-160-A-010726-04-S54MS175,14,7/1/2026,2627,2644,7/1/2026,10/30/2026,Classroom,Frontrunner 2.0,Wed Fri,7:40:00 PM,
Sby Jemursari,FR 9 (BOOK 2.0) TTH 19:40 / 2638 - 2645 (PTM 2636),Activated,FRV29-2-160-A-070726-13-S50MS994,7,7/7/2026,2638,2645,7/7/2026,11/5/2026,Classroom,Frontrunner 2.0,Tue Thu,7:40:00 PM,
Sby Jemursari,FR 9 (BOOK 2.0) WF 18:10 / 2619 - 2636 (PTM 2627),Activated,FRV29-2-160-A-060526-10-S31MS392,9,5/6/2026,2619,2636,5/6/2026,9/4/2026,Classroom,Frontrunner 2.0,Wed Fri,6:10:00 PM,
Sby Jemursari,FR 9 WF 18:10 / 2627 - 2644 (PTM 2535),Activated,FRV29-2-160-A-010726-11-S33MS418,7,7/1/2026,2627,2644,7/1/2026,10/30/2026,Classroom,Frontrunner 2.0,Wed Fri,6:10:00 PM,
Sby Jemursari,FR 13 (BOOK 1.0) WF 19:40 / 2631 - 2649 (PTM 2639),Pending,FRV113-2-160-P-280726-26-S36MS902,4,28/07/2026,2631,,,,Classroom,Frontrunner 1.0,Wed Fri,7:40:00 PM,
Sby Jemursari,HF 1A (4.0) TTH 16:30 / 2629 - 2646 (PTM 2637),Activated,HFV41A-2-160-A-140726-03-S31MS518,10,7/14/2026,2629,2646,7/14/2026,11/17/2026,Classroom,High Flyers 4.0,Tue Thu,4:30:00 PM,
Sby Jemursari,HF 1A TTH 18.10 / 2620 - 2638 (PTM 2630),Activated,HFV41A-2-160-A-120526-01-S22MS428,11,5/12/2026,2620,2638,5/12/2026,9/17/2026,Classroom,High Flyers 4.0,Tue Thu,6:10:00 PM,
Sby Jemursari,HF 1A WF 15:00 / 2629 - 2646 (PTM 2637),Activated,HFV41A-2-160-A-150726-05-S42MS717,9,7/15/2026,2629,2646,7/15/2026,11/18/2026,Classroom,High Flyers 4.0,Wed Fri,3:00:00 PM,
Sby Jemursari,HF 1B (4.0) SAT 09:15 / 2625 - 2648 (PTM 2636),Activated,HFV41B-1-120-A-200626-01-S13MS487,11,6/20/2026,2625,2648,6/20/2026,11/28/2026,Classroom,High Flyers 4.0,Sat,9:15:00 AM,
Sby Jemursari,HF 4.0 1A TT 15:00 / 2628 - 2645 (PTM 2636),Activated,HFV41A-2-160-A-070726-04-S21MS754,4,7/7/2026,2628,2645,7/7/2026,11/5/2026,Classroom,High Flyers 4.0,Tue Thu,3:00:00 PM,
Sby Jemursari,HF C SAT 11:30 / 2615 - 2638 (PTM 2626),Activated,HFV2C-1-120-A-110426-37-S50MS885,8,4/11/2026,2615,2638,4/11/2026,9/19/2026,Classroom,High Flyers 2.0,Sat,11:30:00 AM,
Sby Jemursari,HF E SAT 09:15 / 2625 - 2648 (PTM 2636)*,Activated,HFV2E-1-120-A-200626-34-S58MS631,7,6/20/2026,2625,2648,6/20/2026,11/28/2026,Classroom,High Flyers 2.0,Sat,9:15:00 AM,
Sby Jemursari,HF E SAT 14:00 / 2619 - 2642 (PTM 2630),Activated,HFV2E-1-120-A-090526-33-S24MS559,8,5/9/2026,2619,2642,5/9/2026,10/17/2026,Classroom,High Flyers 2.0,Sat,2:00:00 PM,
Sby Jemursari,HF E WF 16:30 / 2621 - 2638 (PTM 2629),Activated,HFV2E-2-160-A-200526-144-S13MS416,14,5/20/2026,2621,2638,5/20/2026,9/18/2026,Classroom,High Flyers 2.0,Wed Fri,4:30:00 PM,
Sby Jemursari,HF F WF 15:00 / 2621 - 2639 (PTM 2629),Activated,HFV2F-2-160-A-200526-155-S13MS801,4,5/20/2026,2621,2639,5/20/2026,9/23/2026,Classroom,High Flyers 2.0,Wed Fri,3:00:00 PM,
Sby Jemursari,HF G SAT 09:15 / 2622 - 2645 (PTM 2633),Activated,HFV2G-1-120-A-300526-25-S10MS860,11,5/30/2026,2622,2645,5/30/2026,11/7/2026,Classroom,High Flyers 2.0,Sat,9:15:00 AM,
Sby Jemursari,HF G SAT 09:15 / 2629 - 2652 (PTM 2640),Activated,HFV2G-1-120-A-180726-26-S55MS557,13,7/18/2026,2629,2652,7/18/2026,12/26/2026,Classroom,High Flyers 2.0,Sat,9:15:00 AM,
Sby Jemursari,HF G WF 18:10 / 2622 - 2639 (PTM 2630)*,Activated,HFV2G-2-160-A-270526-128-S35MS672,9,5/27/2026,2622,2639,5/27/2026,9/25/2026,Classroom,High Flyers 2.0,Wed Fri,6:10:00 PM,
Sby Jemursari,HF H TTH 18:10 / 2622 - 2639 (PTM 2630),Activated,HFV2H-2-160-A-260526-105-S8MS217,11,5/26/2026,2622,2640,5/26/2026,9/24/2026,Classroom,High Flyers 2.0,Tue Thu,6:10:00 PM,
Sby Jemursari,HF I SAT 14:00 / 2621 - 2644 (PTM 2632),Activated,HFV2I-1-120-A-230526-17-S25MS490,6,5/23/2026,2621,2644,5/23/2026,10/31/2026,Classroom,High Flyers 2.0,Sat,2:00:00 PM,
Sby Jemursari,HF I WF 16:30 / 2622 - 2639 (PTM 2630),Activated,HFV2I-2-160-A-270526-78-S44MS88,10,5/27/2026,2622,2639,5/27/2026,9/25/2026,Classroom,High Flyers 2.0,Wed Fri,4:30:00 PM,
Sby Jemursari,PE 1B (A1+) WF 19:40 / 2629 - 2646 (PTM 2637),Activated,PEV11B-2-160-A-150726-01-S3MS568,4,7/15/2026,2629,2646,7/15/2026,11/13/2026,Classroom,Pathfinder English 1.0,Wed Fri,7:40:00 PM,
Sby Jemursari,SS 2 BNC SAT 14:00 / 2617 - 2648 (PTM 2632),Activated,SSV32-2-120-A-250426-89-S25MS547,7,4/25/2026,2517,2636,4/25/2026,11/28/2026,Classroom,Small Stars 3.0,Sat,2:00:00 PM,
Sby Jemursari,SS 2 TTH 18:10 / 2609 - 2641 (PTM 2625) NEW ARTICLE,Activated,SSV32-2-120-A-240226-88-S3MS661,5,2/24/2026,2609,2642,2/24/2026,10/8/2026,Classroom,Small Stars 3.0,Tue Thu,6:10:00 PM,
Sby Jemursari,SS 2 WF 15:00 / 2620 - 2651 (PTM 2635),Activated,SSV32-2-120-A-130526-90-S9MS690,5,5/13/2026,2620,2651,5/13/2026,12/18/2026,Classroom,Small Stars 3.0,Wed Fri,3:00:00 PM,
Sby Jemursari,SS 3 BNC SAT 11:30 / 2608 - 2639 (PTM 2624),Activated,SSV33-2-120-A-210226-99-S43MS967,7,2/21/2026,2608,2639,2/21/2026,10/10/2026,Classroom,Small Stars 3.0,Sat,11:30:00 AM,
Sby Jemursari,SS 3 TTH 15:00 / 2623 - 2701 (PTM 2638),Activated,SSV33-2-120-A-020626-102-S17MS956,9,6/2/2026,2623,2701,6/2/2026,1/7/2027,Classroom,Small Stars 3.0,Tue Thu,3:00:00 PM,
Sby Jemursari,SS 3 WF 15:00 / 2610 - 2642 (PTM 2627),Activated,SSV33-2-120-A-040326-100-S26MS4,7,3/4/2026,2610,2642,3/4/2026,10/16/2026,Classroom,Small Stars 3.0,Wed Fri,3:00:00 PM,
Sby Jemursari,SS 3 WF 16:30 / 2620 - 2651 (PTM 2635),Activated,SSV33-2-120-A-130526-101-S17MS946,6,5/13/2026,2620,2651,5/13/2026,12/18/2026,Classroom,Small Stars 3.0,Wed Fri,4:30:00 PM,
Sby Jemursari,SS 4 SAT 11:30 / 2609 - 2641 (PTM 2625),Activated,SSV34-2-120-A-280226-133-S55MS914,8,2/28/2026,2609,2641,2/28/2026,10/10/2026,Classroom,Small Stars 3.0,Sat,11:30:00 AM,
Sby Jemursari,SS 4 TTH 15:00 / 2612 - 2643 (PTM 2628),Activated,SSV34-2-120-A-170326-136-S33MS465,4,3/17/2026,2612,2643,3/17/2026,10/29/2026,Classroom,Small Stars 3.0,Tue Thu,3:00:00 PM,
Sby Jemursari,SS 4 WF 16:30 / 2610 - 2642 (PTM 2627),Activated,SSV34-2-120-A-040326-134-S5MS810,7,3/4/2026,2610,2642,3/4/2026,10/16/2026,Classroom,Small Stars 3.0,Wed Fri,4:30:00 PM,
Sby Jemursari,TB 2 SAT 09:15 / 2615 - 2638 (PTM 2625),Activated,TBV32-1-120-A-110426-41-S45MS970,9,4/11/2026,2615,2638,4/11/2026,9/19/2026,Classroom,Trailblazer 3.0,Sat,9:15:00 AM,
Sby Jemursari,TB 2 TTH 16:30 / 2623 - 2640 (PTM 2631),Activated,TBV32-2-160-A-020626-91-S29MS786,14,6/2/2026,2623,2640,6/2/2026,10/1/2026,Classroom,Trailblazer 3.0,Tue Thu,4:30:00 PM,
Sby Jemursari,TB 3 SAT 11:30 / 2624 - 2647 (PTM 2635),Activated,TBV33-1-120-A-130626-41-S6MS943,5,6/13/2026,2624,2647,6/13/2026,11/21/2026,Classroom,Trailblazer 3.0,Sat,11:30:00 AM,
Sby Jemursari,TB 3 SAT 14:00 / 2614 - 2638 (PTM 2625),Activated,TBV33-1-120-A-040426-40-S30MS465,5,4/4/2026,2614,2638,4/4/2026,9/12/2026,Classroom,Trailblazer 3.0,Sat,2:00:00 PM,
Sby Jemursari,TB 3 SAT 14:00 / 2627 - 2651 (PTM 2640),Activated,TBV33-1-120-A-040726-42-S36MS230,9,7/4/2026,2627,2651,7/4/2026,12/19/2026,Classroom,Trailblazer 3.0,Sat,2:00:00 PM,
Sby Jemursari,TB 4 SAT 09:15 / 2628 - 2701 (PTM 2639),Activated,TBV32-1-120-A-110726-42-S40MS629,6,7/11/2026,2628,2701,7/11/2026,12/19/2026,Classroom,Trailblazer 3.0,Sat,9:15:00 AM,
Sby Jemursari,TB 4 WF 18:10 / 2614 - 2632 (PTM 2623),Activated,TBV34-2-160-A-010426-131-S5MS959,13,4/1/2026,2614,3632,4/1/2026,7/31/2026,Classroom,Trailblazer 3.0,Wed Fri,6:10:00 PM,
Sby Jemursari,TB 4 TTH 15:00 / 2633 - 2650 (PTM 2641),Pending,TBV34-2-160-P-110826-136-S52MS549,5,11/8/2026,2633,,,,Classroom,Trailblazer 3.0,Tue Thu,3:00:00 PM,
Sby Jemursari,TB 6 SAT 09:15 / 2617 - 2641 (PTM 2628),Activated,TBV36-1-120-A-250426-31-S21MS206,6,4/25/2026,2617,2641,4/25/2026,10/10/2026,Classroom,Trailblazer 3.0,Sat,9:15:00 AM,
Sby Jemursari,TB 6 SAT 09:15 / 2619 - 2642 (PTM 2630),Activated,TBV36-1-120-A-090526-33-S11MS88,12,5/9/2026,2619,2642,5/9/2026,10/17/2026,Classroom,Trailblazer 3.0,Sat,9:15:00 AM,
Sby Jemursari,TB 6 TTH 18:10 / 2622 - 2639 (PTM 2630),Activated,TBV36-2-160-A-260526-110-S30MS409,10,5/26/2026,2622,2639,5/26/2026,9/24/2026,Classroom,Trailblazer 3.0,Tue Thu,6:10:00 PM,
Sby Jemursari,TB 7 TTH 16:30 / 2622 - 2639 (PTM 2630),Activated,TBV37-2-160-A-260526-95-S2MS298,10,5/26/2026,2622,2639,5/26/2026,9/24/2026,Classroom,Trailblazer 3.0,Tue Thu,4:30:00 PM,
Sby Jemursari,TB 7 WF 18:10 / 2622 - 2639 (PTM 2630),Activated,TBV37-2-160-A-270526-94-S46MS871,7,5/27/2026,2622,2639,5/27/2026,9/25/2026,Classroom,Trailblazer 3.0,Wed Fri,6:10:00 PM,
Sby Jemursari,TB 7 WF 18:10 / 2633- 2650 (PTM 2641),Pending,TBV37-2-160-P-120826-97-S25MS370,12,12/8/2026,2633,,,,Classroom,Trailblazer 3.1,Wed Fri,7:10:00 PM,
Sby Jemursari,TB 8 SAT 09:15 / 2614 - 2637 (PTM 2625),Activated,TBV38-1-120-A-040426-29-S17MS78,8,4/4/2026,2614,2637,4/4/2026,9/12/2026,Classroom,Trailblazer 3.0,Sat,9:15:00 AM,
Sby Jemursari,TB 8 WF 18:10 / 2625 - 2642 (PTM 2633),Activated,TBV38-2-160-A-170626-128-S30MS277,7,6/17/2026,2625,2642,6/17/2026,10/16/2026,Classroom,Trailblazer 3.0,Wed Fri,6:10:00 PM,
Sby Jemursari,BNC FR 3 Sat 14:00 (EST AUG / SEP),Created,FRV23-1-120-C-290826-01-S0MS905,3,8/29/2026,2635,2652,,,Classroom,Frontrunner 2.0,Sat,2:00:00 PM,
Sby Jemursari,BNC HF 1A Sat 11:30 (EST 2632),Created,,4,8/1/2026,2631,,,,Classroom,High Flyers 4.0,Sat,11:30:00 AM,
Sby Jemursari,BNC HF 1A WF 16:30 (EST 2631),Created,HFV41A-2-160-C-050826-02-S58MS959,5,8/5/2026,2632,,,,Classroom,High Flyers 4.0,Wed Fri,4:30:00 PM,
Sby Jemursari,BNC IEP IELTS 1 TTh/WF 19:40,Created,IEV11-2-160-C-240626-07-S56MS35,1,6/24/2026,,,,,Classroom,IELTS 1.0,Tue Thu,7:40:00 PM,
Sby Jemursari,BNC SS 1 TTh 15:00 (EST AUG/SEP),Created,SSV31-2-120-C-180826-45-S3MS703,3,8/18/2026,2634,,,,Classroom,Small Stars 3.0,Tue Thu,3:00:00 PM,
Sby Jemursari,BNC SS 2 Sat 14:00 (EST AUG/SEP),Created,SSV32-1-60-C-290826-03-S14MS515,1,8/29/2026,2635,2652,,,Classroom,Small Stars 3.0,Sat,2:00:00 PM,
Sby Jemursari,BNC SS 2 TTH 15:00 (EST AUG),Created,SSV32-2-120-C-140726-91-S35MS773,4,7/14/2026,2629,,,,Classroom,Small Stars 3.0,Tue Thu,3:00:00 PM,
Sby Jemursari,BNC SS 2 WF 15:00 / 2644 - 2724 (PTM 2708),Created,SSV32-2-120-C-281026-92-S20MS841,6,10/28/2026,2644,2724,,,Classroom,Small Stars 3.0,Wed Fri,3:00:00 PM,
Sby Jemursari,BNC SS 4 WF 16:30 (EST AUG/SEP),Created,SSV34-2-120-C-220726-137-S43MS410,2,7/22/2026,2630,,,,Classroom,Small Stars 3.0,Wed Fri,4:30:00 PM,
Sby Jemursari,BNC TB 2 TTh 18:10 (EST AUG/SEP),Created,TBV32-2-160-C-110826-92-S50MS608,2,8/11/2026,2632,2701,,,Classroom,Trailblazer 3.0,Tue Thu,6:10:00 PM,
Sby Jemursari,FR 12 TTH 18:10 / 2635 - 2701 (PTM 2643) NEW ARTICLE,Created,FRV212-2-160-C-250826-07-S8MS154,6,8/25/2026,2635,2643,,,Classroom,Frontrunner 2.0,Tue Thu,6:10:00 PM,
Sby Jemursari,FR 13 SAT 11:30 / 2630 - 2702 (PTM 2641),Created,FRV113-1-120-C-250726-04-S11MS816,0,7/25/2026,2630,2702,,,Classroom,Frontrunner 1.0,Sat,11:30:00 AM,
Sby Jemursari,FR 6 TTH 19:40 / 2630 - 26 (PTM 26),Created,FRV26-2-160-C-210726-05-S34MS973,6,7/21/2026,2630,,,,Classroom,Frontrunner 2.0,Tue Thu,7:40:00 PM,
Sby Jemursari,FR 8 SAT 14:00 / 2634 - 2706 (PTM 2645),Created,FRV28-1-120-C-220826-02-S14MS371,10,8/22/2026,2634,2706,,,Classroom,Frontrunner 2.0,Sat,2:00:00 PM,
Sby Jemursari,FR 8 WF 15:00 / 2630 - 2647 (PTM 2638),Pending,FRV28-2-160-P-220726-05-S53MS385,3,7/22/2026,2630,2647,7/22/2026,11/20/2026,Classroom,Frontrunner 2.0,Wed Fri,3:00:00 PM,
Sby Jemursari,FR 9 TTH 16:30 / 2637 - 2703 (PTM 2645) NEW ARTICLE,Created,FRV29-2-160-C-080926-14-S4MS400,0,9/8/2026,2637,2703,,,Classroom,Frontrunner 2.0,Tue Thu,4:30:00 PM,
Sby Jemursari,FR 9 (BOOK 2.0) SAT 14:00 / 2634 - 2706 (PTM 2646),Pending,FRV29-1-120-P-220826-05-S26MS226,6,22/08/2026,,,,,Classroom,Frontrunner 2.0,Sat,2:00:00 PM,
Sby Jemursari,HF (4.0) 4A or (2.0) I SAT 11:30 / 2634 - 2706 (PTM 2645),Created,HFV2I-1-120-C-220826-18-S2MS168,8,8/22/2026,2634,2706,,,Classroom,High Flyers 4.0,Sat,11:30:00 AM,
Sby Jemursari,HF 2A SAT 11.30 / 2631 - 2702 (PTM 2642),Pending,HFV42A-1-120-P-010826-02-S18MS5,4,8/1/2026,,,8/1/2026,1/16/2027,Classroom,High Flyers 4.0,Sat,11:30:00 AM,
Sby Jemursari,HF 2A (4.0) 18:10 / 2632 - (PTM),Created,HFV42A-2-160-C-050826-02-S13MS865,12,8/5/2026,2632,,,,Classroom,High Flyers 4.0,Wed Fri,6:10:00 PM,
Sby Jemursari,HF 2A SAT 9:15 / 2631 - 26 (PTM 26),Created,HFV42A-1-120-C-010826-01-S13MS110,0,8/1/2026,2631,,,,Classroom,High Flyers 4.0,Sat,9:15:00 AM,
Sby Jemursari,HF (4.0) 2A or 2B TTH 18:10 / 2633 - (PTM ),Created,HFV42A-2-160-C-110826-01-S42MS796,10,8/11/2026,2633,,,,Classroom,High Flyers 4.0,Tue Thu,6:10:00 PM,
Sby Jemursari,HF (4.0) 2B or 3A TTH 16:30 / 2634 - (PTM ),Created,HFV42B-2-160-C-180826-01-S5MS244,12,8/18/2026,2634,,,,Classroom,High Flyers 4.0,Tue Thu,4:30:00 PM,
Sby Jemursari,HF C TTH 15:00 / 2627 - 2644 (PTM 2635),Created,HFV41B-2-160-C-300626-01-S9MS153,0,6/30/2026,2627,2644,,,Classroom,High Flyers 2.0,Tue Thu,3:00:00 PM,
Sby Jemursari,HF Foundation WF 16:30 STARTS 2630,Created,HFV4Foundation-2-120-C-220726-02-S1MS650,6,7/22/2026,2630,2647,,,Classroom,High Flyers 4.0,Wed Fri,4:30:00 PM,
Sby Jemursari,HF H SAT 14:00 / 2631 - 2703 (PTM 2642),Created,HFV2H-1-120-C-010826-20-S33MS431,9,8/1/2026,2631,2703,,,Classroom,High Flyers 2.0,Sat,2:00:00 PM,
Sby Jemursari,HF H TTH 16:30 / 2633 - 2650 (PTM 2641),Created,HFV2H-2-160-C-110826-106-S0MS83,14,8/11/2026,2633,2650,,,Classroom,High Flyers 2.0,Tue Thu,4:30:00 PM,
Sby Jemursari,SS 3 TTH 18:10 / 2637 - (PTM),Created,SSV33-2-120-C-080926-103-S55MS434,5,9/8/2026,2637,,,,Classroom,Small Stars 3.0,Tue Thu,6:10:00 PM,
Sby Jemursari,SS 3 TTH 18:10 / 2642 - 2722 (PTM 2706),Created,SSV33-2-120-C-131026-104-S0MS323,5,10/13/2026,2642,2722,,,Classroom,Small Stars 3.0,Tue Thu,6:10:00 PM,
Sby Jemursari,SS 4 TTH 15:00 / 2637 - (PTM),Created,SSV34-2-120-C-080926-138-S54MS843,7,9/8/2026,2637,,,,Classroom,Small Stars 3.0,Tue Thu,3:00:00 PM,
Sby Jemursari,SS 4 WF 15:00 / 2636 - (PTM),Created,SSV34-2-120-C-010926-139-S15MS916,6,9/1/2026,2636,,,,Classroom,Small Stars 3.0,Wed Fri,3:00:00 PM,
Sby Jemursari,TB 4 WF 16:30 / 2636 - (PTM ),Created,TBV34-2-160-C-020926-134-S14MS844,11,9/2/2026,2636,,,,Classroom,Trailblazer 3.0,Wed Fri,4:30:00 PM,
Sby Jemursari,TB 4 WF 18:10 / 2633 - (PTM ),Created,TBV34-2-160-C-120826-133-S47MS85,15,8/12/2026,,,,,Classroom,Trailblazer 3.0,Wed Fri,6:10:00 PM,
Sby Jemursari,TB 5 TTH 16:30 / 2632 - (PTM ),Created,TBV35-2-160-C-040826-113-S36MS775,10,8/4/2026,2632,,,,Classroom,Trailblazer 3.0,Tue Thu,4:30:00 PM,
Sby Jemursari,TB 5 WF 16:30 / 2636 - (PTM),Created,TBV35-2-160-C-020926-114-S13MS950,6,9/2/2026,2636,,,,Classroom,Trailblazer 3.0,Wed Fri,4:30:00 PM,
Sby Jemursari,BNC PE 3A (B1+) WF 19:40 (EST 2632),Created,,3,29-Jul-2026,2631,,,,Classroom,Pathfinder English 1.0,Wed Fri,,
Sby Jemursari,BNC HF Foundation SUN 10:00,Created,,0,12-06-2026,,,,,Classroom,High Flyers,Sun,10:00,
Gresik,SS1A 2624 /1B 2640 END 2703,Activated,SSV31-2-120-A-090626-44-S2MS8        ,6,09-06-2026,2624,2703,09-06-2026,21-07-2027,Classroom,Small Stars 3.0,Tue Thu,15:00,
Gresik,SS2A 2618 / 2B 2634 END 2649,Activated,SSV32-2-120-A-280426-94-S3MS979,5,28-04-2026,2618,2649,28-04-2026,12-03-2026,Classroom,Small Stars 3.0,Tue Thu,18:10,
Gresik,SS4A 2644 / 4B 2708 END 2724,Created,SSV34-2-120-C-271026-148-S34MS565,8,27-10-2026,2644,2724,27-10-2026,10-06-2027,Classroom,Small Stars 3.0,Tue Thu,15:00,
Gresik,SS2A 2636 / 2B 2652 END 2715,Created,SSV32-2-120-C-010926-97-S38MS71,0,01-09-2026,2636,2715,01-09-2026,15-04-2027,Classroom,Small Stars 3.0,Tue Thu,15:00,
Gresik,SS1A 2636 / 1B 2652 END 2715,Created,SSV31-2-120-P-020926-46-S54MS552,0,02-09-2026,2636,2715,02-09-2026,16-04-2027,Classroom,Small Stars 3.0,Wed Fri,15:00,
Gresik,SS2A 2633 / 2B 2649 END 2713,Created,SSV32-2-120-C-120826-96-S8MS492,3,12-08-2026,2633,2713,12-08-2026,26-03-2027,Classroom,Small Stars 3.0,Wed Fri,15:00,
Gresik,SS2A 2621 / 2B 2637 END 2702,Activated,SSV32-2-120-A-200526-95-S2MS172,8,20-05-2026,2621,2702,20-05-2026,08-01-2027,Classroom,Small Stars 3.0,Wed Fri,15:00,
Gresik,SS4A 2629 / 4B 2645 END 2709,Activated,SSV34-2-120-A-150726-147-S17MS50,9,15-07-2026,2629,2709,15-07-2026,26-02-2027,Classroom,Small Stars 3.0,Wed Fri,15:00,
Gresik,SS1A 2619 / 1B 2635 END 2650,Activated,SSV31-2-120-A-090526-45-S42MS320,6,09-05-2026,2619,2650,09-05-2026,12-12-2026,Classroom,Small Stars 3.0,Sat,12:00,
Gresik,HF4.0 Foundation 2632 / 2644 END 2704,Created,HFV4Foundation-1-120-P-080826-01-S56MS455,4,08-08-2026,2632,2704,08-08-2026,23-01-2027,Classroom,High Flyers 4.0,Sat,7:20,
Gresik,HFH1 2629 / H2 2641 END 2701,Activated,HFV2H-1-120-A-180726-15-S41MS978,6,18-07-2026,2629,2701,18-07-2026,02-01-2027,Classroom,High Flyers 2.0,Sat,12:00,
Gresik,HF4.0 1A 2636 - 2705,Created,HFV41A-1-120-C-050926-01-S15MS418,0,05-09-2026,2636,2705,05-09-2026,30-01-2027,Classroom,High Flyers 4.0,Sat,9:30,
Gresik,HF4.0 1A 2636 - 2705,Created,HFV41A-1-120-C-050926-02-S19MS728,0,31-08-2026,2636,2705,31-08-2026,01-02-2027,Classroom,High Flyers 4.0,Mon,15:30,
Gresik,HF4.0 2A 2630 - 2651,Created,HFV42A-1-120-P-250726-01-S14MS675,9,25-07-2026,2630,2651,25-07-2026,09-01-2027,Classroom,High Flyers 2.0,Sat,12:00,
Gresik,TB1A 2629 / 1B 2638 END 2646,Activated,TBV31-2-160-A-150726-69-S43MS259,13,15-07-2026,2629,2646,15-07-2026,13-11-2026,Classroom,Trailblazer 3.0,Wed Fri,18:10,
Gresik,TB1A 2619 / 1B 2631 END 2642,Activated,TBV31-1-120-A-090526-11-S0MS535,11,09-05-2026,2619,2642,09-05-2026,17-10-2026,Classroom,Trailblazer 3.0,Sat,9:30,
Gresik,TB2A 2611 / 2B 2624 END 2635,Activated,TBV32-1-120-A-140326-35-S26MS415,4,14-03-2026,2611,2635,14-03-2026,29-08-2026,Classroom,Trailblazer 3.0,Sat,14:15,
Gresik,TB3A 2636 / 3B 2648 END 2707,Created,TBV33-1-120-C-050926-33-S19MS568,5,05-09-2026,2636,2707,05-09-2026,08-02-2026,Classroom,Trailblazer 3.0,Sat,14:15,
Gresik,FR1A 2632 / 1B 2641 END 2649,Created,FRV21-2-160-P-050826-03-S32MS55,4,05-08-2026,2632,2649,05-08-2026,04-12-2026,Classroom,Frontrunner 2.0,Wed Fri,18:10,
Gresik,FR5A 2633 / 4B 2650 END 2715,Created,FRV25-2-160-C-120826-04-S35MS537,10,12-08-2026,2633,2715,12-08-2026,07-04-2027,Classroom,Frontrunner 2.0,Wed Fri,19:40,
Gresik,IELTS 1B 2628 - 2642,Activated,IEV11-2-160-A-070726-09-S41MS370,2,07-07-2026,2628,2636,07-07-2026,15-10-2026,Classroom,IELTS 1.0,Tue Thu,18:10,
Gresik,FR4A 2626 / 4B 2635 END 2643,Activated,FRV24-2-160-A-240626-04-S39MS990,4,24-06-2026,2626,2643,24-06-2026,23-10-2026,Classroom,Frontrunner 2.0,Wed Fri,19:40,
Sby Galaxy Mall,HF 1B WF 15:00 2630 - 2647 (PTM 2638),Pending,HFV41B-2-160-P-220726-02-S44MS747,10,7/22/2026,2630,2647,7/22/2026,11/20/2026,Classroom,High Flyers 4.0,Wed Fri,15:00,
Sby Galaxy Mall,SS 2 WF 15:00 2646- 2726 (PTM 2710),Created,SSV32-2-120-C-111126-112-S7MS316,8,11/11/2026,2646,2726,,,Classroom,Small Stars 3.0,Wed Fri,15:00,
Sby Galaxy Mall,SS 3 Sun 12:30 2633 - 2713 (PTM 2648),Created,SSV33-2-120-C-160826-123-S54MS479,5,8/16/2026,2633,2713,,,Classroom,Small Stars 3.0,Sun,12:30,
Sby Galaxy Mall,HF 1A Sun 10:00 2636 - 2707 (PTM 2646),Created,HFV41A-1-120-C-300826-01-S29MS77,12,8/30/2026,2636,2707,,,Classroom,High Flyers 4.0,Sun,10:00,
Sby Galaxy Mall,FR 4 Sun 15:00 2634 - 2706 (PTM 2645),Created,FRV24-1-120-C-230826-02-S5MS392,7,8/23/2026,2634,2706,,,Classroom,Frontrunner 2.0,Sun,15:00,
Sby Galaxy Mall,HF I Sat 10:00  2639 - 2711 (PTM 2650),Created,HFV2I-1-120-C-260926-21-S45MS909,8,9/26/2026,2639,2711,,,Classroom,High Flyers 2.0,Sat,10:00,
Sby Galaxy Mall,TB 7 Sat 10:00 2631 - 2703 (PTM 2642),Created,TBV37-1-120-C-010826-36-S7MS117,13,8/1/2026,2631,2703,,,Classroom,Trailblazer 3.0,Sat,10:00,
Sby Galaxy Mall,HF I WF 18:10 2630 - 2647 (PTM 2638),Pending,HFV2I-2-160-P-220726-95-S19MS475,9,7/22/2026,2630,2647,7/22/2026,11/25/2026,Classroom,High Flyers 2.0,Wed Fri,18:10,
Sby Galaxy Mall,HF 1A TTh 15:00  2630 - 2648 (PTM 2641),Pending,HFV41A-2-160-P-210726-02-S48MS526,7,7/21/2026,2630,2648,7/21/2026,11/19/2026,Classroom,High Flyers 4.0,Tue Thu,15:00,
Sby Galaxy Mall,SS 1 WF 15:00 2630 - 2713 (PTM 2643),Created,SSV31-2-120-C-220726-69-S3MS198,6,7/22/2026,2630,2713,,,Classroom,High Flyers 2.0,Wed Fri,15:00,
Sby Galaxy Mall,HF H TTh 15:00 2633 - 2704 (PTM 2641),Pending,HFV2H-2-160-P-110826-118-S30MS757,5,8/11/2026,2633,2704,8/11/2026,12/10/2026,Classroom,High Flyers 2.0,Tue Thu,15:00,
Sby Galaxy Mall,HF J WF 16:30 2630 - 2648 (PTM 2638),Pending,HFV2J-2-160-P-220726-93-S5MS979,10,7/22/2026,2630,2648,7/22/2026,11/20/2026,Classroom,High Flyers 2.0,Wed Fri,16:30,
Sby Galaxy Mall,TB 1 WF 19:40 2632 - 2650 (PTM 2641),Created,TBV31-2-160-C-050826-62-S59MS652,3,8/5/2026,2632,2650,,,Classroom,Trailblazer 3.0,Wed Fri,19:40,
Sby Galaxy Mall,SS 2 TTh 13:30 2638 - 2719 (PTM 2702),Pending,SSV32-2-120-P-150926-114-S22MS451,9,9/15/2026,2638,2719,9/15/2026,4/29/2027,Classroom,Small Stars 3.0,Tue Thu,13:30,
Sby Galaxy Mall,FR 13 WF 16:30 2630 - 2647 (PTM 2638),Pending,FRV113-2-160-P-220726-27-S32MS30,1,7/22/2026,2630,2647,7/22/2026,11/20/2026,Classroom,Frontrunner 1.0,Wed Fri,16:30,
Sby Galaxy Mall,TB 4 WF 15:00 2633 - 2650 (PTM 2641),Pending,TBV34-2-160-P-120826-132-S1MS766,8,8/12/2026,2633,2650,8/12/2026,12/11/2026,Classroom,Trailblazer 3.0,Wed Fri,15:00,
Sby Galaxy Mall,FR 16 TTh 16:30 2634 - 2651 (PTM 2642),Pending,FRV116-2-160-P-180826-17-S31MS449,3,8/18/2026,2634,2651,8/18/2026,12/17/2026,Classroom,Frontrunner 1.0,Tue Thu,16:30,
Sby Galaxy Mall,FR 14 TTh 16:30 2638 - 2703 (PTM 2646),Pending,FRV114-2-160-P-150926-23-S1MS249,5,9/15/2026,2638,2703,9/15/2026,1/14/2027,Classroom,Frontrunner 1.0,Tue Thu,16:30,
Sby Galaxy Mall,HF 2B TTh 15:00 2638 - 2703 (PTM 2646),Pending,HFV2F-2-160-P-150926-166-S58MS950,7,9/15/2026,2638,2703,9/15/2026,1/14/2027,Classroom,High Flyers 4.0,Tue Thu,15:00,
Sby Galaxy Mall,FR 15 TTh 18:10 2640 - 2705 (PTM 2648),Pending,FRV115-2-160-P-290926-17-S10MS495,8,9/29/2026,2640,2705,9/29/2026,1/28/2027,Classroom,Frontrunner 1.0,Tue Thu,18:10,
Sby Galaxy Mall,HF H WF 16:30 2630 - 2647 (PTM 2638),Pending,HFV2H-2-160-P-220726-120-S26MS617,6,7/22/2026,2630,2647,7/22/2026,11/25/2026,Classroom,High Flyers 2.0,Wed Fri,16:30,
Sby Galaxy Mall,TB 5 Sat 10:00 2631 - 2703 (PTM 2642),Pending,TBV35-1-120-P-010826-53-S6MS140,11,8/1/2026,2631,2703,8/1/2026,1/16/2027,Classroom,Trailblazer 3.0,Sat,10:00,
Sby Galaxy Mall,SS 3 WF 16:30 2642 - 2713 (PTM 2701),Created,SSV33-2-120-C-141026-127-S17MS665,8,10/14/2026,2642,2713,,,Classroom,Small Stars 3.0,Wed Fri,16:30,
Sby Galaxy Mall,FR 9 WF 18:10 2633 - 2650 (PTM 2641),Pending,FRV29-2-160-P-120826-17-S37MS813,11,8/12/2026,2633,2650,8/12/2026,12/16/2026,Classroom,Frontrunner 2.0,Wed Fri,18:10,
Sby Galaxy Mall,HF 2B WF 18:10 2630 - 2647 (PTM 2638),Pending,HFV42B-2-160-P-220726-01-S44MS405,12,7/22/2026,2630,2647,7/22/2026,11/25/2026,Classroom,High Flyers 4.0,Wed Fri,18:10,
Sby Galaxy Mall,TB 5 Sat 15:00 2631 - 2703 (PTM 2642),Pending,TBV35-1-120-P-010826-01-S12MS960,10,8/1/2026,2631,2703,8/1/2026,1/16/2027,Classroom,Trailblazer 3.0,Sat,15:00,
Sby Galaxy Mall,TB 4 TTh 16:30 2632 - 2649 (PTM 2640),Pending,TBV34-2-160-P-040826-134-S48MS853,8,8/4/2026,2632,2649,8/4/2026,12/8/2026,Classroom,Trailblazer 3.0,Tue Thu,16:30,
Sby Galaxy Mall,HF I TTh 15:00 2633 - 2650 (PTM 2641),Pending,HFV2I-2-160-P-110826-97-S47MS752,5,8/11/2026,2633,2650,8/11/2026,12/15/2026,Classroom,High Flyers 2.0,Tue Thu,15:00,
Sby Galaxy Mall,TB 4 TTh 18:10 2634 - 2651 (PTM 2642),Pending,TBV34-2-160-P-180826-135-S44MS251,13,8/18/2026,2634,2651,8/18/2026,12/22/2026,Classroom,Trailblazer 3.0,Tue Thu,18:10,
Sby Galaxy Mall,FR 13 TTh 18:10 2634 -  2651 (PTM 2642),Pending,FRV113-2-160-P-180826-29-S36MS622,0,8/18/2026,2634,2651,8/18/2026,12/22/2026,Classroom,Frontrunner 1.0,Tue Thu,18:10,
Sby Galaxy Mall,TB 3 TTh 16:30 2632 - 2649 (PTM 2640),Pending,TBV31-2-160-P-040826-63-S58MS872,7,8/4/2026,2632,2649,8/4/2026,12/8/2026,Classroom,Trailblazer 3.0,Tue Thu,16:30,
Sby Pakuwon Mall,SS 2A-2631 / 2B-2647 END-2711,Created,SSV32-2-120-C-280726-108-S35MS253,5,7/28/2026,2631,2711,,,Classroom,Small Stars 3.0,Tue Thu,16:30,
Sby Pakuwon Mall,HF 1A1-2630 / 1A2-2641 END-2701,Created,HFV41A-1-120-C-260726-01-S36MS347,6,7/26/2026,2630,2701,,,Classroom,High Flyers 4.0,Sun,12:30,
Sby Pakuwon Mall,SS 2A-2633/ 2B-2649 END-2713,Created,SSV32-2-120-C-120826-112-S53MS788,2,8/12/2026,2633,2713,,,Classroom,Small Stars 3.0,Wed Fri,16:30,
Sby Pakuwon Mall,TB 3A-2635 / 3B-2647 END-2707,Created,TBV33-1-120-C-300826-51-S28MS944,11,8/30/2026,2635,2707,,,Classroom,Trailblazers 3.0,Sun,10:00,
Sby Pakuwon Mall,FR 12A-2630 / 11B-2639 END-2647,Created,FRV212-2-160-C-220726-04-S18MS414,6,7/22/2026,2630,2647,,,Classroom,Frontrunner 2.0,Wed Fri,16:30,
Sby Pakuwon Mall,SS 4A-2631 / 4B-2647 END-2710,Created,SSV34-2-120-C-290726-162-S7MS299,7,7/29/2026,2631,2710,,,Classroom,Small Stars 3.0,Wed Fri,18:10,
Sby Pakuwon Mall,TB 2A-2630 / 2B-2639 END-2647,Created,TBV32-2-160-C-210726-81-S23MS865,7,7/21/2026,2630,2647,,,Classroom,Trailblazers 3.0,Tue Thu,18:10,
Sby Pakuwon Mall,FR 8A-2630 / 8B-2642 END-2653,Created,FRV28-1-120-C-250726-04-S33MS934,13,7/25/2026,2630,2653,,,Classroom,Frontrunner 2.0,Sat,14:00,
Sby Pakuwon Mall,TB 4A-2631 / 4B-2643 END-2701,Created,TBV34-1-120-C-010826-46-S42MS119,7,8/1/2026,2631,2643,,,Classroom,Trailblazers 3.0,Sat,9:15,
Sby Pakuwon Mall,HF H1-2632 / H2-2644 END-2702,Created,HFV2H-1-120-C-090826-28-S17MS76,7,8/9/2026,2632,2702,,,Classroom,High Flyers 2.0,Sun,12:30,
Sby Pakuwon Mall,TB 7A-2632 / 7B-2644 END-2704,Created,TBV37-1-120-C-080826-39-S44MS940,6,8/8/2026,2632,2704,,,Classroom,Trailblazers 3.0,Sat,11:30,
Sby Pakuwon Mall,FR 10A-2630 / 10B-2642 END-2702,Created,FRV210-1-120-C-250726-06-S54MS731,9,7/25/2026,2630,2702,,,Classroom,Frontrunner 2.0,Sat,14:00,
Sby Pakuwon Mall,FR 4A-2631/ 4B-2640 /END-2648,Created,FRV24-2-240-C-280726-01-S32MS749,5,7/28/2026,2631,2648,,,Classroom,Frontrunner 2.0,Tue Thu,18:10,
Sby Pakuwon Mall,TB 7A-2632 / 7B-2641 END-2649,Created,TBV37-2-160-C-040826-92-S1MS308,10,8/4/2026,2632,2649,,,Classroom,Trailblazers 3.0,Tue Thu,18:10,
Sby Pakuwon Mall,HF 2A1-2632 / 2A2-2641 END-2649,Created,HFV2F-2-160-C-050826-158-S32MS85,7,8/5/2026,2632,2649,,,Classroom,High Flyers 2.0,Wed Fri,18:10,
Sby Pakuwon Mall,FR 11A-2630 / 11B-2642 END-2702,Created,FRV211-1-120-C-250726-04-S12MS900,3,7/25/2026,2630,2702,,,Classroom,Frontrunner 2.0,Sat,16:15,
Sby Pakuwon Mall,HF I1-2632 / I2-2641 END-2649,Created,HFV2I-2-160-C-040826-85-S33MS623,10,8/4/2026,2632,2649,,,Classroom,High Flyers 2.0,Tue Thu,16:30,
Sby Pakuwon Mall,SS 1A-2630 / 1B-2646 END-2709,Created,SSV31-2-120-C-210726-76-S51MS817,4,7/21/2026,2630,2709,,,Classroom,Small Stars 3.0,Tue Thu,15:00,
Sby Pakuwon Mall,FR 10A-2635 / 10B-2644 END-2653,Created,FRV210-2-160-C-250826-13-S10MS339,8,8/25/2026,2635,2653,,,Classroom,Frontrunner 2.0,Tue Thu,16:30,
Sby Pakuwon Mall,HF 1A1-2635 / 1A2-2644 END-2652,Created,HFV41A-2-160-C-260826-01-S19MS939,2,8/26/2026,2635,2652,,,Classroom,High Flyers 4.0,Wed Fri,18:10,
Sby Pakuwon Mall,HF Foundation 1-2630 / Foundation 2-2642 END-2701,Created,HFV4Foundation-2-120-C-210726-02-S42MS622,9,7/21/2026,2630,2701,,,Classroom,High Flyers 4.0,Tue Thu,15:00,
Sby Pakuwon Mall,HF Foundation 1-2630 / Foundation 2-2642 END-2701,Created,HFV4Foundation-1-120-C-250726-02-S11MS979,9,7/25/2026,2630,2701,,,Classroom,High Flyers 4.0,Sat,14:00,
Sby Pakuwon Mall,TB 4A-2635 / 4B-2647 END-2706,Created,TBV34-1-120-C-290826-47-S50MS172,15,8/29/2026,2635,2706,,,Classroom,Trailblazers 3.0,Sat,11:30,
Sby Pakuwon Mall,SS 4A-2635 / 4B-2650 END-2715,Created,SSV34-1-60-C-300826-05-S20MS701,5,8/30/2026,2635,2715,,,Classroom,Small Stars 3.0,Sun,10:00,
Sby Pakuwon Mall,TB 4A-2632 / 4B-2644 END-2704,Created,TBV34-1-120-C-080826-48-S42MS642,13,8/8/2026,2632,2704,,,Classroom,Trailblazers 3.0,Sat,16:15,
Sby Pakuwon Mall,HF 3A1-2634 / 3A2-2643 END-2651,Created,HFV43A-2-160-C-190826-01-S10MS970,15,8/19/2026,2634,2651,,,Classroom,High Flyers 4.0,Wed Fri,15:00,
Sby Pakuwon Mall,HF 3A1-2633 / 3B2-2645 END-2705 (1),Created,HFV43A-1-120-C-150826-01-S38MS799,10,8/15/2026,2633,2705,,,Classroom,High Flyers 4.0,Sat,11:30,
Sby Pakuwon Mall,FR 11A-2635 / 11B-2644 END-2701,Created,FRV211-2-160-C-250826-10-S44MS160,8,8/25/2026,2635,2701,,,Classroom,Frontrunner 2.0,Tue Thu,18:10,
Sby Pakuwon Mall,TB 3A-2635 / 2B-2647 END-2607,Created,TBV33-1-120-C-300826-52-S25MS782,9,8/30/2026,2645,2707,,,Classroom,Trailblazers 3.0,Sun,10:00,
Sby Pakuwon Mall,TB 5A-2634 / 5B-2646 END-2706,Created,TBV35-1-120-C-230826-57-S5MS914,6,8/23/2026,2634,2706,,,Classroom,Trailblazers 3.0,Sun,12:30,
Sby Pakuwon Mall,HF 3A1-2634 / 3A2-2646 END-2706,Created,HFV43A-1-120-C-230826-02-S46MS550,8,8/23/2026,2634,2706,,,Classroom,High Flyers 4.0,Sun,12:30,
Sby Pakuwon Mall,HF H1-2636 / H2-2648 END-2709,Created,HFV2H-1-120-C-050926-30-S29MS924,10,9/5/2026,2636,2709,,,Classroom,High Flyers 2.0,Sat,9:15,
Sby Pakuwon Mall,SS 4A-2637 / 4B-2702 END-2717,Created,SSV34-2-120-C-080926-165-S19MS110,9,9/8/2026,2637,2717,,,Classroom,Small Stars 3.0,Tue Thu,15:00,
Sby Pakuwon Mall,HF Foundation1-2633 / Foundation2-2645 END-2705,Created,HFV4Foundation-1-120-C-150826-04-S12MS381,6,8/15/2026,2633,2705,,,Classroom,High Flyers 4.0,Sat,11:30,
Sby Pakuwon Mall,HF 1A1-2635 / 1A2-2644 END-2652,Created,HFV41A-2-160-C-260826-02-S5MS822,1,8/26/2026,2635,2652,,,Classroom,High Flyers 4.0,Wed Fri,15:00,
Sby Pakuwon Mall,SS 1A-2631 / 1B-2647 END-2710,Created,SSV31-1-60-C-010826-06-S20MS237,1,8/1/2026,2631,2710,,,Classroom,Small Stars 3.0,Sat,14:00,
Sby Pakuwon Mall,HF 2A1-2633 / 2A2-2642 END 2650,Created,HFV42A-2-160-C-120826-02-S56MS78,9,8/12/2026,2633,2650,,,Classroom,High Flyers 4.0,Wed Fri,16:30,
Sby Pakuwon Mall,TB 7A-2633 / 7B-2642 END-2650,Created,TBV37-2-160-C-110826-94-S43MS623,12,8/11/2026,2633,2650,,,Classroom,Trailblazers 3.0,Tue Thu,16:30,
Sby Pakuwon Mall,HF I1-2634 / I2-2643 END-2651,Created,HFV2I-2-160-C-190826-86-S19MS259,6,8/19/2026,2634,2651,,,Classroom,High Flyers 2.0,Wed Fri,16:30,
Sby Pakuwon Mall,FR 9A-2635 / 9B-2644 END-2701,Created,FRV29-2-160-C-260826-12-S13MS359,11,8/26/2026,2635,2701,,,Classroom,Frontrunner 2.0,Wed Fri,18:10,
Sby Pakuwon Mall,HF 1B1-2631 / 1B2-2643 END-2704,Created,HFV41B-1-120-C-010826-02-S45MS645,14,8/1/2026,2631,2704,,,Classroom,High Flyers 4.0,Sat,11:30,
Sby Pakuwon Mall,FR 9A-2633 / 9B-2642 END-2650,Created,FRV29-2-160-C-120826-13-S15MS869,13,8/12/2026,2633,2650,,,Classroom,Frontrunner 2.0,Wed Fri,18:10,
Sby Pakuwon Mall,FR 6A-2635 / 6B-2644 END-2702,Created,FRV26-2-160-C-260826-02-S49MS468,12,8/26/2026,2635,2702,,,Classroom,Frontrunner 2.0,Tue Thu,18:10,
Sby Pakuwon Mall,FR 12A-2635 / 12B-2644 END-2702,Created,FRV212-2-160-C-260826-06-S14MS820,5,8/26/2026,2635,2702,,,Classroom,Frontrunner 2.0,Tue Thu,18:10,
Sby Pakuwon Mall,HF 2B1-2636 / 2B2-2648 END-2709,Created,HFV42B-2-240-C-050926-01-S39MS54,12,9/5/2026,2636,2709,,,Classroom,High Flyers 4.0,Tue Thu,15:00,
Sby Pakuwon Mall,HF 3A1-2633 / 3B2-2645 END-2705 (2) (LOW),Created,HFV2G-1-120-C-150826-40-S0MS68,12,8/15/2026,2633,2705,,,Classroom,High Flyers 2.0,Sat,11:30,
Sby Pakuwon Mall,FR 1A-2636 / 1B-2645 END-2701,Created,FRV21-2-160-C-010926-04-S56MS871,0,9/1/2026,2636,2701,,,Classroom,Frontrunner 2.0,Tue Thu,18:10,
Sby Pakuwon Mall,TB 1A-2636 / 1B-2645 END-2702,Created,TBV31-2-160-C-010926-66-S51MS644,0,9/1/2026,2636,2702,,,Classroom,Trailblazers 3.0,Tue Thu,18:10,
Sby Pakuwon Mall,FR 1A-2635 / 1B-2647 END-2706,Created,FRV21-1-120-C-300826-02-S14MS363,0,8/30/2026,2635,2706,,,Classroom,Frontrunner 2.0,Sun,14:45,
Sby Pakuwon Mall,IELTS 1A-2636 / 1B-2648 END-2707,Created,IEV11-2-160-C-020926-04-S55MS59,0,9/2/2026,2636,2707,,,Classroom,IELTS 1.0,Wed Fri,18:10,
Sby Pakuwon Mall,TB 2A-2637 / 2B-2646 END-2703,Created,TBV32-2-160-C-090926-82-S6MS880,11,9/9/2026,2637,2703,,,Classroom,Trailblazers 3.0,Wed Fri,18:10,
Sby Pakuwon Mall,TB 2A-2636 / 2B-2645 END-2701,Created,TBV32-2-160-C-270826-83-S8MS56,0,8/27/2026,2636,2701,,,Classroom,Trailblazers 3.0,Tue Thu,16:30,
Sby Pakuwon Mall,SS 3A-2635 / 3B-2651 END-2714,Created,SSV33-2-120-C-260826-141-S41MS795,0,8/26/2026,2635,2714,,,Classroom,Small Stars 3.0,Wed Fri,15:00,
Sby Pakuwon Mall,SS 3A-2635 / 3B-2651 END-2714,Created,SSV33-2-120-C-300826-142-S8MS449,0,8/30/2026,2635,2714,,,Classroom,Small Stars 3.0,Sun,12:30,
Sby Pakuwon Mall,TB 1A-2635 / 1B-2647 END-2706,Created,TBV31-1-120-C-300826-20-S20MS160,0,8/30/2026,2635,2706,,,Classroom,Trailblazers 3.0,Sun,14:45,
Sby Pakuwon Mall,SS 2A-2613 / 2B-2629 END-2644,Activated,SSV32-2-120-A-280326-109-S28MS493,5,3/28/2026,2613,2644,28/03/2026,31/10/2026,Classroom,Small Stars 3.0,Sat,9:15,
Sby Pakuwon Mall,SS 3A-2617 / 3B-2633 END-2648,Activated,SSV33-2-120-A-210426-136-S55MS14,10,4/21/2026,2617,2648,21/04/2026,26/11/2026,Classroom,Small Stars 3.0,Tue Thu,16:30,
Sby Pakuwon Mall,SS 1A-2614 / 1B-2630 END-2645,Activated,SSV31-2-120-A-310326-72-S41MS27,5,3/31/2026,2614,2645,31/03/2026,05/11/2026,Classroom,Small Stars 3.0,Tue Thu,18:10,
Sby Pakuwon Mall,SS 4A-2610 / 4B-2628 END-2643,Activated,SSV34-2-120-A-040326-158-S39MS199,10,3/4/2026,2610,2643,04/03/2026,23/10/2026,Classroom,Small Stars 3.0,Wed Fri,15:00,
Sby Pakuwon Mall,FR 6A-2618 / 6B-2631 END-2642,Activated,FRV26-1-120-A-030526-04-S23MS507,3,5/3/2026,2618,2642,03/05/2026,18/10/2026,Classroom,Frontrunner 2.0,Sun,14:45,
Sby Pakuwon Mall,FR 11A-2621 / 11B-2630 END-2638,Activated,FRV211-2-160-A-190526-08-S43MS950,8,5/19/2026,2621,2638,19/05/2026,17/09/2026,Classroom,Frontrunner 2.0,Tue Thu,16:30,
Sby Pakuwon Mall,HF 1B1-2623 / 1B2-2632 END-2640,Activated,HFV41B-2-160-A-020626-03-S17MS499,6,6/2/2026,2623,2640,02/06/2026,01/10/2026,Classroom,High Flyers 4.0,Tue Thu,16:30,
Sby Pakuwon Mall,SS 3A-2617 / 3B-2633 END-2648,Activated,SSV33-2-120-A-220426-137-S31MS192,7,4/22/2026,2617,2648,22/04/2026,27/11/2026,Classroom,Small Stars 3.0,Wed Fri,15:00,
Sby Pakuwon Mall,TB 5A-2621 / 5B-2630 END-2638,Activated,TBV35-2-160-A-200526-114-S11MS68,6,5/20/2026,2621,2638,20/05/2026,18/09/2026,Classroom,Trailblazers 3.0,Wed Fri,15:00,
Sby Pakuwon Mall,FR 12A-2622 / 12B-2631 END-2639,Activated,FRV212-2-160-A-270526-03-S17MS585,3,5/27/2026,2622,2639,27/05/2026,25/09/2026,Classroom,Frontrunner 2.0,Wed Fri,15:00,
Sby Pakuwon Mall,TB 7A-2619 / 7B-2631 END-2642,Activated,TBV37-1-120-A-090526-37-S37MS60,7,5/9/2026,2619,2642,09/05/2026,17/10/2026,Classroom,Trailblazers 3.0,Sat,14:00,
Sby Pakuwon Mall,HF 1B1-2621 / 1B2-2630 END-2638,Activated,HFV41B-2-160-A-200526-01-S10MS176,9,5/20/2026,2621,2638,20/05/2026,18/09/2026,Classroom,High Flyers 4.0,Wed Fri,18:10,
Sby Pakuwon Mall,TB 2A-2625 / 2B-2637 END-2648,Activated,TBV32-1-120-A-200626-39-S44MS602,11,6/20/2026,2625,2648,20/06/2026,28/11/2026,Classroom,Trailblazers 3.0,Sat,14:00,
Sby Pakuwon Mall,TB 2A-2623 / 2B-2635 END-2646,Activated,TBV32-1-120-A-060626-40-S51MS472,8,6/6/2026,2623,2646,06/06/2026,14/11/2026,Classroom,Trailblazers 3.0,Sat,16:15,
Sby Pakuwon Mall,TB 5A-2619 / 5B-2631 END-2642,Activated,TBV35-1-120-A-090526-54-S9MS353,6,5/9/2026,2619,2642,09/05/2026,17/10/2026,Classroom,Trailblazers 3.0,Sat,9:15,
Sby Pakuwon Mall,FR 9A-2617 / 9B-2630 END-2641,Activated,FRV29-1-120-A-260426-09-S13MS635,5,4/26/2026,2617,2641,26/04/2026,11/10/2026,Classroom,Frontrunner 2.0,Sun,14:45,
Sby Pakuwon Mall,TB 8A-2627 / 8B-2636 END-2644,Activated,TBV38-2-160-A-010726-122-S4MS697,6,7/1/2026,2627,2644,01/07/2026,30/10/2026,Classroom,Trailblazers 3.0,Wed Fri,16:30,
Sby Pakuwon Mall,TB 3A-2620 / 3B-2629 END-2638,Activated,TBV33-2-160-A-120526-138-S53MS180,8,5/12/2026,2620,2638,12/05/2026,17/09/2026,Classroom,Trailblazers 3.0,Tue Thu,16:30,
Sby Pakuwon Mall,TB 5A-2625 / 5B-2637 END-2648,Activated,TBV35-1-120-A-200626-55-S38MS440,8,6/20/2026,2625,2648,20/06/2026,28/11/2026,Classroom,Trailblazers 3.0,Sat,16:15,
Sby Pakuwon Mall,SS 2A-2625 / 2B-2641 END-2704,Activated,SSV32-2-120-A-210626-113-S19MS634,7,6/21/2026,2625,2704,21/06/2026,31/01/2027,Classroom,Small Stars 3.0,Sun,10:00,
Sby Pakuwon Mall,FR 10A-2626 / 10B-2638 END-2649,Activated,FRV210-1-120-A-270626-05-S41MS985,5,6/27/2026,2626,2649,27/06/2026,05/12/2026,Classroom,Frontrunner 2.0,Sat,11:30,
Sby Pakuwon Mall,SS 4A-2627 / 4B-2643 END-2706,Activated,SSV34-2-120-A-300626-159-S28MS595,4,6/30/2026,2627,2706,30/06/2026,11/02/2027,Classroom,Small Stars 3.0,Tue Thu,15:00,
Sby Pakuwon Mall,TB 4A-2622 / 4B-2634 END-2645,Activated,TBV34-1-120-A-300526-45-S54MS399,9,5/30/2026,2622,2645,30/05/2026,07/11/2026,Classroom,Trailblazers 3.0,Sat,14:00,
Sby Pakuwon Mall,HF I1-2627 / I2-2636 END-2644,Activated,HFV2I-2-160-A-010726-83-S52MS673,5,7/1/2026,2627,2644,01/07/2026,30/10/2026,Classroom,High Flyers 2.0,Wed Fri,18:10,
Sby Pakuwon Mall,HF 1B1-2623 / 1B2-2635 END-2646,Activated,HFV41B-1-120-A-060626-01-S10MS217,10,6/6/2026,2623,2646,06/06/2026,14/11/2026,Classroom,High Flyers 4.0,Sat,9:15,
Sby Pakuwon Mall,TB 7A-2619 / 7B-2631 END-2642,Activated,TBV37-1-120-A-090526-38-S58MS361,7,5/9/2026,2619,2642,09/05/2026,17/10/2026,Classroom,Trailblazers 3.0,Sat,16:15,
Sby Pakuwon Mall,SS 4A-2623 / 4B-2639 END-2702,Activated,SSV34-2-120-A-020626-160-S56MS85,7,6/2/2026,2623,2702,02/06/2026,14/01/2027,Classroom,Small Stars 3.0,Tue Thu,15:00,
Sby Pakuwon Mall,HF H1-2627 / H2-2636 END-2644,Activated,HFV2H-2-160-A-300626-111-S14MS106,6,6/30/2026,2627,2644,30/06/2026,29/10/2026,Classroom,High Flyers 2.0,Tue Thu,15:00,
Sby Pakuwon Mall,TB 5A-2627 / 5B-2636 END-2644,Activated,TBV35-2-160-A-010726-115-S10MS95,9,7/1/2026,2627,2644,01/07/2026,30/10/2026,Classroom,Trailblazers 3.0,Wed Fri,18:10,
Sby Pakuwon Mall,TB 2A-2627 / 2B-2639 END-2650,Activated,TBV32-1-120-A-040726-41-S52MS765,9,7/4/2026,2627,2650,04/07/2026,12/12/2026,Classroom,Trailblazers 3.0,Sat,9:15,
Sby Pakuwon Mall,FR 12A-2619 / 12B-2631 END-2642,Activated,FRV212-1-120-A-090526-03-S33MS652,3,5/9/2026,2619,2642,09/05/2026,17/10/2026,Classroom,Frontrunner 2.0,Sat,9:15,
Sby Pakuwon Mall,FR 15A-2620 / 15B-2629 END-2637,Activated,FRV115-2-160-A-130526-16-S36MS648,5,5/13/2026,2620,2637,13/05/2026,11/09/2026,Classroom,Frontrunner 1.0,Wed Fri,16:30,
Sby Pakuwon Mall,HF I1-2621 / I2-2633 END-2644,Activated,HFV2I-1-120-A-230526-18-S7MS548,12,5/23/2026,2621,2644,23/05/2026,31/10/2026,Classroom,High Flyers 2.0,Sat,11:30,
Sby Pakuwon Mall,HF I1-2622 / I2-2631 END-2639,Activated,HFV2I-2-160-A-270526-84-S9MS845,7,5/27/2026,2622,2639,27/05/2026,25/09/2026,Classroom,High Flyers 2.0,Wed Fri,16:30,
Sby Pakuwon Mall,TB 8A-2624 / 8B-2633 END-2641,Activated,TBV38-2-160-A-090626-124-S22MS537,3,6/9/2026,2624,2641,09/06/2026,08/10/2026,Classroom,Trailblazers 3.0,Tue Thu,16:30,
Sby Pakuwon Mall,HF H1-2627 / H2-2636 END-2644,Activated,HFV2H-2-160-A-010726-112-S11MS285,8,7/1/2026,2627,2644,01/07/2026,30/10/2026,Classroom,High Flyers 2.0,Wed Fri,16:30,
Sby Pakuwon Mall,HF H1-2627 / H2-2639 END-2650,Activated,HFV2H-1-120-A-040726-31-S33MS951,9,7/4/2026,2627,2650,04/07/2026,12/12/2026,Classroom,High Flyers 2.0,Sat,16:15,
Sby Pakuwon Mall,HF Foundation1-2627 / Foundation2-2639 END-2650,Activated,HFV4Foundation-1-120-A-040726-01-S14MS387,10,7/4/2026,2627,2650,04/07/2026,12/12/2026,Classroom,High Flyers 4.0,Sat,9:15,
Sby Pakuwon Mall,HF J1-2627 / J2-2636 END-2644,Activated,HFV2J-2-160-A-300626-90-S34MS63,5,6/30/2026,2627,2644,30/06/2026,29/10/2026,Classroom,High Flyers 2.0,Tue Thu,16:30,
Sby Pakuwon Mall,IELTS 2A-2621 / 2B-2633 END-2644 [Band 5.5 - 6.5],Activated,IEV11-2-160-A-230526-03-S35MS222,7,5/23/2026,2621,2644,23/05/2026,31/10/2026,Classroom,IELTS 1.0,Sat,14:00,
Sby Pakuwon Mall,HF 2A1-2628 / 2A2-2637 END-2645,Activated,HFV42A-2-160-A-070726-01-S20MS230,8,7/7/2026,2628,2645,07/07/2026,05/11/2026,Classroom,High Flyers 4.0,Tue Thu,15:00,
Sby Pakuwon Mall,HF H1-2628 / H2-2640 END-2651,Activated,HFV2H-1-120-A-110726-29-S30MS129,12,7/11/2026,2628,2651,11/07/2026,19/12/2026,Classroom,High Flyers 2.0,Sat,9:15,
Sby Pakuwon Mall,SS 2A-2628 / 2B-2644 END-2707,Activated,SSV32-2-120-A-080726-114-S29MS868,5,7/8/2026,2628,2707,08/07/2026,19/02/2027,Classroom,Small Stars 3.0,Wed Fri,15:00,
Sby Bukit Mas,FR 1 2635-2652 (PTM 2643) BNC,Created,FRV21-2-160-C-260826-03-S32MS967,3,26/08/2026,2635,2643,26/08/2026,23/10/2026,Classroom,Frontrunner 2.0,Wed Fri,19:40,
Sby Bukit Mas,FR 10 2641-2707 (PTM 2649),Created,FRV210-2-160-C-061026-04-S13MS172,5,06/10/2026,2641,2649,06/10/2026,11/02/2027,Classroom,Frontrunner 2.0,Tue Thu,19:40,
Sby Bukit Mas,FR 12 2636-2702 (PTM 2644),Created,FRV212-2-160-C-020926-02-S35MS16,7,02/09/2026,2636,2702,06/10/2026,07/01/2027,Classroom,Frontrunner 2.0,Wed Fri,18:10,
Sby Bukit Mas,FR 3 2624-2641 (PTM 2632),Activated,FRV23-2-160-A-100626-05-S9MS549,10,10/06/2026,2624,2641,10/06/2026,09/10/2026,Classroom,Frontrunner 2.0,Wed Fri,19:40,
Sby Bukit Mas,FR 4 2619-2642 (PTM 2631),Activated,FRV24-1-120-A-090526-02-S13MS340,5,09/05/2026,2619,2642,09/05/2026,17/10/2026,Classroom,Frontrunner 2.0,Sat,14:00,
Sby Bukit Mas,FR 4 2642-2707 (PTM 2650),Created,FRV24-2-160-C-141026-04-S45MS671,10,14/10/2026,2642,2707,14/10/2026,12/02/2027,Classroom,Frontrunner 2.0,Wed Fri,19:40,
Sby Bukit Mas,FR 5 2624-2641 (PTM 2632),Activated,FRV25-2-160-A-100626-07-S9MS93,6,10/06/2026,2624,2641,10/06/2026,09/10/2026,Classroom,Frontrunner 2.0,Wed Fri,19:40,
Sby Bukit Mas,FR 6 2642-2707 (PTM 2650),Created,FRV26-2-160-C-141026-05-S38MS430,6,14/10/2026,2642,2707,14/10/2026,12/02/2027,Classroom,Frontrunner 2.0,Wed Fri,16:30,
Sby Bukit Mas,FR 7 2632-2649 (PTM 2640),Created,FRV27-2-160-C-040826-08-S53MS150,5,04/08/2026,2632,2649,04/08/2026,06/12/2026,Classroom,Frontrunner 2.0,Tue Thu,19:40,
Sby Bukit Mas,FR 8 2630-2702 (PTM 2641),Pending,FRV28-1-120-P-250726-03-S7MS570,9,25/07/2026,2630,2702,25/07/2026,09/01/2026,Classroom,Frontrunner 2.0,Sat,14:00,
Sby Bukit Mas,FR 9 2637-2702 (PTM 2645),Created,FRV29-2-160-C-080926-06-S22MS504,4,08/09/2026,2637,2702,08/09/2026,09/01/2026,Classroom,Frontrunner 2.0,Tue Thu,18:10,
Sby Bukit Mas,HF 4.0 1A 2631- 2648(PTM 2639 ),Created,HFV41A-2-160-C-280726-02-S46MS281,11,28/07/2026,2631,2648,28/07/2026,26/11/2026,Classroom,High Flyers 4.0,Tue Thu,15:00,
Sby Bukit Mas,HF 4.0 1A 2645-2716 (PTM 2704),Created,HFV41A-1-120-C-071126-01-S23MS466,6,07/11/2026,2645,2704,07/11/2026,23/01/2026,Classroom,High Flyers 4.0,Sat,11:30,
Sby Bukit Mas,HF 4.0 1B 2622-2639 (PTM 2630),Activated,HFV41B-2-160-A-260526-01-S4MS494,6,26/05/2026,2622,2639,26/05/2026,01/10/2026,Classroom,High Flyers 4.0,Tue Thu,15:00,
Sby Bukit Mas,HF 4.0 2A 2631- 2702 (PTM 2642),Created,HFV42A-1-120-C-010826-02-S27MS824,8,01/08/2026,2631,2702,01/08/2026,08/01/2027,Classroom,High Flyers 4.0,Sat,16:15,
Sby Bukit Mas,HF 4.0 2A 2632-2649 (PTM 2640),Created,HFV42A-2-160-C-050826-02-S54MS596,7,05/08/2026,2632,2649,05/08/2026,04/12/2026,Classroom,High Flyers 4.0,Wed Fri,18:10,
Sby Bukit Mas,HF 4.0 2B 2632-2703 (PTM 2643),Pending,HFV42B-1-120-P-080826-01-S23MS306,6,08/08/2026,2632,2703,08/08/2026,16/01/2027,Classroom,High Flyers 4.0,Sat,11:30,
Sby Bukit Mas,HF 4.0 2B 2634-2651 (PTM 2642),Created,HFV42B-2-160-C-180826-01-S3MS171,5,18/08/2026,2634,2651,18/08/2026,17/12/2026,Classroom,High Flyers 4.0,Tue Thu,16:30,
Sby Bukit Mas,HF 4.0 3A 2639-2705 (PTM 2647),Created,HFV43A-2-160-C-230926-01-S3MS948,0,23/09/2026,2639,2705,23/09/2026,29/01/2027,Classroom,High Flyers 4.0,Wed Fri,16:30,
Sby Bukit Mas,HF 4.0 3B 2639-2704 (PTM 2647),Created,HFV43B-2-160-C-230926-01-S43MS245,12,23/09/2026,2639,2704,23/09/2026,22/01/2027,Classroom,High Flyers 4.0,Wed Fri,16:30,
Sby Bukit Mas,HF 4.0 Foundation 2636 - 2707 (PTM2647) BNC,Created,HFV4Foundation-1-120-C-050926-01-S20MS449,0,05/09/2026,2636,2706,05/09/2026,13/07/2027,Classroom,High Flyers 4.0,Sat,16:15,
Sby Bukit Mas,HF I 2630-2647 (PTM 2638),Pending,HFV2I-2-160-P-210726-76-S12MS132,9,21/07/2026,2630,2647,21/07/2026,19/11/2026,Classroom,Smallstars 2.0,Tue Thu,18:10,
Sby Bukit Mas,Pathfinder A1 2634-2651 (PTC 2642) BNC,Created,FLV11-2-160-C-180826-02-S59MS504,3,18/08/2026,2634,2651,18/08/2026,18/12/2026,Classroom,Pathfinder 1.0,Wed Fri,19:40,
Sby Bukit Mas,SS 1 2633-2713 (PTM 2648) BNC,Created,SSV31-2-120-C-080726-40-S35MS915,4,12/08/2026,2633,2712,12/08/2026,19/03/2027,Classroom,Smallstars 3.0,Wed Fri,15:00,
Sby Bukit Mas,SS 2 2636-2716 (PTM 2651),Created,SSV32-2-120-C-010926-79-S53MS82,5,01/09/2026,2636,2716,01/09/2026,15/04/2027,Classroom,Smallstars 3.0,Tue Thu,15:00,
Sby Bukit Mas,SS 3 2614-2646 (PTM 2630),Activated,SSV33-2-120-A-310326-84-S8MS678,7,31/03/2026,2614,2646,31/03/2026,12/11/2026,Classroom,Smallstars 3.0,Tue Thu,15:00,
Sby Bukit Mas,SS 3 2617-2648 (PTM 2632),Activated,SSV33-2-120-A-220426-86-S28MS228,6,22/04/2026,2617,2648,22/04/2026,27/11/2026,Classroom,Smallstars 3.0,Wed Fri,15:00,
Sby Bukit Mas,SS 4 2621-2652 (PTM 2636),Activated,SSV34-2-120-A-220526-126-S19MS85,6,22/05/2026,2621,2652,22/05/2026,25/12/2026,Classroom,Smallstars 3.0,Wed Fri,15:00,
Sby Bukit Mas,SS 4 2649-2729 (PTM 2713),Created,SSV34-2-120-C-021226-127-S32MS939,6,02/12/2026,2649,2729,02/12/2026,26/03/2026,Classroom,Smallstars 3.0,Wed Fri,15:00,
Sby Bukit Mas,TB 1 2633 - 2649 (PTM 2641) BNC,Created,TBV31-2-160-C-280726-66-S49MS803,2,28/07/2026,2633,2649,28/07/2026,08/10/2026,Classroom,Trailblazers 3.0,Tue Thu,16:30,
Sby Bukit Mas,TB 2 2628-2645 (PTM 2636),Activated,TBV32-2-160-A-070726-88-S52MS992,7,07/07/2026,2628,2645,07/07/2026,05/11/2026,Classroom,Trailblazers 3.0,Tue Thu,18:10,
Sby Bukit Mas,TB 2 2632-2703 (PTM 2643),Created,TBV32-1-120-C-080826-39-S48MS898,7,08/08/2026,2632,2703,08/08/2026,24/10/2026,Classroom,Trailblazers 3.0,Sat,9:15,
Sby Bukit Mas,TB 3 2629 -2701 (PTM 2640),Activated,TBV33-1-120-A-180726-40-S0MS550,9,18/07/2026,2629,2701,18/07/2026,02/01/2027,Classroom,Trailblazers 3.0,Sat,11:30,
Sby Bukit Mas,TB 3 2638-2703 (PTM 2646),Created,TBV33-2-160-C-150926-129-S54MS998,8,15/09/2026,2638,2703,15/09/2026,14/01/2027,Classroom,Trailblazers 3.0,Tue Thu,16:30,
Sby Bukit Mas,TB 4 2631- 2647 (PTM 2639),Created,TBV34-2-160-C-280726-126-S30MS677,5,28/07/2026,2631,2647,28/07/2026,19/11/2026,Classroom,Trailblazers 3.0,Tue Thu,18:10,
Sby Bukit Mas,TB 4 2636-2701 (PTM 2644),Created,TBV34-2-160-C-020926-127-S18MS983,7,02/09/2026,2636,2701,02/09/2026,01/01/2027,Classroom,Trailblazers 3.0,Wed Fri,16:30,
Sby Bukit Mas,TB 5 2624 - 2647 (PTM 2637),Activated,TBV35-1-120-A-130626-49-S38MS162,6,13/06/2026,2624,2647,13/06/2026,21/11/2026,Classroom,Trailblazers 3.0,Sat,14:00,
Sby Bukit Mas,TB 6 2626-2643 (PTM 2634),Activated,TBV36-2-160-A-240626-99-S3MS975,9,24/06/2026,2626,2650,24/06/2026,23/10/2026,Classroom,Trailblazers 3.0,Wed Fri,18:10,
Sby Bukit Mas,TB 6 2627 - 2650 (PTM 2640),Activated,TBV36-1-120-A-040726-28-S40MS856,8,04/07/2026,2627,2650,04/07/2026,19/12/2026,Classroom,Trailblazers 3.0,Sat,16:15,
Sby Bukit Mas,TB 7 2626-2643 (PTM 2634),Activated,TBV37-2-160-A-230626-86-S42MS425,5,23/06/2026,2626,2643,23/06/2026,22/10/2026,Classroom,Trailblazers 3.0,Tue Thu,16:30,
Sby Bukit Mas,TB 7 2629 - 2701 (PTM 2642),Activated,TBV37-1-120-A-180726-32-S57MS974,9,18/07/2026,2629,2701,18/07/2026,26/12/2026,Classroom,Trailblazers 3.0,Sat,14:00,
Sby Bukit Mas,TB 7 2644-2709 (PTM 2652),Created,TBV37-2-160-C-271026-87-S19MS37,9,27/10/2026,2644,2709,27/10/2026,26/02/2027,Classroom,Trailblazers 3.0,Wed Fri,18:10,
Sby Bukit Mas,TB 8 2644-2709 (PTM 2652),Created,TBV38-2-160-C-271026-121-S39MS836,5,27/10/2026,2644,2709,27/10/2026,25/02/2027,Classroom,Trailblazers 3.0,Tue Thu,16:30,
Sby Bukit Mas,TB 8 2646-2717 (PTM 2705),Created,TBV38-1-120-C-141126-24-S4MS911,4,14/11/2026,2646,2717,14/11/2026,24/04/2027,Classroom,Trailblazers 3.0,Sat,11:30,
Sby Bukit Mas,HF 4.0 1A 2637-2702 BNC,Created,HFV41A-1-80-C-090926-01-S36MS651,0,09/09/2026,2637,2702,09/09.2026,01/08/2027,Classroom,High Flyers 4.0,Wed Fri,18:10,
Jember,SS 2A - 2632 / SS 2B - 2648,Activated,SSV32-2-120-A-030826-93-S20MS55,4,3 Aug 2026,2632,2711,3 Aug 2026,19 Mar 2027,Classroom,Small Stars 3.0,Mon Fri,16:30,
Jember,SS 3A - 2632 / SS 3B - 2648,Activated,SSV33-2-120-A-050826-105-S15MS280,4,5 Aug 2026,2632,2711,5 Aug 2026,19 Mar 2027,Classroom,Small Stars 3.0,Wed Fri,16:30,
Jember,SS 4A - 2632 / SS 4B - 2648,Pending,SSV34-2-120-A-040826-145-S9MS951,0,11 Aug 2026,2633,2711,11 Aug 2026,16 Maret 2027,Classroom,Small Stars 3.0,Tue Thu,18:10,
Jember,TB 1A - 2633 / TB 1B - 2642,Pending,TBV31-2-160-C-110826-72-S30MS139,0,11 Aug 2026,2633,2650,11 Aug 2026,17 Des 2026,Classroom,Trailblazers 3.0,Tue Thu,18:10,
Jember,FR 1A - 2633 / FR 1B - 2642,Activated,FRV21-2-160-A-100826-04-S34MS609,2,10 Aug 2026,2633,2650,10 Aug 2026,16 Des 2026,Classroom,Frontrunner 2.0,Mon Wed,18:10,
Jember,HF 1A - 2633 / HF 1A - 2642,Activated,HFV41A-2-160-A-100826-02-S56MS461,3,11 Aug 2026,2633,2650,11 Aug 2026,17 Des 2026,Classroom,High Flyers 4.0,Tue Thu,18:10,
Jember,TB 1A - 2633 / TB 1B - 2642,Pending,TBV31-2-160-C-100826-69-S29MS225,0,10 Aug 2026,2633,2650,10 Aug 2026,18 Des 2026,Classroom,Trailblazers 3.0,Mon Fri,18:10,
Jember,SS 4A - 2637 / SS 4B - 2701,Created,SSV34-2-120-C-080926-147-S2MS199,3,8 Sept 2026,2637,2716,8 Sept 2026,17 Des 2026,Classroom,Small Stars 3.0,Tue Thu,15:00,
Jember,HF 1A - 2630 / HF 1A - 2642,Activated,HFV41A-1-120-A-250726-01-S21MS470,6,25 Juli 2026,2630,2702,25 Juli 2026,16 Jan 2027,Classroom,High Flyers 4.0,Sat,14:45,
Jember,HF 1B.1 - 2635 / HF 1B.2 - 2644,Pending,HFV41B-2-160-P-260826-04-S47MS13,4,26 Aug 2026,2635,2653,26 Aug 2026,30 Des 2026,Classroom,High Flyers 4.0,Wed Fri,15:00,
Jember,HF 2A.1 - 2628 / HF 2A.2 - 2637,Activated,HFV42A-2-160-A-070726-01-S17MS513,8,07 Juli 2026,2628,2645,07 Juli 2026,5 Nov 2026,Classroom,High Flyers 4.0,Tue Thu,16:30,
Jember,TB 2A - 2630 / TB 2B - 2639,Activated,TBV32-2-160-A-210726-100-S28MS368,6,21 Juli 2026,2630,2647,21 Juli 2026,19 Nov 2026,Classroom,Trailblazers 3.0,Tue Thu,15:00,
Jember,TB 2A - 2627 / TB 2B - 2636,Activated,TBV32-2-160-A-010726-97-S25MS2,5,01 Juli 2026,2627,2644,01 Juli 2026,30 Oct 2026,Classroom,Trailblazers 3.0,Wed Fri,16:30,
Jember,TB 3A - 2625 / TB 3B - 2637,Activated,TBV33-1-120-A-200626-33-S19MS656,5,20 Juni 2026,2625,2648,20 Juni 2026,28 Nov 2026,Classroom,Trailblazers 3.0,Sat,14:45,
Jember,TB 3A - 2624 / TB 3B - 2633,Activated,TBV33-2-160-A-090626-136-S32MS343,7,09 Juni 2026,2624,2641,09 Juni 2026,8 Oct 2026,Classroom,Trailblazers 3.0,Tue Thu,18:10,
Jember,TB 4A - 2634 / TB 4B - 2643,Pending,TBV34-2-160-P-180826-136-S57MS914,2,18 Aug 2026,2634,2652,18 Aug 2026,22 Des 2026,Classroom,Trailblazers 3.0,Tue Thu,15:00,
Jember,FR 3A - 2631 / FR 3B - 2640,Activated,FRV23-2-160-A-280726-05-S43MS606,3,28 Juli 2026,2631,2649,28 Juli 2026,1 Des 2026,Classroom,Frontrunner 2.0,Tue Thu,19:40,
Malang 2 Sawojajar,SS 4 2615 - 2646 tt,Activated,SSV34-2-120-A-070426-135-S45MS548,4,07/04/2026,2615,2646,07/04/2026,12/11/2026,Classroom,Small Stars 3.0,Tue Thu,15:00,
Malang 2 Sawojajar,SS 1 2619 - 2651 tt (ext),Activated,SSV31-2-120-A-050526-51-S48MS539,5,05/05/2026,2619,2651,05/05/2026,17/12/2026,Classroom,Small Stars 3.0,Tue Thu,15:00,
Malang 2 Sawojajar,TB 3 2619 - 2637 tt (ext),Activated,TBV33-2-160-A-050526-128-S11MS718,11,05/05/2026,2619,2637,05/05/2026,10/09/2026,Classroom,Trailblazers 3.0,Tue Thu,18:10,
Malang 2 Sawojajar,TB 3 2619 - 2637 tt (ext),Activated,TBV33-2-160-A-050526-129-S42MS297,14,05/05/2026,2619,2637,05/05/2026,10/09/2026,Classroom,Trailblazers 3.0,Tue Thu,18:10,
Malang 2 Sawojajar,TB 2 2619 - 2642,Activated,TBV32-1-120-A-090526-38-S15MS947,8,09/05/2026,2619,2642,09/05/2026,17/10/2026,Classroom,Trailblazers 3.0,Sat,11:15,
Malang 2 Sawojajar,TB 6 2620 - 2638 tt (ext),Activated,TBV36-2-160-A-120526-99-S9MS206,9,12/05/2026,2620,2638,12/05/2026,17/09/2026,Classroom,Trailblazers 3.0,Tue Thu,18:10,
Malang 2 Sawojajar,FR 11 2620 - 2643,Activated,FRV211-1-120-A-160526-01-S12MS373,4,16/05/2026,2620,2643,16/05/2026,24/10/2026,Classroom,Frontrunner 2.0,Sat,16:00,
Malang 2 Sawojajar,TB 6 2622 - 2639 wf,Activated,TBV36-2-160-A-270526-100-S34MS442,8,27/05/2026,2622,2639,27/05/2026,25/09/2026,Classroom,Trailblazers 3.0,Wed Fri,18:10,
Malang 2 Sawojajar,FR 10 2622 - 2645,Activated,FRV210-1-120-A-300526-04-S20MS528,4,30/05/2026,2622,2645,30/05/2026,07/11/2026,Classroom,Frontrunner 2.0,Sat,13:45,
Malang 2 Sawojajar,TB 8 2623 - 2640 wf,Activated,TBV38-2-160-A-030626-138-S13MS383,6,03/06/2026,2623,2640,03/06/2026,02/10/2026,Classroom,Trailblazers 3.0,Wed Fri,18:10,
Malang 2 Sawojajar,TB 4 2624 - 2641 wf,Activated,TBV34-2-160-A-100626-127-S3MS851,13,10/06/2026,2624,2641,10/06/2026,14/10/2026,Classroom,Trailblazers 3.0,Wed Fri,16:30,
Malang 2 Sawojajar,FR 9 2624 - 2641 tt (ext),Activated,FRV29-2-160-A-090626-07-S36MS928,7,09/06/2026,2624,2641,09/06/2026,08/10/2026,Classroom,Frontrunner 2.0,Tue Thu,19:40,
Malang 2 Sawojajar,SS 2 2624 - 2702 wf,Activated,SSV32-2-120-A-100626-89-S58MS488,5,10/06/2026,2624,2702,10/06/2026,15/01/2027,Classroom,Small Stars 3.0,Wed Fri,13:30,
Malang 2 Sawojajar,SS 4 2624 - 2702 tt,Activated,SSV34-2-120-A-090626-136-S0MS384,8,09/06/2026,2624,2702,09/06/2026,14/01/2027,Classroom,Small Stars 3.0,Tue Thu,16:30,
Malang 2 Sawojajar,SS 4 2624 - 2702 tt,Activated,SSV34-2-120-A-090626-137-S1MS852,8,09/06/2026,2624,2702,09/06/2026,14/01/2027,Classroom,Small Stars 3.0,Tue Thu,15:00,
Malang 2 Sawojajar,TB 3 2625 - 2648,Activated,TBV33-1-120-A-200626-34-S59MS569,9,20/06/2026,2625,2648,20/06/2026,28/11/2026,Classroom,Trailblazers 3.0,Sat,11:15,
Malang 2 Sawojajar,SS 3 2625 - 2703 wf,Activated,SSV33-2-120-A-170626-96-S23MS311,10,17/06/2026,2625,2703,17/06/2026,22/01/2027,Classroom,Small Stars 3.0,Wed Fri,15:00,
Malang 2 Sawojajar,TB 5 2626 - 2643 wf (ext),Activated,TBV35-2-160-A-240626-110-S57MS297,13,24/06/2026,2626,2643,24/06/2026,23/10/2026,Classroom,Trailblazers 3.0,Wed Fri,16:30,
Malang 2 Sawojajar,FR 7 2626 - 2643 wf,Activated,FRV27-2-160-A-240626-07-S5MS655,11,24/06/2026,2626,2643,24/06/2026,23/10/2026,Classroom,Frontrunner 2.0,Wed Fri,19:40,
Malang 2 Sawojajar,TB 6 2626 - 2643 wf,Activated,TBV36-2-160-A-240626-101-S12MS431,7,24/06/2026,2626,2643,24/06/2026,23/10/2026,Classroom,Trailblazers 3.0,Wed Fri,18:10,
Malang 2 Sawojajar,FR 10 2627 - 2650,Activated,FRV210-1-120-A-040726-05-S42MS523,7,04/07/2026,2627,2650,04/07/2026,12/12/2026,Classroom,Frontrunner 2.0,Sat,9:00,
Malang 2 Sawojajar,HF 1B 2627 - 2644 tt,Activated,HFV41B-2-160-A-300626-01-S35MS124,6,30/06/2026,2627,2644,30/06/2026,29/10/2026,Classroom,High Flyers 4.0,Tue Thu,15:00,
Malang 2 Sawojajar,TB 2 2627 - 2644 wf,Activated,TBV32-2-160-A-010726-86-S19MS81,10,01/07/2026,2627,2644,01/07/2026,30/10/2026,Classroom,Trailblazers 3.0,Wed Fri,18:10,
Malang 2 Sawojajar,FR 11 2628 - 2645 tt (ext),Activated,FRV211-2-160-A-070726-03-S32MS254,4,07/07/2026,2628,2645,07/07/2026,05/11/2026,Classroom,Frontrunner 2.0,Tue Thu,18:10,
Malang 2 Sawojajar,FR 12 2628 - 2645 tt (ext),Activated,FRV212-2-160-A-070726-02-S5MS298,6,07/07/2026,2628,2645,07/07/2026,05/11/2026,Classroom,Frontrunner 2.0,Tue Thu,18:10,
Malang 2 Sawojajar,HF 1A 2628 - 2645 tt,Activated,HFV41A-2-160-A-070726-03-S4MS583,7,07/07/2026,2628,2645,07/07/2026,05/11/2026,Classroom,High Flyers 4.0,Tue Thu,15:00,
Malang 2 Sawojajar,SS 2 2624 - 2702 tt,Activated,SSV32-2-120-A-090626-90-S9MS433,6,09/06/2026,2624,2702,09/06/2026,14/01/2027,Classroom,Small Stars 3.0,Tue Thu,13:30,
Malang 2 Sawojajar,HF 1A 2626 - 2649,Activated,HFV41A-1-120-A-270626-01-S18MS791,13,27/06/2026,2626,2649,27/06/2026,05/12/2026,Classroom,High Flyers 4.0,Sat,16:00,
Malang 2 Sawojajar,FR 6 2629 - 2646 wf,Activated,FRV26-2-160-A-150726-06-S8MS134,10,15/07/2026,2629,2646,15/07/2026,13/11/2026,Classroom,Frontrunner 2.0,Wed Fri,19:40,
Malang 2 Sawojajar,TB 1 2626 - 2643 wf,Activated,TBV31-2-160-A-240626-64-S37MS902,6,24/06/2026,2626,2653,24/06/2026,28/10/2026,Classroom,Trailblazers 3.0,Wed Fri,18:10,
Malang 2 Sawojajar,HF 1B 2630 - 2653,Activated,HFV41B-1-120-P-250726-01-S58MS94,9,25/07/2026,2630,2653,25/07/2026,02/01/2027,Classroom,High Flyers 4.0,Sat,13:45,
Malang 2 Sawojajar,TB 5 2631 - 2701,Pending,TBV35-1-120-P-010826-46-S55MS190,10,01/08/2026,2631,2701,01/08/2026,09/01/2027,Classroom,Trailblazers 3.0,Sat,13:45,
Malang 2 Sawojajar,FR 1 2628 - 2645 tt,Activated,FRV21-2-160-A-070726-04-S12MS253,4,07/07/2026,2628,2645,07/07/2026,05/11/2026,Classroom,Frontrunner 2.0,Tue Thu,19:40,
Malang 2 Sawojajar,FR 3 2632 - 2649 wf,Pending,FRV23-2-160-P-050826-06-S54MS736,12,05/08/2026,2632,2649,05/08/2026,04/12/2026,Classroom,Frontrunner 2.0,Wed Fri,19:40,
Malang 2 Sawojajar,TB 5 2632 - 2649 wf,Pending,TBV35-2-160-P-050826-111-S29MS632,8,05/08/2026,2632,2649,05/08/2026,04/12/2026,Classroom,Trailblazers 3.0,Wed Fri,18:10,
Malang 2 Sawojajar,TB 5 2632 - 2649 wf,Pending,TBV35-2-160-P-050826-112-S44MS311,8,05/08/2026,2632,2649,05/08/2026,04/12/2026,Classroom,Trailblazers 3.0,Wed Fri,18:10,
Malang 2 Sawojajar,FR 10 2632 - 2649 tt,Pending,FRV210-2-160-P-040826-05-S13MS396,10,04/08/2026,2632,2649,04/08/2026,03/12/2026,Classroom,Frontrunner 2.0,Tue Thu,18:10,
Malang 2 Sawojajar,FR 9 2632 - 2649 tt,Pending,FRV29-2-160-P-040826-08-S53MS792,5,04/08/2026,2632,2649,04/08/2026,03/12/2026,Classroom,Frontrunner 2.0,Tue Thu,16:30,
Malang 2 Sawojajar,SS 2 2633 - 2711 wf,Pending,SSV32-2-120-P-120826-91-S51MS404,3,12/08/2026,2633,2711,12/08/2026,19/03/2027,Classroom,Small Stars 3.0,Wed Fri,13:30,
Malang 2 Sawojajar,HF 2A 2633 - 2703,Pending,HFV42A-1-120-P-150826-01-S17MS248,7,15/08/2026,2633,2703,15/08/2026,23/01/2027,Classroom,High Flyers 4.0,Sat,16:00,
Malang 2 Sawojajar,HF 2A 2633 - 2650 wf,Pending,HFV42A-2-160-P-120826-01-S14MS290,7,12/08/2026,2633,2650,12/08/2026,11/12/2026,Classroom,High Flyers 4.0,Wed Fri,16:30,
Malang 2 Sawojajar,TB 3 2634 - 2651 wf,Pending,TBV33-2-160-P-190826-130-S48MS740,6,19/08/2026,2634,2651,19/08/2026,18/12/2026,Classroom,Trailblazers 3.0,Wed Fri,18:10,
Malang 2 Sawojajar,FR 9 2635 - 2652 wf,Pending,FRV29-2-160-P-260826-09-S13MS78,8,26/08/2026,2635,2652,26/08/2026,25/12/2026,Classroom,Frontrunner 2.0,Wed Fri,19:40,
Malang 2 Sawojajar,FR 4 2635 - 2652 tt,Pending,FRV24-2-160-P-250826-06-S42MS83,11,25/08/2026,2635,2652,25/08/2026,29/12/2026,Classroom,Frontrunner 2.0,Tue Thu,19:40,
Malang 2 Sawojajar,HF 2B 2636 - 2701 wf,Pending,HFV42B-2-160-P-020926-01-S17MS181,7,02/09/2026,2636,2701,02/09/2026,01/01/2027,Classroom,High Flyers 4.0,Wed Fri,15:00,
Malang 2 Sawojajar,TB 6 2636 - 2701 wf,Pending,TBV36-2-160-P-020926-102-S43MS821,8,02/09/2026,2636,2701,02/09/2026,01/01/2027,Classroom,Trailblazers 3.0,Wed Fri,16:30,
Malang 2 Sawojajar,HF J 2636 - 2701 wf,Pending,HFV2J-2-160-C-020926-83-S37MS90,5,02/09/2026,2636,2701,02/09/2026,01/01/2027,Classroom,High Flyers 2.0,Wed Fri,16:30,
Malang 2 Sawojajar,HF 1A 2635 - 2652 wf,Pending,HFV41A-2-160-P-260826-04-S30MS714,3,25/08/2026,2635,2652,25/08/2026,25/12/2026,Classroom,High Flyers 4.0,Wed Fri,16:30,
Malang 2 Sawojajar,TB 1 2635 - 2705,Pending,TBV31-1-120-P-290826-17-S50MS251,2,29/08/2026,2635,2705,29/08/2026,06/02/2027,Classroom,Trailblazers 3.0,Sat,13:45,
Malang 2 Sawojajar,SS 1 2633 - 2711 wf,Pending,SSV31-2-120-P-120826-52-S14MS38,4,12/08/2026,2633,2711,12/08/2026,19/03/2027,Classroom,Small Stars 3.0,Wed Fri,13:30,
Malang 2 Sawojajar,SS 1 2638 - 2716 tt,Pending,SSV31-2-120-P-150926-53-S30MS140,0,15/09/2026,2638,2716,15/09/2026,22/04/2027,Classroom,Small Stars 3.0,Tue Thu,13:30,
Malang 2 Sawojajar,SS 3 2632 - 2710,Pending,SSV33-2-120-P-080826-97-S6MS180,5,08/08/2026,2632,2710,08/08/2026,13/03/2027,Classroom,Small Stars 3.0,Sat,9:00,
Malang 2 Sawojajar,SS 4 2632 - 2710,Pending,SSV34-2-120-P-080826-138-S56MS315,5,08/08/2026,2632,2710,08/08/2026,13/03/2027,Classroom,Small Stars 3.0,Sat,16:00,
Madiun,SS 1 (2628 - end 2708) PTM 2644,Active,SSV31-2-120-A-070726-45-S31MS591,6,7 Juli 2026,2628,2708,07/07/2026,25/02/2027,Classroom,Small Stars 3.0,Tue Thu,15:00,
Madiun,SS 1 SAT 14.15 Brand New Class ( Start 2638),Created,SSV31-1-60-C-031026-06-S17MS731,1,17 Oktober 2026,2638,,17/10/2026,,Classroom,Small Stars 3.0,Sat,14:15,
Madiun,SS 2 ( 2627 - end 2707) PTM 2643,Active,SSV32-2-120-A-300626-87-S9MS961,7,30 Juni 2026,2627,2707,30/06/2026,18/02/2027,Classroom,Small Stars 3.0,Tue Thu,15:00,
Madiun,SS 3 (2627 - end 2706) PTM 2643,Active,SSV32-2-120-A-300626-87-S9MS961,8,30 Juni 2026,2627,2707,30/06/2026,11/02/2027,Classroom,Small Stars 3.0,Tue Thu,15:00,
Madiun,SS 3 / 4 ( 2635 ),,,,,,,,,Classroom,Small Stars 3.0,,,
Madiun,SS 4 (2633 - end 2712) PTM 2649,Pending,SSV34-2-120-P-150826-139-S3MS861,9,15 Agustus 2026,2633,2712,15/08/2026,27 Maret 2026,Classroom,Small Stars 3.0,Sat,14:15,
Madiun,SS 2 Brand New Class ( 2636 ),,,,31 Agustus 2026,,,,,Classroom,Small Stars 3.0,Mon,14:00,
Madiun,HF Foundation (2631 - end 2703) PTM 2643,Pending,HFV4Foundation-2-120-P-010826-06-S38MS844,9,1 Agustus 2026,2631,2703,01/08/2026,23/01/2027,Classroom,High Flyers 4.0,Sat,9:30,
Madiun,HF Foundation (2629 - end 2701) PTM 2641,Active,HFV4Foundation-2-120-A-150726-07-S44MS561,10,15 Juli 2026,2629,2701,15/07/2026,08/01/2027,Classroom,High Flyers 4.0,Wed Fri,15:00,
Madiun,HF Foundation (2628 - end 2651) PTM 2640,Active,HFV41A-2-160-A-220726-01-S21MS637,11,8 Juli 2026,2628,2651,08/07/2026,18/12/2026,Classroom,High Flyers 4.0,Wed Fri,16:30,
Madiun,HF Foundation (2628 - end 2651) PTM 2640,Active,HFV4Foundation-1-120-A-110726-01-S8MS364,11,11 Juli 2026,2628,2651,11/07/2026,19/12/2026,Classroom,High Flyers 4.0,Sat,9:30,
Madiun,HF 1A (2630 - end 2647) PTM 2639,Active,HFV41A-2-160-A-220726-01-S21MS637,5,22 Juli 2026,2630,2647,22/07/2026,20/11/2026,Classroom,High Flyers 4.0,Wed Fri,15:00,
Madiun,HF 1B (2623 - end 2641) PTM 2632,Active,HFV41B-2-160-A-020626-03-S16MS544,6,2 Juni 2026,2623,2641,02/06/2026,08/10/2026,Classroom,High Flyers 4.0,Tue Thu,15:00,
Madiun,HF 1B (2623 - end 2641) PTM 2632,Active,HFV41B-2-160-A-020626-02-S46MS115,6,2 Juni 2026,2623,2641,02/06/2026,08/10/2026,Classroom,High Flyers 4.0,Tue Thu,16:30,
Madiun,HF 2A (2630 - end 2647) PTM 2639,Active,HFV42A-2-160-A-220726-01-S18MS906,7,22 Juli 2026,2630,2647,22/07/2026,20/09/2026,Classroom,High Flyers 4.0,Wed Fri,15:00,
Madiun,HF 2A (2627 - end 2651) PTM 2639,Active,HFV42A-1-120-A-040726-01-S43MS681,8,4 Juli 2026,2627,2651,04/07/2026,19/12/2026,Classroom,High Flyers 4.0,Sat,14:15,
Madiun,TB 1 (2627 - end 2644) PTM 2636,Active,TBV31-2-160-A-010726-78-S56MS353,,,,,,,Classroom,Trailblazers 3.0,,,
Madiun,TB 3 (2628 - end 2645) PTM 2637,Active,TBV33-2-160-A-080726-135-S24MS3,11,1 Juli 2026,2627,2644,01/07/2026,30/10/2026,Classroom,Trailblazers 3.0,Wed Fri,18:10,
Madiun,TB 4 (2623 - end 2641) PTM 2631,Active,TBV34-2-160-A-020626-127-S50MS222,8,8 Juli 2026,2628,2645,08/07/2026,06/09/2026,Classroom,Trailblazers 3.0,Wed Fri,18:10,
Madiun,TB 5 (2631- end 2648) PTM 2640,Pending,TBV35-2-160-P-290726-108-S5MS872,8,2 Juni 2026,2623,2641,02/06/2026,08/10/2026,Classroom,Trailblazers 3.0,Tue Thu,16:30,
Madiun,FR 2/3 Brand New Class ( 2637 ),,,,08/09/2026,2637,,08/09/2026,,Classroom,Frontrunner 2.0,Tue Thu,19:40,
Madiun,FR 1 Brand New Class ( 2635 ),,,,26 Aug 2026,2635,,26/08/2026,,Classroom,Frontrunner 2.0,,,
Madiun,FR 2 (2635- end 2701) PTM 2644,Pending,FRV22-2-160-P-260826-09-S52MS241,7,26 Agustus 2026,2635,2701,26/08/2026,08/01/2027,Classroom,Frontrunner 2.0,Wed Fri,19:40,
Madiun,FR 4 (2628- end 2646 ) PTM 2637,Active,FRV24-2-160-A-070726-07-S5MS635,7,7 Juli 2026,2628,2646,07/07/2026,10/11/2026,Classroom,Frontrunner 2.0,Tue Thu,19:40,
Malang 1 Ijen,HF H 2631-2639//2640-2648 (TT),Active,HFV2H-2-160-A-280726-122-S34MS811,7,7 Juli 2026,2631,2648,28-Jul-26,1-Dec-26,Classroom,High Flyers 2.0,Tue Thu,16:30,
Malang 1 Ijen,HF 4.0 1B 2631-2639//2640-2648 (TT),Active,HFV41B-2-160-A-280726-05-S56MS449,6,28-Jul-26,2631,2648,28-Jul-26,1-Dec-26,Classroom,High Flyers 4.0,Tue Thu,15:00,
Malang 1 Ijen,TB 5 2631-2642//2643-2703 (SAT),Active,TBV35-1-120-A-010826-48-S48MS960,11,1-Aug-26,2631,2703,1-Aug-26,16-Jan-27,Classroom,Trailblazers 3.0,Sat,13:45,
Malang 1 Ijen,TB 5 2631-2642//2643-2703 (SAT),Active,TBV35-1-120-A-010826-49-S33MS517,14,1-Aug-26,2631,2703,1-Aug-26,16-Jan-27,Classroom,Trailblazers 3.0,Sat,13:45,
Malang 1 Ijen,TB 8 2631-2639//2640-2648 (TT),Active,TBV38-2-160-A-280726-137-S47MS879,9,28-Jul-26,2631,2648,28-Jul-26,1-Dec-26,Classroom,Trailblazers 3.0,Tue Thu,18:10,
Malang 1 Ijen,HF 4.0 1B 2631-2639//2640-2648 (TT),Active,HFV41B-2-160-A-280726-07-S17MS802,5,28-Jul-26,2631,2648,28-Jul-26,1-Dec-26,Classroom,High Flyers 4.0,Tue Thu,16:30,
Malang 1 Ijen,SS 4 A 2631-2646// B 2647-2711 (TT),Active,SSV34-2-120-A-280726-161-S29MS529,8,28-Jul-26,2631,2711,28-Jul-26,11-Mar-27,Classroom,Small Stars 3.0,Tue Thu,13:30,
Malang 1 Ijen,HF 4.0 2A 2631-2639//2640-2648 (TT),Active,HFV42A-2-160-A-280726-02-S59MS967,2,28-Jul-26,2631,2648,28-Jul-26,1-Dec-26,Classroom,High Flyers 4.0,Tue Thu,15:00,
Malang 1 Ijen,TB 3 2631-2639//2640-2648 (TT),Active,TBV33-2-160-A-280726-149-S40MS355,2,28-Jul-26,2631,2648,28-Jul-26,1-Dec-26,Classroom,Trailblazers 3.0,Tue Thu,15:00,
Malang 1 Ijen,HF 4.0 2A 2631-2639//2640-2648 (TT) split,Active,HFV42A-2-160-A-280726-03-S36MS410,5,28-Jul-26,2631,2648,28-Jul-26,1-Dec-26,Classroom,High Flyers 4.0,Tue Thu,15:00,
Malang 1 Ijen,HF 4.0 2A 2631-2642//2643-2703 (SAT),Active,HFV42A-1-120-A-010826-01-S0MS992,5,1-Aug-26,2631,2703,1-Aug-26,16-Jan-27,Classroom,High Flyers 4.0,Sat,11:15,
Malang 1 Ijen,TB 1 2631-2642//2643-2703 (SAT),Pending,TBV31-1-120-P-010826-16-S59MS81,6,1-Aug-26,2631,2703,1-Aug-26,16-Jan-27,Classroom,Trailblazers 3.0,Sat,11:15,
Sidoarjo,SS Book 4A-2603/4B-2619,Activated,SSV34-2-120-A-130126-156-S20MS890,9,1/13/2026,2603,2636,1/13/2026,,Classroom,Small Stars 3.0,Tue Thu,15:00,
Sidoarjo,SS Book 4A-2603/4B-2619,Activated,SSV34-2-120-A-130126-157-S30MS197,7,1/13/2026,2603,2636,1/13/2026,,Classroom,Small Stars 3.0,Tue Thu,15:00,
Sidoarjo,SS BOOK 2A 2604 / 2B 2622,Activated,SSV32-2-120-A-200126-106-S30MS47,7,1/20/2026,2604,2640,1/20/2026,,Classroom,Small Stars 3.0,Tue Thu,15:00,
Sidoarjo,SS Book 3A-2605 / 3B-2622 (End 2637) FULL,Activated,SSV33-2-120-A-280126-117-S58MS257,9,1/28/2026,2605,2637,1/28/2026,,Classroom,Small Stars 3.0,Wed Fri,18:10,
Sidoarjo,SS Book 4A-2606/4B-2623 FULL,Activated,SSV34-2-120-A-070226-159-S49MS843,7,2/7/2026,2606,2638,2/7/2026,,Classroom,Small Stars 3.0,Sat,10:00,
Sidoarjo,SS Book 1A 2606 1B 2624,Activated,SSV31-2-120-A-040226-64-S36MS224,8,2/4/2026,2606,2639,2/4/2026,,Classroom,Small Stars 3.0,Wed Fri,15:00,
Sidoarjo,TB Book 8A-2608/8B-2621,Activated,TBV38-1-120-A-210226-30-S52MS627,5,2/21/2026,2608,2632,2/21/2026,,Classroom,Trailblazers 3.0,Sat,12:30,
Sidoarjo,SS Book 4A-2608 / 4B-2625,Activated,SSV34-2-120-A-170226-161-S37MS906,11,2/17/2026,2608,2640,2/17/2026,,Classroom,Small Stars 3.0,Tue Thu,15:00,
Sidoarjo,HF Book E1-2608/E2-2621,Activated,HFV2E-1-120-A-210226-41-S9MS490,10,2/21/2026,2608,2632,2/21/2026,,Classroom,High Flyers 2.0,Sat,10:00,
Sidoarjo,FR Book 9A-2608/9B-2621,Activated,FRV29-1-120-A-210226-04-S15MS362,9,2/21/2026,2608,2632,2/21/2026,,Classroom,Frontrunner 2.0,Sat,14:45,
Sidoarjo,FR Book 9A-2608/9B-2621,Activated,FRV29-1-120-A-210226-05-S12MS852,8,2/21/2026,2608,2632,2/21/2026,,Classroom,Frontrunner 2.0,Sat,10:00,
Sidoarjo,FR Book 8A-2608 / 8B-2620 (End 2632),Activated,FRV28-1-120-A-210226-05-S44MS465,6,2/21/2026,2608,2632,2/21/2026,,Classroom,Frontrunner 2.0,Sat,10:00,
Sidoarjo,FR Book 11A-2608/11B-2621,Activated,FRV211-1-120-A-210226-03-S22MS254,4,2/21/2026,2608,2632,2/21/2026,,Classroom,Frontrunner 2.0,Sat,14:45,
Sidoarjo,TB Book 2A 2609 2B 2622 full,Activated,TBV32-1-120-A-280226-46-S23MS78,13,2/28/2026,2609,2633,2/28/2026,,Classroom,Trailblazers 3.0,Sat,12:30,
Sidoarjo,SS BOOK 3A-2609/3B-2627 FULL,Activated,SSV33-2-120-A-240226-118-S49MS548,10,2/24/2026,2609,2642,2/24/2026,,Classroom,Small Stars 3.0,Tue Thu,15:00,
Sidoarjo,FR Book 7A-2609/7B-2622,Activated,FRV27-1-120-A-280226-06-S20MS322,9,2/28/2026,2609,2633,2/28/2026,,Classroom,Frontrunner 2.0,Sat,14:45,
Sidoarjo,TB Book 2A-2614 / 3B-2626 (End 2637),Activated,TBV32-1-120-A-040426-47-S23MS642,11,4/4/2026,2614,2637,4/4/2026,,Classroom,Trailblazers 3.0,Sat,10:00,
Sidoarjo,SS Book 4A-2614/4B-2631,Activated,SSV34-2-120-A-010426-162-S25MS388,6,4/1/2026,2614,2646,4/1/2026,,Classroom,Small Stars 3.0,Wed Fri,15:00,
Sidoarjo,SS Book 2A-2614/2B-2631,Activated,SSV32-2-120-A-310326-107-S32MS291,6,3/31/2026,2614,2646,3/31/2026,,Classroom,Small Stars 3.0,Tue Thu,15:00,
Sidoarjo,SS Book 2A-2614 /2B-2630 (End 2646),Activated,SSV32-2-120-A-010426-109-S8MS748,7,4/1/2026,2614,2646,4/1/2026,,Classroom,Small Stars 3.0,Wed Fri,15:00,
Sidoarjo,HF Book C1-2614 / C2-2626 (End 2637),Activated,HFV2C-1-120-A-040426-45-S2MS490,13,4/4/2026,2614,2637,4/4/2026,,Classroom,High Flyers 2.0,Sat,12:30,
Sidoarjo,TB Book 5A-2615/5B-2624,Activated,TBV35-2-160-A-080426-118-S18MS72,14,4/8/2026,2615,2632,4/8/2026,,Classroom,Trailblazers 3.0,Wed Fri,16:30,
Sidoarjo,TB Book 3A-2615/3B-2624,Activated,TBV33-2-160-A-080426-146-S47MS491,7,4/8/2026,2615,2632,4/8/2026,,Classroom,Trailblazers 3.0,Wed Fri,16:30,
Sidoarjo,SS Book 1A - 2615/ 1B-2631,Activated,SSV31-2-120-A-070426-65-S38MS359,7,4/7/2026,2615,2646,4/7/2026,,Classroom,Small Stars 3.0,Tue Thu,18:10,
Sidoarjo,HF Book I1-2615/I2-2624 Group Y,Activated,HFV2I-2-160-A-070426-86-S29MS405,8,4/7/2026,2615,2632,4/7/2026,,Classroom,High Flyers 2.0,Tue Thu,16:30,
Sidoarjo,HF Book I1-2615/I2-2624 Group X,Activated,HFV2I-2-160-A-070426-86-S32MS834,9,4/7/2026,2615,2632,4/7/2026,,Classroom,High Flyers 2.0,Tue Thu,16:30,
Sidoarjo,HF Book H1-2615/H2-2624,Activated,HFV2H-2-160-A-080426-112-S45MS912,8,4/8/2026,2615,2632,4/8/2026,,Classroom,High Flyers 2.0,Wed Fri,16:30,
Sidoarjo,HF Book E1-2615/E2-2627,Activated,HFV2E-1-120-A-110426-43-S2MS265,10,4/11/2026,2615,2638,4/11/2026,,Classroom,High Flyers 2.0,Sat,14:45,
Sidoarjo,HF Book C1-2615/C2-2624 FULL,Activated,HFV2C-2-160-A-070426-147-S3MS60,12,4/7/2026,2615,2632,4/7/2026,,Classroom,High Flyers 2.0,Tue Thu,18:10,
Sidoarjo,FR Book 6A-2615/6B-2624 (End 2632),Activated,FRV26-2-160-A-080426-11-S2MS845,2,4/8/2026,2615,2632,4/8/2026,,Classroom,Frontrunner 2.0,Wed Fri,15:00,
Sidoarjo,TB Book 8A-2616/8B-2625,Activated,TBV38-2-160-A-140426-140-S5MS870,14,4/14/2026,2616,2633,4/14/2026,,Classroom,Trailblazers 3.0,Tue Thu,16:30,
Sidoarjo,TB Book 7A-2616 / 7B-2626 (End 2634),Activated,TBV37-2-160-A-210426-93-S57MS258,5,4/21/2026,2616,2634,4/21/2026,,Classroom,Trailblazers 3.0,Tue Thu,16:30,
Sidoarjo,TB Book 6A-2616/6B-2626,Activated,TBV36-2-160-A-140426-111-S14MS273,7,4/14/2026,2616,2633,4/14/2026,,Classroom,Trailblazers 3.0,Tue Thu,18:10,
Sidoarjo,SS Book 3A-2616/ 3B-2632,Activated,SSV33-2-120-A-140426-119-S30MS10,7,4/14/2026,2616,2647,4/14/2026,,Classroom,Small Stars 3.0,Tue Thu,15:00,
Sidoarjo,HF Book J1-2616/J2-2625,Activated,HFV2J-2-160-A-150426-89-S51MS15,9,4/15/2026,2616,2633,4/15/2026,,Classroom,High Flyers 2.0,Wed Fri,16:30,
Sidoarjo,HF Book D1-2616/D2-2628 FULL!,Activated,HFV2D-1-120-A-180426-48-S31MS20,16,4/18/2026,2616,2639,4/18/2026,,Classroom,High Flyers 2.0,Sat,12:30,
Sidoarjo,FR Book 10A-2616/10B-2626,Activated,FRV210-2-160-A-140426-12-S2MS645,6,4/14/2026,2616,2633,4/14/2026,,Classroom,Frontrunner 2.0,Tue Thu,19:40,
Sidoarjo,FR Book 10A-2616/10B-2625,Activated,FRV210-2-160-A-140426-13-S55MS183,5,4/14/2026,2616,2633,4/14/2026,,Classroom,Frontrunner 2.0,Tue Thu,16:30,
Sidoarjo,TB Book 5A - 2617/5B - 2626,Activated,TBV35-2-160-A-210426-121-S45MS362,5,4/21/2026,2617,2634,4/21/2026,,Classroom,Trailblazers 3.0,Tue Thu,16:30,
Sidoarjo,SS Book 3A-2617/ 3B-2633,Activated,SSV33-2-120-A-220426-120-S17MS472,7,4/22/2026,2617,2648,4/22/2026,,Classroom,Small Stars 3.0,Wed Fri,15:00,
Sidoarjo,FR Book 8A-2617/8B-2626,Activated,FRV28-2-160-A-220426-14-S46MS837,4,4/22/2026,2617,2634,4/22/2026,,Classroom,Frontrunner 2.0,Wed Fri,18:10,
Sidoarjo,TB Book 6A-2618/6B-2629,Activated,TBV36-1-120-A-020526-34-S8MS7,5,5/2/2026,2618,2640,5/2/2026,,Classroom,Trailblazers 3.0,Sat,14:45,
Sidoarjo,TB Book 3A-2618/3B-2627,Activated,TBV33-2-160-A-290426-147-S31MS947,12,4/29/2026,2618,2635,4/29/2026,,Classroom,Trailblazers 3.0,Wed Fri,18:10,
Sidoarjo,FR Book 6A-2619/6B-2628 (End 2636),Activated,FRV26-2-160-A-060526-12-S24MS841,4,5/6/2026,2618,2636,5/6/2026,,Classroom,Frontrunner 2.0,Wed Fri,18:10,
Sidoarjo,FR Book 12A-2618/12B-2627,Activated,FRV212-2-160-A-280426-06-S18MS386,9,4/28/2026,2618,2635,4/28/2026,,Classroom,Frontrunner 2.0,Tue Thu,16:30,
Sidoarjo,SS Book 3A-2619/3B-2635 FULL,Activated,SSV33-2-120-A-050526-121-S52MS734,11,5/5/2026,2619,2650,5/5/2026,,Classroom,Frontrunner 2.0,Tue Thu,16:30,
Sidoarjo,HF Book J1-2619/J2-2628,Activated,HFV2J-2-160-A-050526-90-S55MS335,6,5/5/2026,2619,2636,5/5/2026,,Classroom,High Flyers 2.0,Tue Thu,18:10,
Sidoarjo,HF Book H1-2619/H2-2631,Activated,HFV2H-1-120-A-090526-20-S37MS647,7,5/9/2026,2619,2642,5/9/2026,,Classroom,High Flyers 2.0,Sat,12:30,
Sidoarjo,HF Book F1 - 2619/F2 - 2628,Activated,HFV2F-2-160-A-060526-162-S1MS929,4,5/6/2026,2619,2636,5/6/2026,,Classroom,High Flyers 2.0,Wed Fri,15:00,
Sidoarjo,HF Book F1 - 2619/F2 - 2628,Activated,HFV2F-2-160-A-060526-163-S56MS908,10,5/6/2026,2619,2636,5/6/2026,,Classroom,High Flyers 2.0,Wed Fri,16:30,
Sidoarjo,HF Book E1 2619 / E2 2628,Activated,HFV2E-2-160-A-050526-158-S5MS743,10,5/5/2026,2619,2636,5/5/2026,,Classroom,High Flyers 2.0,Tue Thu,15:00,
Sidoarjo,TB Book 1A-2620/1B-2632 FULL,Activated,TBV31-1-120-A-160526-20-S10MS690,12,5/16/2026,2620,2643,5/16/2026,,Classroom,Trailblazers 3.0,Sat,10:00,
Sidoarjo,SS Book 4A-2620/4B-2636,Activated,SSV34-2-120-A-130526-163-S32MS484,5,5/13/2026,2620,2651,5/13/2026,,Classroom,Small Stars 3.0,Wed Fri,18:10,
Sidoarjo,HF Book F1-2620 / F2-2632 (End 2643),Activated,HFV2F-1-120-A-160526-35-S28MS223,7,5/16/2026,2620,2643,5/16/2026,,Classroom,High Flyers 2.0,Sat,10:00,
Sidoarjo,HF 4.0 Foundation 2620/2632,Activated,HFV4Foundation-2-120-A-120526-01-S26MS175,6,5/12/2026,2620,2643,5/12/2026,,Classroom,High Flyers 4.0,Tue Thu,15:00,
Sidoarjo,HF 4.0 Book 1A1-2620/1A2-2629,Activated,HFV41A-2-160-A-130526-02-S25MS26,8,5/13/2026,2620,2737,5/13/2026,,Classroom,High Flyers 4.0,Wed Fri,16:30,
Sidoarjo,SS Book 4A-2621/4B-2637,Activated,SSV34-2-120-A-190526-160-S11MS804,7,5/19/2026,2621,2652,5/19/2026,,Classroom,Small Stars 3.0,Tue Thu,18:10,
Sidoarjo,HF Book E1 2621/ E2 2630,Activated,HFV2E-2-160-A-190526-159-S27MS94,11,5/19/2026,2621,2638,5/19/2026,,Classroom,High Flyers 2.0,Tue Thu,18:10,
Sidoarjo,HF 4.0 Book 1B1-2621/1B2-2630,Activated,HFV41B-2-160-A-190526-01-S56MS815,11,5/19/2026,2621,2638,5/19/2026,,Classroom,High Flyers 4.0,Tue Thu,16:30,
Sidoarjo,FR Book 9A-2621/9B-2630,Activated,FRV29-2-160-A-190526-15-S41MS880,6,5/19/2026,2621,2638,5/19/2026,,Classroom,Frontrunner 2.0,Tue Thu,18:10,
Sidoarjo,FR BOOK 5A-2621/5B-2633,Activated,FRV25-1-120-A-230526-02-S29MS920,8,5/23/2026,2621,2644,5/23/2026,,Classroom,Frontrunner 2.0,Sat,12:30,
Sidoarjo,TB Book 7A-2622/7B-2631,Activated,TBV37-2-160-A-270526-94-S7MS686,4,5/27/2026,2622,2639,5/27/2026,,Classroom,Trailblazers 3.0,Wed Fri,16:30,
Sidoarjo,TB Book 4A-2622/4B-2631,Activated,TBV34-2-160-A-260526-145-S4MS911,10,5/26/2026,2622,2639,5/26/2026,,Classroom,Trailblazers 3.0,Tue Thu,18:10,
Sidoarjo,TB BOOK 3A 2622 / 3B 2631,Activated,TBV33-2-160-A-260526-148-S40MS551,9,5/26/2026,2622,2639,5/26/2026,,Classroom,Trailblazers 3.0,Tue Thu,18:10,
Sidoarjo,TB Book 2A-2622/2B-2634,Activated,TBV32-1-120-A-300526-48-S4MS383,8,5/30/2026,2622,2645,5/30/2026,,Classroom,Trailblazers 3.0,Sat,10:00,
Sidoarjo,HF Book F1-2622/F2-2631,Activated,HFV2F-2-160-A-270526-165-S9MS269,5,5/27/2026,2622,2639,5/27/2026,,Classroom,High Flyers 2.0,Wed Fri,16:30,
Sidoarjo,HF 4.0 Book 1B1-2622/1B2-2631,Activated,HFV41B-2-160-A-260526-02-S15MS483,9,5/26/2026,2622,2639,5/26/2026,,Classroom,High Flyers 4.0,Tue Thu,16:30,
Sidoarjo,Future Leaders 2 - 2622 (End 2639),Activated,FLV11-2-160-A-270526-02-S47MS624,6,5/27/2026,2622,2639,5/27/2026,,Classroom,Frontrunner 2.0,Wed Fri,19:40,
Sidoarjo,TB Book 6A-2623/6B-2635,Activated,TBV36-1-120-A-060626-35-S24MS631,6,6/6/2026,2623,2646,6/6/2026,,Classroom,Trailblazers 3.0,Sat,12:30,
Sidoarjo,TB Book 1A-2623/1B-2632,Activated,TBV31-2-160-A-030626-75-S24MS819,10,6/3/2026,2623,2640,6/3/2026,,Classroom,Trailblazers 3.0,Wed Fri,18:10,
Sidoarjo,SS Book 4A-2623/4B-2639,Activated,SSV34-2-120-A-020626-164-S26MS760,3,6/2/2026,2623,2702,6/2/2026,,Classroom,Small Stars 3.0,Tue Thu,15:00,
Sidoarjo,SS book 3A-2623/3B-2639,Activated,SSV33-2-120-A-060626-122-S28MS419,7,6/6/2026,2623,2703,6/6/2026,,Classroom,Small Stars 3.0,Sat,12:30,
Sidoarjo,FR Book 14A-2623/14B-2632,Activated,FRV114-2-160-A-030626-23-S12MS584,2,6/3/2026,2623,2640,6/3/2026,,Classroom,Frontrunner 2.0,Wed Fri,16:30,
Sidoarjo,FR Book 13A - 2623 / 13B - 2632,Activated,FRV113-2-160-A-020626-27-S48MS131,4,6/2/2026,2623,2640,6/2/2026,,Classroom,Frontrunner 2.0,Tue Thu,19:40,
Sidoarjo,TB Book 4A- 2624/4B-2633,Activated,TBV34-2-160-A-100626-144-S18MS179,11,6/10/2026,2624,2641,6/10/2026,,Classroom,Trailblazers 3.0,Wed Fri,16:30,
Sidoarjo,HF Book H1-2624 / H2-2633 (End 2641),Activated,HFV2H-2-160-A-090626-114-S57MS795,11,6/9/2026,2624,2641,6/9/2026,,Classroom,High Flyers 2.0,Tue Thu,16:30,
Sidoarjo,HF Book F1 2624 / F2 2633,Activated,HFV2F-2-160-A-090626-164-S36MS17,7,6/9/2026,2624,2641,6/9/2026,,Classroom,High Flyers 2.0,Tue Thu,15:00,
Sidoarjo,HF BOOK E1-2624 / E2-2636 FULL,Activated,HFV2E-1-120-A-130626-44-S45MS809,10,6/13/2026,2624,2647,6/13/2026,,Classroom,High Flyers 2.0,Sat,10:00,
Sidoarjo,HF 4.0 Book 1B1-2624/1B2-2633,Activated,HFV41B-2-160-A-100626-03-S50MS979,12,6/10/2026,2624,2641,6/10/2026,,Classroom,High Flyers 4.0,Wed Fri,18:10,
Sidoarjo,FR Book 8A-2624/8B-2633,Activated,FRV28-2-160-A-090626-15-S21MS690,10,6/9/2026,2624,2641,6/9/2026,,Classroom,Frontrunner 2.0,Tue Thu,19:40,
Sidoarjo,FR Book 7A-2624/7B-2633 (End 2641),Activated,FRV27-2-160-A-100626-17-S42MS111,5,6/10/2026,2624,2641,6/10/2026,,Classroom,Frontrunner 2.0,Wed Fri,18:10,
Sidoarjo,FR BOOK 6A-2624/6B-2633,Activated,FRV26-2-160-A-100626-13-S42MS215,13,6/10/2026,2624,2641,6/10/2026,,Classroom,Frontrunner 2.0,Wed Fri,19:40,
Sidoarjo,TB Book 2A- 2625/2B-2634,Activated,TBV32-2-160-A-170626-95-S45MS755,13,6/17/2026,2625,2642,6/17/2026,,Classroom,Trailblazers 3.0,Wed Fri,16:30,
Sidoarjo,TB Book 1A-2625/1B-2634,Activated,TBV31-2-160-A-170626-76-S17MS116,7,6/17/2026,2625,2642,6/17/2026,,Classroom,Trailblazers 3.0,Wed Fri,16:30,
Sidoarjo,SS Book 1A-2625/1B-2642,Activated,SSV31-2-120-A-170626-66-S48MS884,6,6/17/2026,2625,2704,6/17/2026,,Classroom,Small Stars 3.0,Wed Fri,15:00,
Sidoarjo,HF Book I1-2625/I2-2634,Activated,HFV2I-2-160-A-160626-87-S57MS354,11,6/16/2026,2625,2642,6/16/2026,,Classroom,High Flyers 2.0,Tue Thu,18:10,
Sidoarjo,HF Book G1-2625/G2-2634,Activated,HFV2G-2-160-A-170626-136-S43MS122,10,6/17/2026,2625,2642,6/17/2026,,Classroom,High Flyers 2.0,Wed Fri,16:30,
Sidoarjo,HF 4.0 Book 1A1-2625/1A2-2636,Activated,HFV41A-1-120-A-200626-01-S33MS531,11,6/20/2026,2625,2648,6/20/2026,,Classroom,High Flyers 4.0,Sat,12:30,
Sidoarjo,HF 4.0 Book 1A1-2625/1A2-2634,Activated,HFV41A-2-160-A-170626-04-S51MS228,10,6/17/2026,2625,2642,6/17/2026,,Classroom,High Flyers 4.0,Wed Fri,16:30,
Sidoarjo,HF 4.0 Book 1A-1(2625)/1A-2(2636),Activated,HFV41A-1-120-A-200626-02-S58MS683,13,6/20/2026,2625,2649,6/20/2026,,Classroom,High Flyers 4.0,Sat,10:00,
Sidoarjo,FR Book 3A-2625/3B-2634,Activated,FRV23-2-160-A-160626-09-S52MS920,7,6/16/2026,2625,2642,6/16/2026,,Classroom,Frontrunner 2.0,Tue Thu,19:40,
Sidoarjo,TB Book 7A-2626 / 7B-2638,Activated,TBV37-1-120-A-270626-38-S27MS555,5,6/27/2026,2626,2649,6/27/2026,,Classroom,Trailblazers 3.0,Sat,14:45,
Sidoarjo,TB Book 2A-2626/2B-2635,Activated,TBV32-2-160-A-240626-93-S59MS583,10,6/24/2026,2626,2643,6/24/2026,,Classroom,Trailblazers 3.0,Wed Fri,18:10,
Sidoarjo,SS BOOK 2A-2626/2B-2642,Activated,SSV32-2-120-A-270626-111-S54MS818,4,6/27/2026,2626,2707,6/27/2026,,Classroom,Small Stars 3.0,Sat,12:30,
Sidoarjo,HF Book G1-2626/G2-2638,Activated,HFV2G-1-120-A-270626-27-S8MS830,10,6/27/2026,2626,2649,6/27/2026,,Classroom,High Flyers 2.0,Sat,12:30,
Sidoarjo,HF Book E1-2626/E2-2635 (End 2643),Activated,HFV2E-2-160-A-240626-160-S56MS976,6,6/24/2026,2626,2643,6/24/2026,,Classroom,Frontrunner 2.0,Wed Fri,15:00,
Sidoarjo,FR Book 9A 2626 /9B 2634,Activated,FRV29-2-160-A-240626-16-S7MS460,3,6/24/2026,2626,2642,6/24/2026,,Classroom,Frontrunner 2.0,Wed Fri,19:40,
Sidoarjo,TB Book 5A-2627/5B-2639,Activated,TBV35-1-120-A-040726-57-S24MS968,12,7/4/2026,2627,2650,7/4/2026,,Classroom,Trailblazers 3.0,Sat,14:45,
Sidoarjo,Pathfinder 3A-2627 (End 2644),Activated,PEV13A-2-160-A-010726-01-S26MS522,5,7/1/2026,2627,2644,7/1/2026,,Classroom,Frontrunner 2.0,Wed Fri,19:40,
Sidoarjo,FR Book 7A-2628/7B-2637,Activated,FRV27-2-160-A-070726-18-S5MS444,6,7/7/2026,2627,2645,7/7/2026,,Classroom,Frontrunner 2.0,Tue Thu,19:40,
Sidoarjo,FR Book 5A-2627/5B-2635,Activated,FRV25-2-160-A-300626-10-S8MS769,3,6/30/2026,2627,2644,6/30/2026,,Classroom,Frontrunner 2.0,Tue Thu,19:40,
Sidoarjo,TB BOOK 8A-2628/8B-2640,Activated,TBV38-1-120-A-110726-31-S21MS375,5,7/11/2026,2628,2651,7/11/2026,,Classroom,Trailblazers 3.0,Sat,14:45,
Sidoarjo,SS BOOK 2A-2628/2B-2644 FULL!!,Activated,SSV32-2-120-A-070726-114-S9MS803,7,7/7/2026,2628,2709,7/7/2026,,Classroom,Small Stars 3.0,Tue Thu,18:10,
Sidoarjo,SS BOOK 2A-2628/2B-2644 FULL,Activated,SSV32-2-120-A-070726-113-S54MS918,8,7/7/2026,2628,2709,7/7/2026,,Classroom,Small Stars 3.0,Tue Thu,18:10,
Sidoarjo,HF Book G1-2628 / G2-2640 (End 2651),Activated,HFV2G-1-120-A-110726-29-S19MS55,6,7/11/2026,2628,2651,7/11/2026,,Classroom,High Flyers 2.0,Sat,14:45,
Sidoarjo,HF Book G1-2628 / G2-2637 (End 2645),Activated,HFV2G-2-160-A-070726-137-S25MS772,10,7/7/2026,2628,2645,7/7/2026,,Classroom,High Flyers 2.0,Tue Thu,18:10,
Sidoarjo,FR BOOK 4A-2628/4B-2637,Activated,FRV24-2-160-A-070726-10-S2MS116,12,7/7/2026,2628,2645,7/7/2026,,Classroom,Frontrunner 2.0,Tue Thu,19:40,
Sidoarjo,FR Book 12A-2628/12B-2637,Activated,FRV212-2-160-A-080726-08-S53MS40,8,7/8/2026,2628,2645,7/8/2026,,Classroom,Frontrunner 2.0,Wed Fri,19:40,
Sidoarjo,TB Book 6A 2629/ 6B 2641,Activated,TBV36-1-120-A-180726-36-S1MS961,3,7/18/2026,2629,2652,7/18/2026,,Classroom,Trailblazers 3.0,Sat,12:30,
Sidoarjo,TB Book 5A-2629/5B-2638,Activated,TBV35-2-160-A-150726-124-S18MS482,4,7/15/2026,2629,2646,7/15/2026,,Classroom,Trailblazers 3.0,Wed Fri,16:30,
Sidoarjo,TB Book 4A-2629 / 3B-2641 (End 2701),Activated,TBV34-1-120-A-180726-44-S46MS777,9,7/18/2026,2629,2701,7/18/2026,,Classroom,Trailblazers 3.0,Sat,10:00,
Sidoarjo,SS Book 3A-2629/3B-2645 FULL!!,Activated,SSV33-2-120-A-150726-123-S52MS57,12,7/15/2026,2629,2710,7/15/2026,,Classroom,Small Stars 3.0,Wed Fri,15:00,
Sidoarjo,SS Book 2A-2629/ 2B-2644 (End 2708),Activated,SSV32-2-120-A-140726-115-S55MS191,7,7/14/2026,2629,2708,7/14/2026,,Classroom,Small Stars 3.0,Tue Thu,15:00,
Sidoarjo,HF Book G1-2629/ G2-2638 (End 2646),Activated,HFV2G-2-160-A-140726-138-S10MS678,5,7/14/2026,2629,2646,7/14/2026,,Classroom,High Flyers 2.0,Tue Thu,15:00,
Sidoarjo,FR Book 8A-2629/7B-2638 (End 2646),Activated,FRV28-2-160-A-150726-16-S42MS402,2,7/15/2026,2629,2646,7/15/2026,,Classroom,Frontrunner 2.0,Wed Fri,19:40,
Sidoarjo,FR Book 1A-2629/1B-2638,Activated,FRV21-2-160-A-150726-05-S24MS244,7,7/15/2026,2629,2646,7/15/2026,,Classroom,Frontrunner 2.0,Wed Fri,19:40,
Sidoarjo,FR Book 10A - 2629 / 10B - 2641,Activated,FRV210-1-120-A-180726-02-S59MS268,4,7/18/2026,2629,2701,7/18/2026,,Classroom,Frontrunner 2.0,Sat,14:45,
Sidoarjo,BNC SS Book 2A-2629/ 2B- 2645(END 2709),Created,SSV32-2-120-C-140726-112-S9MS235,0,7/14/2026,2629,2709,7/14/2026,,Classroom,Small Stars 3.0,Tue Thu,,
Sidoarjo,TB Book 7A-2630/7B-2639,Activated,TBV37-2-160-A-220726-95-S55MS416,12,7/22/2026,2630,2647,7/22/2026,,Classroom,Trailblazers 3.0,Wed Fri,,
Sidoarjo,TB Book 6A-2630/6B-2642,Activated,TBV36-1-120-A-250726-37-S18MS186,9,7/25/2026,2630,2701,7/25/2026,,Classroom,Trailblazers 3.0,Sat,,
Sidoarjo,TB BOOK 6A-2630 / 6B-2639 GROUP Y,Activated,TBV36-2-160-A-220726-112-S3MS117,9,7/22/2026,2630,2647,7/22/2026,,Classroom,Trailblazers 3.0,Wed Fri,,
Sidoarjo,TB BOOK 6A-2630 / 6B-2639 GROUP X,Activated,TBV36-2-160-A-220726-113-S30MS9,7,7/22/2026,2630,2647,7/22/2026,,Classroom,Trailblazers 3.0,Wed Fri,,
Sidoarjo,TB Book 3A-2630/3B-2639 (End 2647),Activated,TBV33-2-160-A-210726-149-S47MS572,11,7/21/2026,2630,2647,7/21/2026,,Classroom,Trailblazers 3.0,Tue Thu,,
Sidoarjo,SS Book 4A-2630/4B-2646 FULL,Activated,SSV34-2-120-A-250726-166-S26MS828,7,7/25/2026,2630,2710,7/25/2026,,Classroom,Small Stars 3.0,Sat,,
Sidoarjo,HF 4.0 Book 2B1-2630/2B2-2639 (End 2647),Activated,HFV42B-2-160-A-210726-03-S4MS955,6,7/21/2026,2630,2647,7/21/2026,,Classroom,High Flyers 4.0,Tue Thu,,
Sidoarjo,HF 4.0 Book 2A1-2630/2A2-2639,Activated,HFV42A-2-160-A-210726-02-S24MS5,9,7/21/2026,2630,2647,7/21/2026,,Classroom,High Flyers 4.0,Tue Thu,,
Sidoarjo,TB Book 5A-2631/5B-2645,Pending,TBV35-1-120-P-010826-56-S32MS565,13,8/1/2026,2631,2703,8/1/2026,,Classroom,Trailblazers 3.0,Sat,,
Sidoarjo,SS BOOK 4A-2631/4B-2647,Pending,SSV34-2-120-P-290726-165-S54MS374,11,7/29/2026,2631,2709,7/29/2026,,Classroom,Small Stars 3.0,Wed Fri,,
Sidoarjo,SS Book 4A-2631/4B-2646 FULL,Pending,SSV34-2-120-P-010826-167-S59MS330,5,8/1/2026,2631,2709,8/1/2026,,Classroom,Small Stars 3.0,Sat,,
Sidoarjo,HF Book 2B1 2631/ 2B2 2640,Activated,HFV42B-2-160-A-290726-01-S5MS220,1,7/29/2026,2631,2647,7/29/2026,,Classroom,High Flyers 4.0,Wed Fri,,
Sidoarjo,HF Book 2B1 2631/ 2B2 2640,Activated,HFV42B-2-160-A-290726-02-S49MS491,1,7/29/2026,2631,2648,7/29/2026,,Classroom,High Flyers 4.0,Wed Fri,,
Sidoarjo,HF Book 1B1-2631/1B2-2640,Pending,HFV41B-2-160-P-280726-04-S42MS415,8,7/28/2026,2631,2648,7/28/2026,,Classroom,High Flyers 4.0,Tue Thu,,
Sidoarjo,HF 4.0 BOOK 2A-1(2630)/2A-2(2641),Activated,HFV42A-1-120-A-250726-02-S9MS601,11,7/25/2026,2631,2654,7/25/2026,,Classroom,High Flyers 4.0,Sat,,
Sidoarjo,HF 4.0 Book 1A1-2631/1A2-2639,Pending,HFV41A-2-160-P-290726-06-S28MS297,10,7/29/2026,2631,2648,7/29/2026,,Classroom,High Flyers 4.0,Wed Fri,,
Sidoarjo,FR Book 15A-2631/15B-2643,Pending,FRV115-1-120-P-010826-02-S9MS201,6,8/1/2026,2631,2703,8/1/2026,,Classroom,Frontrunner 2.0,Sat,,
Sidoarjo,FR Book 15A 2631/ 15B 2639,Activated,FRV115-2-160-A-280726-18-S35MS248,3,7/28/2026,2631,2648,7/28/2026,,Classroom,Frontrunner 2.0,Tue Thu,,
Sidoarjo,TOEFL Prep. (Min.FR 5+) - 2632,Created,TOV1TFL-2-160-C-040826-01-S37MS725,0,8/4/2026,2632,2703,8/4/2026,,Classroom,Frontrunner 2.0,,,
Sidoarjo,TB Book 1A-2632/1B-2642 FULL (End 2650) BAGUS,Pending,TBV31-2-160-P-040826-77-S29MS587,8,8/4/2026,2632,2650,8/4/2026,,Classroom,Small Stars 3.0,,,
Sidoarjo,HF Book H1 2632/ H2 2644,Created,HFV2H-1-120-C-080826-21-S25MS339,7,8/8/2026,2632,2703,8/8/2026,,Classroom,Small Stars 3.0,,,
Sidoarjo,FR Book 8A-2632/8B-2644,Pending,FRV28-1-120-P-080826-08-S5MS461,9,8/8/2026,2632,2704,8/8/2026,,Classroom,Small Stars 3.0,,,
Sidoarjo,FR Book 11A-2632 / 11B-2641,Pending,FRV211-2-160-P-050826-10-S45MS681,7,8/5/2026,2632,2649,8/5/2026,,Classroom,Small Stars 3.0,,,
Sidoarjo,BNC FR Book 2 2632,Created,FRV22-2-160-C-280726-07-S11MS650,3,7/28/2026,2632,,7/28/2026,,Classroom,Frontrunner 2.0,,,
Sidoarjo,TB Book 6A-2633/6B-2642,Pending,TBV36-2-160-P-120826-114-S35MS791,14,8/12/2026,2633,2650,8/12/2026,,Classroom,Frontrunner 2.0,,,
Sidoarjo,TB Book 2A-2633/2B-2642,Pending,TBV32-2-160-P-110826-96-S42MS730,5,8/11/2026,2633,2650,8/11/2026,,Classroom,Trailblazers 3.0,,,
Sidoarjo,HF Book J1-2633/J2-2642,Pending,HFV2J-2-160-P-110826-91-S2MS240,9,8/11/2026,2633,2650,8/11/2026,,Classroom,High Flyers 2.0,,,
Sidoarjo,HF Book F1-2633/F2-2645,Pending,HFV2F-1-120-P-150826-36-S15MS78,10,8/15/2026,2633,2705,8/15/2026,,Classroom,High Flyers 2.0,,,
Sidoarjo,FR Book 9A-2633/9B-2645,Pending,FRV29-1-120-P-150826-06-S59MS797,1,8/15/2026,2633,2705,8/15/2026,,Classroom,Frontrunner 2.0,,,
Sidoarjo,FR Book 9A-2633 / 9B-2645 (End 2705),Pending,FRV29-1-120-P-150826-07-S36MS609,6,8/15/2026,2633,2705,8/15/2026,,Classroom,Frontrunner 2.0,,,
Sidoarjo,FR Book 12A-2633/12B-2645,Pending,FRV212-1-120-P-150826-03-S40MS870,4,8/15/2026,2633,2705,8/15/2026,,Classroom,Frontrunner 2.0,,,
Sidoarjo,FR Book 10A-2633/10B-2645,Pending,FRV210-1-120-P-150826-04-S44MS498,9,8/15/2026,2633,2705,8/15/2026,,Classroom,Frontrunner 2.0,,,
Sidoarjo,FR Book 10A-2633/10B-2645,Pending,FRV210-1-120-P-150826-03-S0MS407,8,8/15/2026,2633,2705,8/15/2026,,Classroom,Frontrunner 2.0,,,
Sidoarjo,BNC TB Book 1 3633,Created,TBV31-2-160-C-090926-78-S29MS171,2,9/9/2026,2633,2705,9/9/2026,,Classroom,Trailblazers 3.0,,,
Sidoarjo,BNC HF 1A 2633,Created,HFV41A-2-160-C-120826-05-S48MS299,5,8/12/2026,2633,2705,8/12/2026,,Classroom,High Flyers 4.0,,,
Sidoarjo,TB Book 7A-2634/6B-2642,Created,TBV37-2-160-C-180826-96-S17MS375,7,8/18/2026,2634,2651,8/18/2026,,Classroom,Trailblazers 3.0,,,
Sidoarjo,TB Book 3A 2634 2B 2646,Created,TBV33-1-120-C-220826-47-S46MS765,13,8/22/2026,2634,2706,8/22/2026,,Classroom,Trailblazers 3.0,,,
Sidoarjo,TB Book 2A-2634/2B-2643,Pending,TBV32-2-160-P-190826-97-S21MS562,1,8/19/2026,2634,2651,8/19/2026,,Classroom,Trailblazers 3.0,,,
Sidoarjo,FR Book 8A-2634/8B-2646,Created,FRV28-1-120-C-220826-06-S38MS698,9,8/22/2026,2634,2704,8/22/2026,,Classroom,Frontrunner 2.0,,,
Sidoarjo,FR Book 11A-2634/11B-2643,Pending,FRV211-2-160-P-180826-11-S2MS667,5,8/18/2026,2634,2651,8/18/2026,,Classroom,Frontrunner 2.0,,,
Sidoarjo,FR Book 9A-2635/9B-2644,Pending,FRV29-2-160-P-260826-17-S50MS928,4,8/26/2026,2635,2652,8/26/2026,,Classroom,Frontrunner 2.0,,,
Sidoarjo,BNC SS Book 1 Weekend 2635,Created,SSV31-1-60-C-050926-07-S21MS865,1,9/5/2026,2635,2652,9/5/2026,,Classroom,Small Stars 3.0,,,
Sidoarjo,BNC SS Book 4 2636,Created,SSV34-2-120-C-250826-168-S22MS827,3,8/25/2026,2636,2701,8/25/2026,,Classroom,Small Stars 3.0,,,
Sidoarjo,BNC SS Book 2 2636,Created,SSV32-2-120-C-140926-116-S23MS627,0,9/14/2026,2636,2701,9/14/2026,,Classroom,Small Stars 3.0,,,
Sidoarjo,BNC SS book 1 2636,Created,SSV31-2-120-C-120826-67-S21MS328,6,8/12/2026,2636,2701,8/12/2026,,Classroom,Small Stars 3.0,,,
Sidoarjo,TB Book 3A 2637 - 3B 2646,Created,TBV33-2-160-C-090926-150-S36MS317,0,9/9/2026,2637,2703,9/9/2026,,Classroom,Trailblazers 3.0,,,
Sidoarjo,HF Book 3A-2637/3B-2646,Pending,HFV43A-2-160-P-090926-02-S25MS771,0,9/9/2026,2637,2654,9/9/2026,,Classroom,High Flyers 4.0,,,
Sidoarjo,HF Book 3A-2637/3B-2646,Pending,HFV43A-2-160-P-090926-03-S42MS443,1,9/9/2026,2637,2654,9/9/2026,,Classroom,High Flyers 4.0,,,
Sidoarjo,HF 4.0 Book 1B1-2638/1B2-2647,Created,,8,9/15/2026,2638,2703,9/15/2026,,Classroom,High Flyers 4.0,,,
Sidoarjo,HF 4.0 Book 2A1-2639/2A2-2648,Pending,,11,9/22/2026,2639,2704,9/22/2026,,Classroom,High Flyers 4.0,,,
Sidoarjo,TB Book 8A-2640/8B-2649,Pending,,4,9/30/2026,2640,2705,9/30/2026,,Classroom,Trailblazers 3.0,,,
Sidoarjo,TB Book 5A-2640/5B-2649,Pending,,10,9/29/2026,2640,2705,9/29/2026,,Classroom,Trailblazers 3.0,,,
Sidoarjo,SS Book 2A 2640 2B 2705,Pending,,8,9/30/2026,2640,2715,9/30/2026,,Classroom,Small Stars 3.0,,,
Sidoarjo,HF 4.0 Book 3A1-2640/3A2-2649,Pending,,0,9/30/2026,2640,2705,9/30/2026,,Classroom,High Flyers 4.0,,,
Sidoarjo,HF Foundation 2642 - 2703,Pending,,0,########,2642,2714,########,,Classroom,High Flyers 4.0,,,
Sidoarjo,TOEFL 2626,Created,,2,7/7/2026,2633,2705,7/7/2026,,Classroom,,,,
Sidoarjo,HF Book F1 2637/F2 2645,Pending,,10,9/8/2026,2637,2703,9/8/2026,,Classroom,,,,
Malang 1 Ijen,FR 9 2.0 2632-2643//2644-2704 (SAT),Pending,FRV29-1-120-P-080826-03-S38MS397,9,8-Aug-26,2632,2704,8-Aug-26,23-Jan-27,Classroom,Frontrunner 2.0,Sat,13:45,
Malang 1 Ijen,FR 10 2.0 2632-2640//2641-2649 (TT) split,Pending,FRV210-2-160-P-040826-19-S48MS320,8,4-Aug-26,2632,2649,4-Aug-26,8-Dec-26,Classroom,Frontrunner 2.0,Tue Thu,16:30,
Malang 1 Ijen,HF 4.0 1B 2632-2640//2641-2649 (TT),Pending,HFV41B-2-160-P-040826-08-S14MS567,8,4-Aug-26,2632,2649,4-Aug-26,8-Dec-26,Classroom,High Flyers 4.0,Tue Thu,15:00,
Malang 1 Ijen,SS 3 A 2632-2647// B 2648-2712 (TT),Pending,SSV33-2-120-P-040826-119-S37MS205,9,4-Aug-26,2632,2712,4-Aug-26,18-Mar-27,Classroom,Small Stars 3.0,Tue Thu,13:30,
Malang 1 Ijen,FR 10 2.0 2632-2640//2641-2649 (TT),Pending,FRV210-2-160-P-040826-20-S41MS203,9,4-Aug-26,2632,2649,4-Aug-26,8-Dec-26,Classroom,Frontrunner 2.0,Tue Thu,18:10,
Malang 1 Ijen,TB 2 2632-2643//2644-2704 (SAT),Pending,TBV32-1-120-P-080826-41-S33MS405,12,8-Aug-26,2632,2704,8-Aug-26,23-Jan-27,Classroom,Trailblazers 3.0,Sat,13:45,
Malang 1 Ijen,FR 10 2.0 2632-2640//2641-2649 (TT),Pending,FRV210-2-160-P-040826-21-S34MS496,9,4-Aug-26,2632,2649,4-Aug-26,8-Dec-26,Classroom,Frontrunner 2.0,Tue Thu,16:30,
Malang 1 Ijen,HF 4.0 1B 2632-2643//2644-2704 (SAT),Pending,HFV41B-1-120-P-080826-02-S22MS966,9,8-Aug-26,2632,2704,8-Aug-26,23-Jan-27,Classroom,High Flyers 4.0,Sat,9:00,
Malang 1 Ijen,HF 4.0 3A 2633-2641//2642-2650 (MF),Pending,HFV43A-2-160-P-100826-01-S30MS343,6,10-Aug-26,2633,2650,10-Aug-26,14-Dec-26,Classroom,High Flyers 4.0,Mon Fri,15:00,
Malang 1 Ijen,FR 14 2633-2641//2642-2650 (WF),Pending,FRV114-2-160-P-190826-22-S59MS590,7,19-Aug-26,2633,2650,19-Aug-26,23-Dec-26,Classroom,Frontrunner 1.0,Wed Fri,18:10,
Malang 1 Ijen,HF 4.0 1A 2633-2641//2642-2650 (TT),Pending,HFV41A-2-160-P-110826-04-S49MS744,0,11-Aug-26,2633,2650,11-Aug-26,15-Dec-26,Classroom,High Flyers 4.0,Tue Thu,16:30,
Malang 1 Ijen,HF 4.0 Foundation 2633-2644//2645-2705 (TT),Pending,HFV4Foundation-2-120-P-110826-03-S12MS582,10,11-Aug-26,2633,2705,11-Aug-26,28-Jan-27,Classroom,High Flyers 4.0,Tue Thu,15:00,
Malang 1 Ijen,FR 9 2.0 2633-2644//2645-2705 (SAT),Pending,FRV29-1-120-P-150826-04-S10MS393,8,15-Aug-26,2633,2705,15-Aug-26,30-Jan-27,Classroom,Frontrunner 2.0,Sat,9:00,
Malang 1 Ijen,HF I 2633-2641//2642-2650 (TT),Pending,HFV2I-2-160-P-110826-100-S41MS502,5,11-Aug-26,2633,2650,11-Aug-26,15-Dec-26,Classroom,High Flyers 2.0,Tue Thu,15:00,
Malang 1 Ijen,HF 4.0 3A 2633-2644//2645-2705 (SAT),Pending,HFV43A-1-120-P-150826-01-S4MS15,11,15-Aug-26,2633,2705,15-Aug-26,30-Jan-27,Classroom,High Flyers 4.0,Sat,9:00,
Malang 1 Ijen,HF 4.0 1B 2633-2641//2642-2650 (TT),Pending,HFV41B-2-160-P-180826-10-S23MS80,6,18-Aug-26,2633,2650,18-Aug-26,22-Dec-26,Classroom,High Flyers 4.0,Tue Thu,18:10,
Malang 1 Ijen,TB 5 2634-2642//2643-2651 (TT),Pending,TBV35-2-160-P-180826-128-S28MS52,7,19-Aug-26,2634,2651,18-Aug-26,22-Dec-26,Classroom,Trailblazers 3.0,Tue Thu,16:30,
Malang 1 Ijen,FR 7 2.0 2634-2642//2643-2651 (WF),Pending,FRV27-2-160-P-190826-22-S49MS749,12,22-Aug-26,2634,2651,19-Aug-26,23-Dec-26,Classroom,Frontrunner 2.0,Wed Fri,18:10,
Malang 1 Ijen,HF H 2634-2645//2646-2706 (SAT),Pending,HFV2I-1-120-P-220826-11-S1MS628,6,19-Aug-26,2634,2706,22-Aug-26,6-Feb-27,Classroom,High Flyers 2.0,Sat,9:00,
Malang 1 Ijen,TB 5 2634-2642//2643-2651 (WF),Pending,TBV35-2-160-P-190826-129-S30MS643,11,18-Aug-26,2634,2651,19-Aug-26,23-Dec-26,Classroom,Trailblazers 3.0,Wed Fri,15:00,
Malang 1 Ijen,HF 4.0 1B 2634-2642//2643-2651 (TT),Pending,HFV41B-2-160-P-180826-09-S49MS524,10,18-Aug-26,2634,2651,18-Aug-26,22-Dec-26,Classroom,High Flyers 4.0,Tue Thu,16:30,
Malang 1 Ijen,HF 4.0 Foundation 2634-2645//2646-2706 (WF),Pending,HFV4Foundation-2-120-P-190826-02-S54MS956,8,19-Aug-26,2634,2706,19-Aug-26,5-Feb-27,Classroom,High Flyers 4.0,Wed Fri,16:30,
Malang 1 Ijen,HF 4.0 1A 2632-2643//2644-2704 (SAT),Pending,HFV41A-1-120-P-080826-01-S43MS180,9,8-Aug-26,2632,2704,8-Aug-26,23-Jan-27,Classroom,High Flyers 4.0,Sat,13:15,
Malang 1 Ijen,HF 4.0 1A 2632-2640//2641-2649 (TT),Pending,HFV41A-2-160-P-040826-05-S6MS548,4,4-Aug-26,2632,2649,4-Aug-26,8-Dec-26,Classroom,High Flyers 4.0,Tue Thu,15:00,
Malang 1 Ijen,TB 1 2632-2640//2641-2649 (WF),Pending,TBV31-2-160-P-050826-65-S33MS327,10,5-Aug-26,2632,2649,5-Aug-26,9-Dec-26,Classroom,Trailblazers 3.0,Wed Fri,18:10,
Sby Galaxy Mall,HF FOUNDATION WF 15:00 2639 - 2709 (PTM 2650),Pending,HFV4Foundation-2-120-P-230926-01-S29MS722,0,23-Sep-26,2639,2709,23-Sep-26,13-Mar-27,Classroom,High Flyers 4.0,Wed Fri,15:00,
Sby Galaxy Mall,HF FOUNDATION TTH 15:00 2639 - 2709 (PTM 2650),Pending,HFV4Foundation-2-120-C-220926-02-S23MS435,8,22-Sep-26,2639,2709,22-Sep-26,12-Mar-27,Classroom,High Flyers 4.0,Tue Thu,15:00,
Madiun,SS 4 BRAND NEW CLASS ( 2633 ),,,,12/08/2026,2633,,12/08/2026,,Classroom,Small Stars 3.0,Wed Fri,15:00,
Madiun,HF Foundation Brand New Class ( 2635 ),,,,24/08/2026,2635,,24/08/2026,,Classroom,High Flyers 4.0,Mon,16:30,
Madiun,TB 1 Brand New Class ( 2634 ),,,,18/08/2026,2634,,18/08/2026,,Classroom,Trailblazers 3.0,Tue Thu,18:10,
Madiun,TB 1 Brand New Class ( 2637 ),,,,07/09/2026,2637,,07/09/2026,,Classroom,Trailblazers 3.0,Mon,16:30,
Madiun,FR 1 Brand New Class ( 2638 ),,,,15/09/2026,2638,,15/09/2026,,Classroom,Frontrunner 2.0,Tue Thu,19:40,
Madiun,FR 2/3 Brand New Class ( 2637 ),,,,08/09/2026,2637,,08/09/2026,,Classroom,Frontrunner 2.0,Tue Thu,19:40,